product_handle,name,email,rating,customer_image,review_title,review_body,reply,date(yyyy-mm-dd),review_image1,review_image2,review_image3,review_image4,review_image5,review_type
2023-us-flag-forever-stamps-roll,"Justin Julia",default@thimatic.com,5,https://thimatic-apps.com/product_review/uploads/customer_img_111027_1730785105_6729af51a67ff.jpg,,"Beautiful stamps! Great detail and vibrant colors.",,"2024/05/12 12:00:00",,,,,,CSV
2023-us-flag-forever-stamps-roll,"Justin Julia",default@thimatic.com,5,https://thimatic-apps.com/product_review/uploads/customer_img_111027_1730785147_6729af7b32ec1.jpg,,"Beautiful stamps! Great detail and vibrant colors.",,"2024/05/12 12:00:00",,,,,,CSV
2023-us-flag-forever-stamps-roll,StampLover92,default@thimatic.com,5,,,Stunning!,,"2022/06/27 12:00:00",,,,,,CSV
2023-us-flag-forever-stamps-roll,CollectorsDream,default@thimatic.com,5,,,"Absolutely beautiful and collectible.",,"2023/11/08 12:00:00",,,,,,CSV
2023-us-flag-forever-stamps-roll,PhilatelyFan,default@thimatic.com,5,,,"Incredible details and vibrant colors.",,"2023/09/24 12:00:00",,,,,,CSV
2023-us-flag-forever-stamps-roll,ArtsyCollector,default@thimatic.com,5,,,"Exquisite design, love the craftsmanship!",,"2023/02/15 12:00:00",,,,,,CSV
2023-us-flag-forever-stamps-roll,RareFind,default@thimatic.com,5,,,"Very unique.",,"2022/03/11 12:00:00",,,,,,CSV
2023-us-flag-forever-stamps-roll,MiniArtFan,default@thimatic.com,5,,,"Amazing artwork; it's like mini paintings.",,"2023/07/30 12:00:00",,,,,,CSV
2023-us-flag-forever-stamps-roll,VintageStampLover,default@thimatic.com,5,,,Beautiful!,,"2022/12/20 12:00:00",,,,,,CSV
2023-us-flag-forever-stamps-roll,philatelic_dreamer,default@thimatic.com,5,,,"Perfect for any stamp lover.",,"2023/05/12 12:00:00",,,,,,CSV
2023-us-flag-forever-stamps-roll,StampManiac,default@thimatic.com,5,,,"Great quality, really impressed!",,"2022/05/09 12:00:00",,,,,,CSV
2023-us-flag-forever-stamps-roll,ArtInStamps,default@thimatic.com,5,,,"Every piece is a masterpiece.",,"2023/01/07 12:00:00",,,,,,CSV
2019-us-flag-forever-stamps-booklet,mini_stampfan,default@thimatic.com,5,,,"Full of historical value, very meaningful.",,"2024/10/25 12:00:00",,,,,,CSV
2019-us-flag-forever-stamps-booklet,DetailObsessed,default@thimatic.com,5,,,"Excellent color and precision in design.",,"2024/10/12 12:00:00",,,,,,CSV
2019-us-flag-forever-stamps-booklet,ClassicCollector,default@thimatic.com,5,,,"Gorgeous stamps, really add character to my collection.",,"2024/09/08 12:00:00",,,,,,CSV
2019-us-flag-forever-stamps-booklet,JustForFun,default@thimatic.com,5,,,Nice.,,"2024/08/23 12:00:00",,,,,,CSV
2019-us-flag-forever-stamps-booklet,StampGuru,default@thimatic.com,5,,,"Fantastic quality and aesthetic appeal!",,"2024/07/15 12:00:00",,,,,,CSV
2019-us-flag-forever-stamps-booklet,PhilatelicEnthusiast,default@thimatic.com,5,,,"True work of art, worth the investment.",,"2024/06/04 12:00:00",,,,,,CSV
2019-us-flag-forever-stamps-booklet,RareStampFan,default@thimatic.com,5,,,"Detailed, colorful, and truly collectible.",,"2024/05/20 12:00:00",,,,,,CSV
2019-us-flag-forever-stamps-booklet,SeriesAddict,default@thimatic.com,5,,,"Love this series!",,"2024/04/07 12:00:00",,,,,,CSV
2019-us-flag-forever-stamps-booklet,HappyCollector,default@thimatic.com,5,,,"Very pleased with the quality.",,"2023/12/30 12:00:00",,,,,,CSV
2019-us-flag-forever-stamps-booklet,AlbumLover,default@thimatic.com,5,,,"Rich designs and amazing variety; perfect for my album.",,"2023/11/14 12:00:00",,,,,,CSV
2023-us-flag-forever-stamps-roll,QuickCollector,default@thimatic.com,5,,,Perfect!,,"2024/10/06 12:00:00",,,,,,CSV
2023-us-flag-forever-stamps-roll,StampJoy,default@thimatic.com,5,,,"Beautifully detailed stamps, really a joy to look at.",,"2024/09/22 12:00:00",,,,,,CSV
2023-us-flag-forever-stamps-roll,DreamCollector,default@thimatic.com,5,,,"Exceeded my expectations! The colors, quality, and design are phenomenal. This series is exactly what a philatelist dreams of.",,"2024/08/10 12:00:00",,,,,,CSV
2023-us-flag-forever-stamps-roll,stamp.collector92,default@thimatic.com,5,,,,,"2024/07/03 12:00:00",,,,,,CSV
2023-us-flag-forever-stamps-roll,collector4life,default@thimatic.com,5,,,"Beautifully detailed stamps, really a joy to look at.",,"2024/05/28 12:00:00",,,,,,CSV
2023-us-flag-forever-stamps-roll,little.stampstories,default@thimatic.com,5,,,"Exceeded my expectations! The colors, quality, and design are phenomenal. This series is exactly what a philatelist dreams of.",,"2024/04/16 12:00:00",,,,,,CSV
2023-us-flag-forever-stamps-roll,artfanatic86,default@thimatic.com,5,,,,,"2024/03/04 12:00:00",,,,,,CSV
2017-us-flag-forever-first-class-rate-stamps,culturalenthusiast,default@thimatic.com,5,,,"Wow. Just wow.",,"2024/10/18 12:00:00",,,,,,CSV
2017-us-flag-forever-first-class-rate-stamps,HobbyHunter,default@thimatic.com,5,,,,,"2024/10/03 12:00:00",,,,,,CSV
2017-us-flag-forever-first-class-rate-stamps,honestHarry,default@thimatic.com,5,,,,,"2024/09/15 12:00:00",,,,,,CSV
2017-us-flag-forever-first-class-rate-stamps,truePhilatelist,default@thimatic.com,5,,,"Not bad.",,"2024/08/27 12:00:00",,,,,,CSV
2017-us-flag-forever-first-class-rate-stamps,RowanTree,default@thimatic.com,5,,,,,"2024/07/19 12:00:00",,,,,,CSV
2017-us-flag-forever-first-class-rate-stamps,historyhero,default@thimatic.com,5,,,Awesome.,,"2024/06/11 12:00:00",,,,,,CSV
2017-us-flag-forever-first-class-rate-stamps,proudcollector,default@thimatic.com,5,,,,,"2024/05/05 12:00:00",,,,,,CSV
2017-us-flag-forever-first-class-rate-stamps,stampfan,default@thimatic.com,5,,,"Amazing quality!",,"2024/03/28 12:00:00",,,,,,CSV
2017-us-flag-forever-first-class-rate-stamps,happybuyer,default@thimatic.com,5,,,"These stamps are stunning! I love the designs.",,"2024/02/14 12:00:00",,,,,,CSV
2017-us-flag-forever-first-class-rate-stamps,collectorchris,default@thimatic.com,5,,,"Fantastic addition to my collection, highly recommend!",,"2023/11/29 12:00:00",,,,,,CSV
booklet-2018-us-flag-forever-first-class-postage-stamps,artlover,default@thimatic.com,5,,,"The details are exquisite. Each stamp is a masterpiece!",,"2023/08/16 12:00:00",,,,,,CSV
booklet-2018-us-flag-forever-first-class-postage-stamps,colorcrazy,default@thimatic.com,5,,,"Such vibrant colors! They really stand out.",,"2022/04/09 12:00:00",,,,,,CSV
booklet-2018-us-flag-forever-first-class-postage-stamps,stampenthusiast,default@thimatic.com,5,,,"Incredible! A must-have for any serious collector.",,"2024/10/22 12:00:00",,,,,,CSV
booklet-2018-us-flag-forever-first-class-postage-stamps,vintagefan,default@thimatic.com,5,,,"Perfect for my historical collection. Great find!",,"2024/10/09 12:00:00",,,,,,CSV
booklet-2018-us-flag-forever-first-class-postage-stamps,HereSheIs,default@thimatic.com,5,,,"These stamps bring back so many memories!",,"2024/09/25 12:00:00",,,,,,CSV
booklet-2018-us-flag-forever-first-class-postage-stamps,satisfiedbuyer,default@thimatic.com,5,,,,,"2024/08/17 12:00:00",,,,,,CSV
booklet-2018-us-flag-forever-first-class-postage-stamps,stampgeek,default@thimatic.com,5,,,"Nice designs!",,"2024/07/10 12:00:00",,,,,,CSV
booklet-2018-us-flag-forever-first-class-postage-stamps,keenobserver,default@thimatic.com,5,,,"Very happy with this purchase. Highly detailed!",,"2024/06/02 12:00:00",,,,,,CSV
booklet-2018-us-flag-forever-first-class-postage-stamps,creativecollector,default@thimatic.com,5,,,"Impressive artwork. Each one tells a story.",,"2024/04/24 12:00:00",,,,,,CSV
booklet-2018-us-flag-forever-first-class-postage-stamps,stamplover92,default@thimatic.com,5,,,,,"2024/03/13 12:00:00",,,,,,CSV
booklet-2018-us-flag-forever-first-class-postage-stamps,cheerfulGiver,default@thimatic.com,5,,,"Great for sharing with friends.",,"2023/12/28 12:00:00",,,,,,CSV
booklet-2018-us-flag-forever-first-class-postage-stamps,SableCat,default@thimatic.com,5,,,"These stamps are absolutely stunning!",,"2023/11/15 12:00:00",,,,,,CSV
booklet-2018-us-flag-forever-first-class-postage-stamps,Talonxxx,default@thimatic.com,5,,,"I love the intricate designs and details.",,"2023/05/07 12:00:00",,,,,,CSV
booklet-2018-us-flag-forever-first-class-postage-stamps,Mistakemaker,default@thimatic.com,5,,,"Perfect addition to my collection!",,"2022/11/24 12:00:00",,,,,,CSV
booklet-2018-us-flag-forever-first-class-postage-stamps,MrWhiskers,default@thimatic.com,5,,,"The quality exceeded my expectations.",,"2023/11/15 12:00:00",,,,,,CSV
booklet-2018-us-flag-forever-first-class-postage-stamps,Tylller,default@thimatic.com,5,,,"Such beautiful colors! They really pop.",,"2023/05/07 12:00:00",,,,,,CSV
booklet-2018-us-flag-forever-first-class-postage-stamps,WoollyMama,default@thimatic.com,5,,,,,"2022/02/23 12:00:00",,,,,,CSV
booklet-2018-us-flag-forever-first-class-postage-stamps,Gemfinder,default@thimatic.com,5,,,"These stamps remind me of my childhood.",,"2024/03/12 12:00:00",,,,,,CSV
2013-us-flag-for-all-seasons-first-class-forever-stamp-1,Babyjane,default@thimatic.com,5,,,"Fantastic craftsmanship, I'm really impressed.",,"2024/10/26 12:00:00",,,,,,CSV
2013-us-flag-for-all-seasons-first-class-forever-stamp-1,Boxxsmash,default@thimatic.com,5,,,"These stamps are absolutely stunning!",,"2024/10/20 12:00:00",,,,,,CSV
2013-us-flag-for-all-seasons-first-class-forever-stamp-1,SpillAge,default@thimatic.com,5,,,"I love the intricate designs and details.",,"2024/10/15 12:00:00",,,,,,CSV
2013-us-flag-for-all-seasons-first-class-forever-stamp-1,GracefulDove,default@thimatic.com,5,,,"Perfect addition to my collection!",,"2024/10/10 12:00:00",,,,,,CSV
2013-us-flag-for-all-seasons-first-class-forever-stamp-1,HuckaDuck,default@thimatic.com,5,,,"The quality exceeded my expectations.",,"2024/10/05 12:00:00",,,,,,CSV
2013-us-flag-for-all-seasons-first-class-forever-stamp-1,Raspin,default@thimatic.com,5,,,"Such beautiful colors! They really pop.",,"2024/09/30 12:00:00",,,,,,CSV
2013-us-flag-for-all-seasons-first-class-forever-stamp-1,WillHunting,default@thimatic.com,5,,,,,"2024/09/24 12:00:00",,,,,,CSV
2013-us-flag-for-all-seasons-first-class-forever-stamp-1,Skulldugger,default@thimatic.com,5,,,"These stamps remind me of my childhood.",,"2024/09/18 12:00:00",,,,,,CSV
2013-us-flag-for-all-seasons-first-class-forever-stamp-1,Anthea,default@thimatic.com,5,,,"Fantastic craftsmanship, I'm really impressed.",,"2024/09/12 12:00:00",,,,,,CSV
2013-us-flag-for-all-seasons-first-class-forever-stamp-1,Dexter,default@thimatic.com,5,,,"A must-have for any stamp collector!",,"2024/08/28 12:00:00",,,,,,CSV
2013-us-flag-for-all-seasons-first-class-forever-stamp-1,Fenton,default@thimatic.com,5,,,"Great variety in this set!",,"2024/08/22 12:00:00",,,,,,CSV
2013-us-flag-for-all-seasons-first-class-forever-stamp-1,Talia,default@thimatic.com,5,,,"The artwork on these stamps is exceptional.",,"2024/08/15 12:00:00",,,,,,CSV
2013-us-flag-for-all-seasons-first-class-forever-stamp-1,Commander,default@thimatic.com,5,,,"I'm so happy with my purchase!",,"2024/08/08 12:00:00",,,,,,CSV
2013-us-flag-for-all-seasons-first-class-forever-stamp-1,Mavis,default@thimatic.com,5,,,"These stamps are true pieces of art.",,"2024/07/31 12:00:00",,,,,,CSV
2013-us-flag-for-all-seasons-first-class-forever-stamp-1,Small,default@thimatic.com,5,,,"Well packaged and in perfect condition.",,"2024/07/24 12:00:00",,,,,,CSV
2013-us-flag-for-all-seasons-first-class-forever-stamp-1,Godly,default@thimatic.com,5,,,"I can't stop admiring the details!",,"2024/07/17 12:00:00",,,,,,CSV
2013-us-flag-for-all-seasons-first-class-forever-stamp-1,Youthful,default@thimatic.com,5,,,"Great gift for any philately enthusiast.",,"2024/07/10 12:00:00",,,,,,CSV
2013-us-flag-for-all-seasons-first-class-forever-stamp-1,Compassionate,default@thimatic.com,5,,,"The colors are vibrant and eye-catching.",,"2024/06/26 12:00:00",,,,,,CSV
2013-us-flag-for-all-seasons-first-class-forever-stamp-1,Stranger,default@thimatic.com,5,,,"Highly recommend these to everyone!",,"2024/06/19 12:00:00",,,,,,CSV
2013-us-flag-for-all-seasons-first-class-forever-stamp-1,Peggy,default@thimatic.com,5,,,"These stamps have a nostalgic feel to them.",,"2024/06/12 12:00:00",,,,,,CSV
2013-us-flag-for-all-seasons-first-class-forever-stamp-1,Flower-Like,default@thimatic.com,5,,,"Absolutely worth the price!",,"2024/05/29 12:00:00",,,,,,CSV
2013-us-flag-for-all-seasons-first-class-forever-stamp-1,Lighthearted,default@thimatic.com,5,,,"I love how unique each stamp is.",,"2024/05/21 12:00:00",,,,,,CSV
panes-us-flags-2022-forever-stamps,Healthy,default@thimatic.com,5,,,"These will make a great addition to my album.",,"2024/05/14 12:00:00",,,,,,CSV
panes-us-flags-2022-forever-stamps,Sebastian,default@thimatic.com,5,,,"Such a delightful find!",,"2024/10/25 12:00:00",,,,,,CSV
panes-us-flags-2022-forever-stamps,Wonderful,default@thimatic.com,5,,,"The designs are so creative and fun.",,"2024/10/20 12:00:00",,,,,,CSV
panes-us-flags-2022-forever-stamps,Meadow,default@thimatic.com,5,,,"Really pleased with the quality and detail.",,"2024/10/12 12:00:00",,,,,,CSV
panes-us-flags-2022-forever-stamps,Dominique,default@thimatic.com,5,,,"A fantastic way to celebrate history!",,"2024/09/28 12:00:00",,,,,,CSV
panes-us-flags-2022-forever-stamps,Naomi,default@thimatic.com,5,,,,,"2024/09/15 12:00:00",,,,,,CSV
panes-us-flags-2022-forever-stamps,Matthew,default@thimatic.com,5,,,"These stamps tell a beautiful story.",,"2024/08/30 12:00:00",,,,,,CSV
panes-us-flags-2022-forever-stamps,Maia,default@thimatic.com,5,,,"Perfect for mailing holiday cards!",,"2024/08/18 12:00:00",,,,,,CSV
panes-us-flags-2022-forever-stamps,John,default@thimatic.com,5,,,"Great for kids and adults alike!",,"2024/07/25 12:00:00",,,,,,CSV
panes-us-flags-2022-forever-stamps,Quenna,default@thimatic.com,4,,,"The shipping was super fast!",,"2024/06/22 12:00:00",,,,,,CSV
panes-us-flags-2022-forever-stamps,Kingly,default@thimatic.com,5,,,"Very impressed with the overall presentation.",,"2024/05/16 12:00:00",,,,,,CSV
panes-us-flags-2022-forever-stamps,Harris,default@thimatic.com,5,,,"These stamps are a conversation starter!",,"2024/04/09 12:00:00",,,,,,CSV
panes-us-flags-2022-forever-stamps,Fair-Haired,default@thimatic.com,5,,,"I love collecting unique stamps like these.",,"2023/12/27 12:00:00",,,,,,CSV
booklet-2022-us-flags-forever-stamps,Rosemary,default@thimatic.com,5,,,"They add so much character to my letters.",,"2024/10/27 12:00:00",,,,,,CSV
booklet-2022-us-flags-forever-stamps,Leroy,default@thimatic.com,5,,,"Absolutely gorgeous designs!",,"2024/10/21 12:00:00",,,,,,CSV
booklet-2022-us-flags-forever-stamps,Genevieve,default@thimatic.com,5,,,"These stamps are perfect for crafting.",,"2024/10/14 12:00:00",,,,,,CSV
booklet-2022-us-flags-forever-stamps,Monroe,default@thimatic.com,5,,,"So much detail packed into each one!",,"2024/09/26 12:00:00",,,,,,CSV
booklet-2022-us-flags-forever-stamps,Noble,default@thimatic.com,5,,,,,"2024/08/19 12:00:00",,,,,,CSV
booklet-2022-us-flags-forever-stamps,Flower,default@thimatic.com,5,,,"They arrived just in time for my project!",,"2024/07/12 12:00:00",,,,,,CSV
booklet-2022-us-flags-forever-stamps,Sabrina,default@thimatic.com,5,,,"These are a great value for the quality.",,"2024/06/04 12:00:00",,,,,,CSV
booklet-2022-us-flags-forever-stamps,Louise,default@thimatic.com,5,,,"I'm amazed at how lovely they look!",,"2024/04/27 12:00:00",,,,,,CSV
booklet-2022-us-flags-forever-stamps,Meris,default@thimatic.com,5,,,"Very satisfied with this purchase!",,"2024/03/19 12:00:00",,,,,,CSV
booklet-2022-us-flags-forever-stamps,Eagle-Eyed,default@thimatic.com,5,,,"Each stamp feels special and unique.",,"2024/02/11 12:00:00",,,,,,CSV
booklet-2022-us-flags-forever-stamps,Murray,default@thimatic.com,5,,,"I love the historical themes represented here.",,"2024/01/03 12:00:00",,,,,,CSV
booklet-2022-us-flags-forever-stamps,Alma,default@thimatic.com,5,,,"Beautifully done, I can't wait to use them.",,"2023/12/06 12:00:00",,,,,,CSV
booklet-2022-us-flags-forever-stamps,Magnus,default@thimatic.com,5,,,"These stamps are simply delightful!",,"2023/10/30 12:00:00",,,,,,CSV
booklet-2022-us-flags-forever-stamps,Herbert,default@thimatic.com,5,,,"Great quality and stunning visuals!",,"2023/09/22 12:00:00",,,,,,CSV
booklet-2022-us-flags-forever-stamps,Handmaiden,default@thimatic.com,5,,,"A wonderful way to express creativity.",,"2023/08/14 12:00:00",,,,,,CSV
booklet-2022-us-flags-forever-stamps,Holly,default@thimatic.com,5,,,"These are going to make my mail so much prettier!",,"2023/07/07 12:00:00",,,,,,CSV
booklet-2022-us-flags-forever-stamps,Fox,default@thimatic.com,5,,,"Incredible attention to detail!",,"2023/05/30 12:00:00",,,,,,CSV
booklet-2022-us-flags-forever-stamps,Zera,default@thimatic.com,5,,,"Perfect for my scrapbooking projects.",,"2023/04/22 12:00:00",,,,,,CSV
booklet-2022-us-flags-forever-stamps,Thresher,default@thimatic.com,5,,,"I'm in love with the artistic designs.",,"2024/10/26 12:00:00",,,,,,CSV
booklet-2022-us-flags-forever-stamps,Sidney,default@thimatic.com,5,,,"These stamps are worth every cent!",,"2024/10/20 12:00:00",,,,,,CSV
booklet-2022-us-flags-forever-stamps,Weary,default@thimatic.com,5,,,"Such a charming collection of stamps.",,"2024/10/13 12:00:00",,,,,,CSV
booklet-2022-us-flags-forever-stamps,Beverly,default@thimatic.com,5,,,"These are my new favorite stamps!",,"2024/10/07 12:00:00",,,,,,CSV
booklet-2022-us-flags-forever-stamps,Bird,default@thimatic.com,5,,,"I was pleasantly surprised by the quality.",,"2024/09/29 12:00:00",,,,,,CSV
booklet-2022-us-flags-forever-stamps,Philbert,default@thimatic.com,5,,,"The designs are imaginative and fun!",,"2024/09/22 12:00:00",,,,,,CSV
booklet-2022-us-flags-forever-stamps,Rosalie,default@thimatic.com,5,,,"Fantastic stamps for any occasion.",,"2024/08/25 12:00:00",,,,,,CSV
booklet-2022-us-flags-forever-stamps,Hal,default@thimatic.com,5,,,"These are going to impress my friends!",,"2024/08/18 12:00:00",,,,,,CSV
booklet-2022-us-flags-forever-stamps,Marcia,default@thimatic.com,5,,,"I enjoy the historical significance of each stamp.",,"2024/07/21 12:00:00",,,,,,CSV
booklet-2022-us-flags-forever-stamps,Effie,default@thimatic.com,5,,,"Great service and beautiful product!",,"2024/07/14 12:00:00",,,,,,CSV
booklet-2022-us-flags-forever-stamps,Beauty,default@thimatic.com,5,,,"These stamps have a vintage charm.",,"2024/06/27 12:00:00",,,,,,CSV
booklet-2022-us-flags-forever-stamps,Vanessa,default@thimatic.com,5,,,"So much creativity in this collection!",,"2024/06/10 12:00:00",,,,,,CSV
booklet-2022-us-flags-forever-stamps,Dragon,default@thimatic.com,5,,,"Absolutely perfect for my needs!",,"2024/05/03 12:00:00",,,,,,CSV
booklet-2022-us-flags-forever-stamps,Pleasure,default@thimatic.com,5,,,"Every stamp is a work of art.",,"2024/04/26 12:00:00",,,,,,CSV
booklet-2022-us-flags-forever-stamps,Mighty,default@thimatic.com,5,,,"These are so much fun to collect!",,"2024/03/19 12:00:00",,,,,,CSV
booklet-2022-us-flags-forever-stamps,Efrain,default@thimatic.com,5,,,"I'm thrilled with the design variety!",,"2024/02/12 12:00:00",,,,,,CSV
booklet-2022-us-flags-forever-stamps,George,default@thimatic.com,5,,,"Beautiful stamps that make a statement.",,"2024/01/05 12:00:00",,,,,,CSV
booklet-2022-us-flags-forever-stamps,Joe,default@thimatic.com,5,,,"They add a personal touch to my letters.",,"2023/12/18 12:00:00",,,,,,CSV
booklet-2022-us-flags-forever-stamps,Endurance,default@thimatic.com,5,,,,,"2023/11/24 12:00:00",,,,,,CSV
booklet-2022-us-flags-forever-stamps,Marnia,default@thimatic.com,5,,,"I appreciate the attention to detail.",,"2023/10/31 12:00:00",,,,,,CSV
booklet-2022-us-flags-forever-stamps,Winthrop,default@thimatic.com,5,,,"These stamps make me smile!",,"2023/09/27 12:00:00",,,,,,CSV
booklet-2022-us-flags-forever-stamps,Gilbert,default@thimatic.com,5,,,"I'm excited to add these to my collection.",,"2023/08/30 12:00:00",,,,,,CSV
booklet-2022-us-flags-forever-stamps,Edith,default@thimatic.com,5,,,"Great for any occasion or project!",,"2023/07/23 12:00:00",,,,,,CSV
booklet-2022-us-flags-forever-stamps,Thomasina,default@thimatic.com,5,,,"These stamps are a true treasure!",,"2023/06/16 12:00:00",,,,,,CSV
booklet-2022-us-flags-forever-stamps,Myrrh,default@thimatic.com,5,,,"I'm impressed with the quality craftsmanship.",,"2022/11/28 12:00:00",,,,,,CSV
2024-u-s-flags-forever-stamps-coil-of-100,Farrell,default@thimatic.com,5,,,"The colors are even better in person!",,"2024/10/23 12:00:00",,,,,,CSV
2024-u-s-flags-forever-stamps-coil-of-100,Hilda,default@thimatic.com,5,,,"These are a fantastic find!",,"2024/10/15 12:00:00",,,,,,CSV
2024-u-s-flags-forever-stamps-coil-of-100,Red,default@thimatic.com,5,,,,,"2024/09/08 12:00:00",,,,,,CSV
2024-u-s-flags-forever-stamps-coil-of-100,Keith,default@thimatic.com,5,,,"Perfectly designed for collectors.",,"2024/08/01 12:00:00",,,,,,CSV
2024-u-s-flags-forever-stamps-coil-of-100,Leslie,default@thimatic.com,5,,,"These stamps have a lot of character.",,"2024/06/24 12:00:00",,,,,,CSV
2024-u-s-flags-forever-stamps-coil-of-100,Kyle,default@thimatic.com,5,,,"A wonderful assortment of designs!",,"2024/05/17 12:00:00",,,,,,CSV
2024-u-s-flags-forever-stamps-coil-of-100,Queenie,default@thimatic.com,5,,,,,"2024/04/10 12:00:00",,,,,,CSV
2024-u-s-flags-forever-stamps-coil-of-100,Red-Haired,default@thimatic.com,5,,,"These are truly one-of-a-kind!",,"2024/03/03 12:00:00",,,,,,CSV
2024-u-s-flags-forever-stamps-coil-of-100,Guy,default@thimatic.com,5,,,"Great for creating unique cards.",,"2024/01/26 12:00:00",,,,,,CSV
2024-u-s-flags-forever-stamps-coil-of-100,Gerret,default@thimatic.com,5,,,"I love how they brighten my mail.",,"2023/12/19 12:00:00",,,,,,CSV
2024-u-s-flags-forever-stamps-coil-of-100,Flourishing,default@thimatic.com,5,,,"Stunning designs that stand out!",,"2023/11/11 12:00:00",,,,,,CSV
2024-u-s-flags-forever-stamps-coil-of-100,Zane,default@thimatic.com,5,,,"These are my go-to stamps now!",,"2023/10/04 12:00:00",,,,,,CSV
2024-u-s-flags-forever-stamps-coil-of-100,Morgan,default@thimatic.com,5,,,"A lovely touch to any letter or card!",,"2023/08/27 12:00:00",,,,,,CSV
2022-us-flag-forever-stamps-roll,Free,default@thimatic.com,5,,,"I appreciate the historical themes.",,"2024/10/22 12:00:00",,,,,,CSV
2022-us-flag-forever-stamps-roll,Agatha,default@thimatic.com,5,,,"These stamps have made my collection even better!",,"2024/10/16 12:00:00",,,,,,CSV
2022-us-flag-forever-stamps-roll,Barbara,default@thimatic.com,5,,,"Great for both mailing and collecting.",,"2024/10/09 12:00:00",,,,,,CSV
2022-us-flag-forever-stamps-roll,Britney,default@thimatic.com,5,,,,,"2024/09/25 12:00:00",,,,,,CSV
2022-us-flag-forever-stamps-roll,Unity,default@thimatic.com,5,,,"These stamps are perfect for gift wrapping!",,"2024/09/11 12:00:00",,,,,,CSV
2022-us-flag-forever-stamps-roll,Irving,default@thimatic.com,5,,,"They are as beautiful as I hoped they would be!",,"2024/08/28 12:00:00",,,,,,CSV
2022-us-flag-forever-stamps-roll,Bertina,default@thimatic.com,5,,,"A wonderful addition to my scrapbook.",,"2024/08/14 12:00:00",,,,,,CSV
2022-us-flag-forever-stamps-roll,Jack,default@thimatic.com,3,,,"I love the creativity behind each design!",,"2024/07/31 12:00:00",,,,,,CSV
2022-us-flag-forever-stamps-roll,Holly,default@thimatic.com,5,,,"These stamps are just delightful!",,"2024/07/17 12:00:00",,,,,,CSV
2022-us-flag-forever-stamps-roll,Lewis,default@thimatic.com,5,,,"Such a unique collection, I'm very pleased!",,"2024/06/29 12:00:00",,,,,,CSV
2022-us-flag-forever-stamps-roll,Elvira,default@thimatic.com,5,,,"These stamps are gorgeous!",,"2024/06/15 12:00:00",,,,,,CSV
2022-us-flag-forever-stamps-roll,Matilda,default@thimatic.com,5,,,"Love the unique designs.",,"2024/05/28 12:00:00",,,,,,CSV
2022-us-flag-forever-stamps-roll,Leah,default@thimatic.com,5,,,"Very satisfied with my order!",,"2024/05/14 12:00:00",,,,,,CSV
2022-us-flag-forever-stamps-roll,Sorrowful,default@thimatic.com,5,,,"They add a lovely touch to my letters.",,"2024/04/30 12:00:00",,,,,,CSV
2022-us-flag-forever-stamps-roll,Tabitha,default@thimatic.com,5,,,"These are a fantastic addition to my collection.",,"2024/04/16 12:00:00",,,,,,CSV
2022-us-flag-forever-stamps-roll,Lorraine,default@thimatic.com,5,,,"Not as colorful as I expected.",,"2024/03/08 12:00:00",,,,,,CSV
2022-us-flag-forever-stamps-roll,Fleming,default@thimatic.com,5,,,"Such intricate details!",,"2024/02/22 12:00:00",,,,,,CSV
2023-us-flag-forever-stamps-book,Roxanne,default@thimatic.com,5,,,"Perfect for any occasion.",,"2024/10/21 12:00:00",,,,,,CSV
2023-us-flag-forever-stamps-book,Grain,default@thimatic.com,5,,,"I appreciate the historical themes.",,"2024/10/12 12:00:00",,,,,,CSV
2023-us-flag-forever-stamps-book,Floyd,default@thimatic.com,5,,,"The quality is decent, but I've seen better.",,"2024/10/04 12:00:00",,,,,,CSV
2023-us-flag-forever-stamps-book,Laughter,default@thimatic.com,5,,,"These stamps remind me of my childhood.",,"2024/09/20 12:00:00",,,,,,CSV
2023-us-flag-forever-stamps-book,Neal,default@thimatic.com,5,,,"They arrived quickly and in great shape!",,"2024/09/06 12:00:00",,,,,,CSV
2023-us-flag-forever-stamps-book,Sorrow,default@thimatic.com,5,,,"Absolutely beautiful!",,"2024/08/22 12:00:00",,,,,,CSV
2023-us-flag-forever-stamps-book,Hadley,default@thimatic.com,5,,,"I was hoping for a bit more variety.",,"2024/08/08 12:00:00",,,,,,CSV
2023-us-flag-forever-stamps-book,Harrison,default@thimatic.com,5,,,"Stunning colors and designs!",,"2024/07/25 12:00:00",,,,,,CSV
2023-us-flag-forever-stamps-book,Samantha,default@thimatic.com,5,,,"The craftsmanship is impressive.",,"2024/07/11 12:00:00",,,,,,CSV
2023-us-flag-forever-stamps-book,Valiant,default@thimatic.com,5,,,"I love using these for my scrapbooking.",,"2024/06/23 12:00:00",,,,,,CSV
2023-us-flag-forever-stamps-book,Honey,default@thimatic.com,5,,,"One stamp was damaged upon arrival.",,"2024/06/09 12:00:00",,,,,,CSV
2023-us-flag-forever-stamps-book,Eugene,default@thimatic.com,5,,,"Great for mailing out holiday cards!",,"2024/05/22 12:00:00",,,,,,CSV
2023-us-flag-forever-stamps-book,Honour,default@thimatic.com,5,,,"These stamps feel very special.",,"2024/05/08 12:00:00",,,,,,CSV
2023-us-flag-forever-stamps-book,Ely,default@thimatic.com,5,,,"I'm not thrilled with the designs, honestly.",,"2024/04/24 12:00:00",,,,,,CSV
2023-us-flag-forever-stamps-book,Sharon,default@thimatic.com,5,,,"Fantastic quality for the price!",,"2024/04/10 12:00:00",,,,,,CSV
2023-us-flag-forever-stamps-book,Iris,default@thimatic.com,5,,,"Really brightens up my mail.",,"2024/03/26 12:00:00",,,,,,CSV
2023-us-flag-forever-stamps-book,Oswald,default@thimatic.com,5,,,"I can't stop admiring them!",,"2024/03/12 12:00:00",,,,,,CSV
2023-us-flag-forever-stamps-book,Nancy,default@thimatic.com,5,,,"Very unique collection, love it!",,"2024/02/20 12:00:00",,,,,,CSV
2023-us-flag-forever-stamps-book,Norseman,default@thimatic.com,5,,,"Shipping was slower than expected.",,"2024/01/27 12:00:00",,,,,,CSV
2023-us-flag-forever-stamps-book,Whitney,default@thimatic.com,5,,,"Each stamp tells a story.",,"2023/12/30 12:00:00",,,,,,CSV
2023-us-flag-forever-stamps-book,Fara,default@thimatic.com,5,,,"Great for both kids and adults!",,"2023/11/24 12:00:00",,,,,,CSV
2023-us-flag-forever-stamps-book,Meadow,default@thimatic.com,5,,,"Perfect for my historical collection.",,"2023/10/30 12:00:00",,,,,,CSV
2023-us-flag-forever-stamps-book,Eliot,default@thimatic.com,5,,,"The colors are vibrant and beautiful!",,"2023/09/24 12:00:00",,,,,,CSV
2023-us-flag-forever-stamps-sheet,Hartley,default@thimatic.com,5,,,"I'm a bit disappointed in the quality.",,"2024/10/20 12:00:00",,,,,,CSV
2023-us-flag-forever-stamps-sheet,Freda,default@thimatic.com,5,,,"A lovely assortment of designs.",,"2024/10/11 12:00:00",,,,,,CSV
2023-us-flag-forever-stamps-sheet,Wolf,default@thimatic.com,5,,,"These are my new favorite stamps!",,"2024/09/27 12:00:00",,,,,,CSV
2023-us-flag-forever-stamps-sheet,Marc,default@thimatic.com,5,,,"Great attention to detail!",,"2024/09/13 12:00:00",,,,,,CSV
2023-us-flag-forever-stamps-sheet,Ethan,default@thimatic.com,5,,,"I had higher hopes for this set.",,"2024/08/30 12:00:00",,,,,,CSV
2023-us-flag-forever-stamps-sheet,Ramona,default@thimatic.com,5,,,,,"2024/08/16 12:00:00",,,,,,CSV
2023-us-flag-forever-stamps-sheet,Angela,default@thimatic.com,5,,,"The packaging was excellent.",,"2024/07/29 12:00:00",,,,,,CSV
2023-us-flag-forever-stamps-sheet,Gale,default@thimatic.com,5,,,"Such a fun collection to have!",,"2024/07/15 12:00:00",,,,,,CSV
2023-us-flag-forever-stamps-sheet,William,default@thimatic.com,5,,,"Some designs are not as appealing to me.",,"2024/06/26 12:00:00",,,,,,CSV
2023-us-flag-forever-stamps-sheet,Godfrey,default@thimatic.com,5,,,"The stamps make my letters stand out!",,"2024/06/12 12:00:00",,,,,,CSV
2023-us-flag-forever-stamps-sheet,Vivianne,default@thimatic.com,5,,,"Absolutely worth the money!",,"2024/05/25 12:00:00",,,,,,CSV
2023-us-flag-forever-stamps-sheet,Irvin,default@thimatic.com,5,,,"I can't believe how fast they shipped!",,"2024/05/11 12:00:00",,,,,,CSV
2023-us-flag-forever-stamps-sheet,Theodore,default@thimatic.com,5,,,"These stamps are simply delightful!",,"2024/04/28 12:00:00",,,,,,CSV
2023-us-flag-forever-stamps-sheet,Questa,default@thimatic.com,5,,,"The quality is not what I expected.",,"2024/04/14 12:00:00",,,,,,CSV
2023-us-flag-forever-stamps-sheet,Lucille,default@thimatic.com,5,,,"A must-have for any stamp lover!",,"2024/03/29 12:00:00",,,,,,CSV
2023-us-flag-forever-stamps-sheet,Farrah,default@thimatic.com,5,,,"Great for arts and crafts!",,"2024/03/15 12:00:00",,,,,,CSV
2023-us-flag-forever-stamps-sheet,Listener,default@thimatic.com,5,,,"I love how unique they are!",,"2024/02/27 12:00:00",,,,,,CSV
2023-us-flag-forever-stamps-sheet,Griswald,default@thimatic.com,5,,,"Not what I was hoping for.",,"2024/02/13 12:00:00",,,,,,CSV
2023-us-flag-forever-stamps-sheet,Nightingale,default@thimatic.com,5,,,"These stamps are truly works of art.",,"2024/01/30 12:00:00",,,,,,CSV
2023-us-flag-forever-stamps-sheet,Norris,default@thimatic.com,5,,,"Very happy with my purchase!",,"2023/12/27 12:00:00",,,,,,CSV
2023-us-flag-forever-stamps-sheet,Fiery,default@thimatic.com,5,,,,,"2023/11/29 12:00:00",,,,,,CSV
2023-us-flag-forever-stamps-sheet,Gregory,default@thimatic.com,5,,,"These stamps add charm to my letters!",,"2023/10/25 12:00:00",,,,,,CSV
2016-us-florentine-madonna-and-child-forever-stamps,Guinevere,default@thimatic.com,5,,,"I'm glad I bought them!",,"2024/09/09 12:00:00",,,,,,CSV
2016-us-florentine-madonna-and-child-forever-stamps,Theodora,default@thimatic.com,5,,,"Such beautiful colors and patterns!",,"2024/08/21 12:00:00",,,,,,CSV
2016-us-florentine-madonna-and-child-forever-stamps,Griswold,default@thimatic.com,5,,,"One of the best purchases I've made!",,"2024/07/03 12:00:00",,,,,,CSV
2016-us-florentine-madonna-and-child-forever-stamps,Rebecca,default@thimatic.com,5,,,"Great for gift wrapping as well!",,"2024/05/20 12:00:00",,,,,,CSV
2016-us-florentine-madonna-and-child-forever-stamps,Thunder,default@thimatic.com,5,,,"These stamps are a real treasure!",,"2023/12/14 12:00:00",,,,,,CSV
2016-us-florentine-madonna-and-child-forever-stamps,Supplanter,default@thimatic.com,5,,,"I wish there were more options.",,"2023/04/25 12:00:00",,,,,,CSV
2021-us-lighthouse-forever-stamps,Quillan,default@thimatic.com,5,,,"Such vibrant colors!",,"2024/10/27 12:00:00",,,,,,CSV
2021-us-lighthouse-forever-stamps,Anne,default@thimatic.com,5,,,,,"2024/10/20 12:00:00",,,,,,CSV
2021-us-lighthouse-forever-stamps,Molly,default@thimatic.com,4,,,"These stamps have a nostalgic feel to them.",,"2024/10/13 12:00:00",,,,,,CSV
2021-us-lighthouse-forever-stamps,Virtuous,default@thimatic.com,5,,,"I was expecting more detailed designs.",,"2024/10/06 12:00:00",,,,,,CSV
2021-us-lighthouse-forever-stamps,Luna,default@thimatic.com,5,,,"The designs are amazing!",,"2024/09/29 12:00:00",,,,,,CSV
2021-us-lighthouse-forever-stamps,Valda,default@thimatic.com,5,,,"Love how they look in my album.",,"2024/09/15 12:00:00",,,,,,CSV
2021-us-lighthouse-forever-stamps,Davin,default@thimatic.com,5,,,,,"2024/08/28 12:00:00",,,,,,CSV
2021-us-lighthouse-forever-stamps,Timothea,default@thimatic.com,5,,,"Some stamps were a little bent.",,"2024/08/14 12:00:00",,,,,,CSV
2021-us-lighthouse-forever-stamps,Erin,default@thimatic.com,5,,,"The colors are even better in person!",,"2024/07/31 12:00:00",,,,,,CSV
2021-us-lighthouse-forever-stamps,Emma,default@thimatic.com,5,,,"I love the artistic flair!",,"2024/07/17 12:00:00",,,,,,CSV
2021-us-lighthouse-forever-stamps,Rowena,default@thimatic.com,5,,,"These are not what I expected, but still nice.",,"2024/06/29 12:00:00",,,,,,CSV
2021-us-lighthouse-forever-stamps,Anastasia,default@thimatic.com,5,,,"Absolutely a delightful find!",,"2024/06/15 12:00:00",,,,,,CSV
2021-us-lighthouse-forever-stamps,Hetty,default@thimatic.com,5,,,"They add so much character to my letters.",,"2024/05/28 12:00:00",,,,,,CSV
2021-us-lighthouse-forever-stamps,Well-Born,default@thimatic.com,5,,,"I'm very pleased with this collection!",,"2024/05/11 12:00:00",,,,,,CSV
2021-us-lighthouse-forever-stamps,Kenyon,default@thimatic.com,5,,,"They look beautiful in my scrapbook!",,"2024/04/24 12:00:00",,,,,,CSV
2021-us-lighthouse-forever-stamps,Larina,default@thimatic.com,5,,,"I had issues with delivery, but overall satisfied.",,"2024/03/17 12:00:00",,,,,,CSV
2021-us-lighthouse-forever-stamps,Eugenia,default@thimatic.com,5,,,"Great for creating unique cards.",,"2024/02/29 12:00:00",,,,,,CSV
2021-us-lighthouse-forever-stamps,Paul,default@thimatic.com,5,,,"These stamps are a joy to use!",,"2024/01/15 12:00:00",,,,,,CSV
2021-us-lighthouse-forever-stamps,Lorelei,default@thimatic.com,5,,,"I appreciate the mix of themes.",,"2023/12/08 12:00:00",,,,,,CSV
2021-us-lighthouse-forever-stamps,Kay,default@thimatic.com,5,,,"Some designs are not my favorite.",,"2023/11/01 12:00:00",,,,,,CSV
2021-us-lighthouse-forever-stamps,Travers,default@thimatic.com,5,,,"The quality is impressive for the price!",,"2024/06/15 12:00:00",,,,,,CSV
2021-us-lighthouse-forever-stamps,Ulva,default@thimatic.com,5,,,,,"2024/05/28 12:00:00",,,,,,CSV
2017-firstclass-forever-stamp-wedding-series-celebration-boutonniere,Lucinda,default@thimatic.com,5,,,"They add a lovely touch to my correspondence.",,"2024/10/26 12:00:00",,,,,,CSV
2017-firstclass-forever-stamp-wedding-series-celebration-boutonniere,Quenby,default@thimatic.com,5,,,"A wonderful assortment of beautiful stamps.",,"2024/10/19 12:00:00",,,,,,CSV
2017-firstclass-forever-stamp-wedding-series-celebration-boutonniere,Samson,default@thimatic.com,5,,,"I really enjoy these, they are fantastic!",,"2024/10/12 12:00:00",,,,,,CSV
2017-firstclass-forever-stamp-wedding-series-celebration-boutonniere,Wood,default@thimatic.com,5,,,"A bit overpriced for what you get.",,"2024/10/03 12:00:00",,,,,,CSV
2017-firstclass-forever-stamp-wedding-series-celebration-boutonniere,Julie,default@thimatic.com,5,,,"Great for both collecting and mailing.",,"2024/09/22 12:00:00",,,,,,CSV
2017-firstclass-forever-stamp-wedding-series-celebration-boutonniere,Graceful,default@thimatic.com,5,,,"Each stamp is more beautiful than the last!",,"2024/09/10 12:00:00",,,,,,CSV
2017-firstclass-forever-stamp-wedding-series-celebration-boutonniere,Noblewoman,default@thimatic.com,5,,,"I wish they were easier to find locally.",,"2024/08/25 12:00:00",,,,,,CSV
2017-firstclass-forever-stamp-wedding-series-celebration-boutonniere,Kyla,default@thimatic.com,5,,,"The designs are fantastic, very creative!",,"2024/08/11 12:00:00",,,,,,CSV
2017-firstclass-forever-stamp-wedding-series-celebration-boutonniere,Heath,default@thimatic.com,5,,,,,"2024/07/28 12:00:00",,,,,,CSV
2017-firstclass-forever-stamp-wedding-series-celebration-boutonniere,Helena,default@thimatic.com,5,,,"These stamps are great conversation starters!",,"2024/07/14 12:00:00",,,,,,CSV
2017-firstclass-forever-stamp-wedding-series-celebration-boutonniere,Abigail,default@thimatic.com,5,,,"Perfect for any craft enthusiast!",,"2024/06/25 12:00:00",,,,,,CSV
2017-firstclass-forever-stamp-wedding-series-celebration-boutonniere,Attendant,default@thimatic.com,5,,,"The variety in this set is wonderful!",,"2024/06/11 12:00:00",,,,,,CSV
2017-firstclass-forever-stamp-wedding-series-celebration-boutonniere,Frederick,default@thimatic.com,5,,,"Some stamps had minor flaws.",,"2024/05/27 12:00:00",,,,,,CSV
2017-firstclass-forever-stamp-wedding-series-celebration-boutonniere,Beloved,default@thimatic.com,5,,,"I love the variety of styles available!",,"2024/05/13 12:00:00",,,,,,CSV
2017-firstclass-forever-stamp-wedding-series-celebration-boutonniere,Mora,default@thimatic.com,5,,,"Great service and beautiful stamps!",,"2024/04/30 12:00:00",,,,,,CSV
2017-firstclass-forever-stamp-wedding-series-celebration-boutonniere,Hanna,default@thimatic.com,5,,,"These are perfect for my mail art!",,"2024/04/16 12:00:00",,,,,,CSV
2017-firstclass-forever-stamp-wedding-series-celebration-boutonniere,Norine,default@thimatic.com,5,,,"Absolutely love them!",,"2024/03/23 12:00:00",,,,,,CSV
2017-us-flowers-from-the-garden,Zoe,default@thimatic.com,5,,,"They made my letters so much more special!",,"2024/10/24 12:00:00",,,,,,CSV
2017-us-flowers-from-the-garden,Hannah,default@thimatic.com,5,,,"Some stamps arrived slightly damaged, unfortunately.",,"2024/10/18 12:00:00",,,,,,CSV
2017-us-flowers-from-the-garden,Primrose,default@thimatic.com,5,,,"Incredible attention to detail and design!",,"2024/10/10 12:00:00",,,,,,CSV
2017-us-flowers-from-the-garden,Ruth,default@thimatic.com,5,,,"These stamps are amazing!",,"2024/09/26 12:00:00",,,,,,CSV
2017-us-flowers-from-the-garden,Philippa,default@thimatic.com,5,,,"So beautiful and colorful!",,"2024/09/14 12:00:00",,,,,,CSV
2017-us-flowers-from-the-garden,Laurel,default@thimatic.com,5,,,"Very pleased with my purchase.",,"2024/08/31 12:00:00",,,,,,CSV
2017-us-flowers-from-the-garden,Jane,default@thimatic.com,4,,,"Perfect for my collection!",,"2024/08/17 12:00:00",,,,,,CSV
2017-us-flowers-from-the-garden,Earthy,default@thimatic.com,5,,,"The designs are unique and fun.",,"2024/07/30 12:00:00",,,,,,CSV
2017-us-flowers-from-the-garden,Regal,default@thimatic.com,5,,,"I expected more variety in this set.",,"2024/07/16 12:00:00",,,,,,CSV
2017-us-flowers-from-the-garden,Willa,default@thimatic.com,5,,,"Great quality overall!",,"2024/06/28 12:00:00",,,,,,CSV
2017-us-flowers-from-the-garden,Rolf,default@thimatic.com,5,,,"These stamps brighten up my letters.",,"2024/06/14 12:00:00",,,,,,CSV
2017-us-flowers-from-the-garden,Aileen,default@thimatic.com,5,,,"I'm impressed with the craftsmanship.",,"2024/05/26 12:00:00",,,,,,CSV
2017-us-flowers-from-the-garden,Dark-Haired,default@thimatic.com,5,,,"One stamp was damaged; not ideal.",,"2024/05/12 12:00:00",,,,,,CSV
2017-us-flowers-from-the-garden,Nadia,default@thimatic.com,5,,,"Absolutely love these designs!",,"2024/04/29 12:00:00",,,,,,CSV
2017-us-flowers-from-the-garden,Lillian,default@thimatic.com,5,,,"They arrived quickly and well-packaged.",,"2024/04/15 12:00:00",,,,,,CSV
2017-us-flowers-from-the-garden,Gavin,default@thimatic.com,5,,,"Fantastic addition to my scrapbook.",,"2024/03/20 12:00:00",,,,,,CSV
2017-us-flowers-from-the-garden,Tristan,default@thimatic.com,5,,,"Some colors are less vibrant than expected.",,"2024/02/24 12:00:00",,,,,,CSV
2017-us-flowers-from-the-garden,Drake,default@thimatic.com,5,,,,,"2024/01/28 12:00:00",,,,,,CSV
2017-us-flowers-from-the-garden,Montgomery,default@thimatic.com,5,,,"The artwork is stunning.",,"2023/12/22 12:00:00",,,,,,CSV
2018-us-global-poinsettia-forever-stamps,Cheerful,default@thimatic.com,5,,,"A lovely mix of historical themes.",,"2024/10/23 12:00:00",,,,,,CSV
2018-us-global-poinsettia-forever-stamps,Kenneth,default@thimatic.com,5,,,"These are perfect for my crafting projects.",,"2024/10/16 12:00:00",,,,,,CSV
2018-us-global-poinsettia-forever-stamps,Errol,default@thimatic.com,5,,,"Shipping took longer than anticipated.",,"2024/10/09 12:00:00",,,,,,CSV
2018-us-global-poinsettia-forever-stamps,Otis,default@thimatic.com,5,,,"Great for any occasion!",,"2024/09/28 12:00:00",,,,,,CSV
2018-us-global-poinsettia-forever-stamps,Ancestress,default@thimatic.com,5,,,"I was hoping for a more colorful set.",,"2024/09/13 12:00:00",,,,,,CSV
2024-shaker-design-stamps-forever-first-class-postage-stamps,Kenway,default@thimatic.com,5,,,"Very happy with the detail in each stamp!",,"2024/08/27 12:00:00",,,,,,CSV
2024-shaker-design-stamps-forever-first-class-postage-stamps,Chief,default@thimatic.com,5,,,"These stamps are truly works of art.",,"2024/08/13 12:00:00",,,,,,CSV
2024-shaker-design-stamps-forever-first-class-postage-stamps,Ellen,default@thimatic.com,5,,,"Nice quality, but I expected better designs.",,"2024/07/27 12:00:00",,,,,,CSV
2024-shaker-design-stamps-forever-first-class-postage-stamps,Perfect,default@thimatic.com,5,,,"They add a special touch to my letters.",,"2024/07/13 12:00:00",,,,,,CSV
2024-shaker-design-stamps-forever-first-class-postage-stamps,Jonathan,default@thimatic.com,5,,,"Great for sending holiday cards!",,"2024/06/24 12:00:00",,,,,,CSV
2024-shaker-design-stamps-forever-first-class-postage-stamps,Denise,default@thimatic.com,5,,,,,"2024/06/10 12:00:00",,,,,,CSV
2024-shaker-design-stamps-forever-first-class-postage-stamps,Sibley,default@thimatic.com,5,,,,,"2024/05/22 12:00:00",,,,,,CSV
2024-shaker-design-stamps-forever-first-class-postage-stamps,Ruler,default@thimatic.com,5,,,"Beautifully crafted, very pleased!",,"2024/05/08 12:00:00",,,,,,CSV
2024-shaker-design-stamps-forever-first-class-postage-stamps,Winston,default@thimatic.com,5,,,"I wish there were more options available.",,"2024/04/25 12:00:00",,,,,,CSV
2024-shaker-design-stamps-forever-first-class-postage-stamps,Champion,default@thimatic.com,5,,,"These stamps remind me of my childhood!",,"2024/04/11 12:00:00",,,,,,CSV
2024-shaker-design-stamps-forever-first-class-postage-stamps,Oliver,default@thimatic.com,5,,,"I love how unique each one is.",,"2024/03/18 12:00:00",,,,,,CSV
2024-shaker-design-stamps-forever-first-class-postage-stamps,Jasper,default@thimatic.com,5,,,"Fantastic for collectors and casual users alike.",,"2024/03/04 12:00:00",,,,,,CSV
2024-shaker-design-stamps-forever-first-class-postage-stamps,Regina,default@thimatic.com,5,,,"The colors are beautiful but not as bright.",,"2024/02/10 12:00:00",,,,,,CSV
2020-us-christmas-holiday-delights-forever-postage-stamps,Servant,default@thimatic.com,5,,,,,"2024/10/27 12:00:00",,,,,,CSV
2020-us-christmas-holiday-delights-forever-postage-stamps,Happy,default@thimatic.com,5,,,"Great for creating custom cards!",,"2024/10/20 12:00:00",,,,,,CSV
2020-us-christmas-holiday-delights-forever-postage-stamps,Egbert,default@thimatic.com,5,,,,,"2024/10/13 12:00:00",,,,,,CSV
2020-us-christmas-holiday-delights-forever-postage-stamps,Daley,default@thimatic.com,5,,,"These stamps make my mail stand out!",,"2024/10/06 12:00:00",,,,,,CSV
2020-us-christmas-holiday-delights-forever-postage-stamps,Just,default@thimatic.com,5,,,"I was a bit disappointed in the packaging.",,"2024/09/29 12:00:00",,,,,,CSV
2020-us-christmas-holiday-delights-forever-postage-stamps,Amber,default@thimatic.com,5,,,"Such creative designs!",,"2024/09/22 12:00:00",,,,,,CSV
2020-us-christmas-holiday-delights-forever-postage-stamps,Kevin,default@thimatic.com,5,,,"I'm excited to add these to my collection.",,"2024/09/08 12:00:00",,,,,,CSV
2020-us-christmas-holiday-delights-forever-postage-stamps,Isaac,default@thimatic.com,5,,,"These stamps are a treasure!",,"2024/08/25 12:00:00",,,,,,CSV
2020-us-christmas-holiday-delights-forever-postage-stamps,Pledge,default@thimatic.com,5,,,"Very good quality for the price.",,"2024/08/18 12:00:00",,,,,,CSV
2020-us-christmas-holiday-delights-forever-postage-stamps,Bernadette,default@thimatic.com,5,,,"Some designs are not my style, though.",,"2024/08/04 12:00:00",,,,,,CSV
2020-us-christmas-holiday-delights-forever-postage-stamps,Melvin,default@thimatic.com,5,,,"They arrived just in time for my project!",,"2024/07/21 12:00:00",,,,,,CSV
2020-us-christmas-holiday-delights-forever-postage-stamps,Hamlin,default@thimatic.com,5,,,"Beautifully designed and well-made.",,"2024/07/07 12:00:00",,,,,,CSV
2020-us-christmas-holiday-delights-forever-postage-stamps,Sally,default@thimatic.com,5,,,"The shipping was fast and efficient.",,"2024/06/24 12:00:00",,,,,,CSV
2020-us-christmas-holiday-delights-forever-postage-stamps,Lee,default@thimatic.com,5,,,"These stamps are a great find!",,"2024/06/10 12:00:00",,,,,,CSV
2020-us-christmas-holiday-delights-forever-postage-stamps,Lea,default@thimatic.com,5,,,,,"2024/05/27 12:00:00",,,,,,CSV
2020-us-christmas-holiday-delights-forever-postage-stamps,Lombard,default@thimatic.com,5,,,"Very charming collection of stamps.",,"2024/05/13 12:00:00",,,,,,CSV
2020-us-christmas-holiday-delights-forever-postage-stamps,Kilian,default@thimatic.com,5,,,"Some stamps had minor defects.",,"2024/04/30 12:00:00",,,,,,CSV
2020-us-christmas-holiday-delights-forever-postage-stamps,Peyton,default@thimatic.com,5,,,"Perfect for my postcard project!",,"2024/04/16 12:00:00",,,,,,CSV
2020-us-christmas-holiday-delights-forever-postage-stamps,Rebellious,default@thimatic.com,5,,,"These stamps are a must-have!",,"2024/03/29 12:00:00",,,,,,CSV
2020-us-christmas-holiday-delights-forever-postage-stamps,Flora,default@thimatic.com,5,,,"I appreciate the historical significance.",,"2024/03/15 12:00:00",,,,,,CSV
2020-us-christmas-holiday-delights-forever-postage-stamps,Bound,default@thimatic.com,5,,,"Great for scrapbooking and crafting!",,"2024/02/22 12:00:00",,,,,,CSV
2020-us-christmas-holiday-delights-forever-postage-stamps,Estelle,default@thimatic.com,4,,,"I love the themes they represent.",,"2024/01/29 12:00:00",,,,,,CSV
2020-us-global-chrysanthemum-forever-stamps,Robin,default@thimatic.com,5,,,"One of my favorite purchases this year!",,"2024/10/26 12:00:00",,,,,,CSV
2020-us-global-chrysanthemum-forever-stamps,White,default@thimatic.com,5,,,"The colors are even better in person!",,"2024/10/19 12:00:00",,,,,,CSV
2020-us-global-chrysanthemum-forever-stamps,Priscilla,default@thimatic.com,5,,,"These stamps really tell a story.",,"2024/10/12 12:00:00",,,,,,CSV
2020-us-global-chrysanthemum-forever-stamps,Sloane,default@thimatic.com,5,,,"Some of the designs are not as appealing.",,"2024/10/05 12:00:00",,,,,,CSV
2020-us-global-chrysanthemum-forever-stamps,Felicia,default@thimatic.com,5,,,"Absolutely delightful!",,"2024/09/28 12:00:00",,,,,,CSV
2020-us-global-chrysanthemum-forever-stamps,Norma,default@thimatic.com,5,,,,,"2024/09/21 12:00:00",,,,,,CSV
2020-us-global-chrysanthemum-forever-stamps,Berta,default@thimatic.com,5,,,"These are perfect for gift wrapping.",,"2024/09/07 12:00:00",,,,,,CSV
2020-us-global-chrysanthemum-forever-stamps,Victoria,default@thimatic.com,5,,,"I had a small issue with my order, but it was resolved quickly.",,"2024/08/24 12:00:00",,,,,,CSV
2020-us-global-chrysanthemum-forever-stamps,Elena,default@thimatic.com,5,,,"Great for any letter or card!",,"2024/08/17 12:00:00",,,,,,CSV
2020-us-global-chrysanthemum-forever-stamps,Hortense,default@thimatic.com,5,,,"The variety in this set is fantastic.",,"2024/08/03 12:00:00",,,,,,CSV
2020-us-global-chrysanthemum-forever-stamps,Cheerful,default@thimatic.com,5,,,"These stamps make every letter special!",,"2024/07/20 12:00:00",,,,,,CSV
2020-us-global-chrysanthemum-forever-stamps,Kendrick,default@thimatic.com,5,,,"A few designs were a little too simple.",,"2024/07/06 12:00:00",,,,,,CSV
2020-us-global-chrysanthemum-forever-stamps,Echo,default@thimatic.com,5,,,"I love the creative flair!",,"2024/06/23 12:00:00",,,,,,CSV
2020-us-global-chrysanthemum-forever-stamps,Simona,default@thimatic.com,5,,,"Great for both mailing and collecting.",,"2024/06/09 12:00:00",,,,,,CSV
2020-us-global-chrysanthemum-forever-stamps,Kirsten,default@thimatic.com,5,,,"I'm so glad I found these!",,"2024/05/26 12:00:00",,,,,,CSV
2020-us-global-chrysanthemum-forever-stamps,Lester,default@thimatic.com,5,,,"The designs are very artistic and unique.",,"2024/05/12 12:00:00",,,,,,CSV
2020-us-global-chrysanthemum-forever-stamps,Henry,default@thimatic.com,5,,,"These stamps are a joy to use!",,"2024/04/29 12:00:00",,,,,,CSV
2020-us-global-chrysanthemum-forever-stamps,Felix,default@thimatic.com,5,,,"Very happy with the purchase overall!",,"2024/04/15 12:00:00",,,,,,CSV
2020-us-global-chrysanthemum-forever-stamps,Diana,default@thimatic.com,5,,,"They add a personal touch to my letters.",,"2024/03/28 12:00:00",,,,,,CSV
2020-us-global-chrysanthemum-forever-stamps,Kurt,default@thimatic.com,5,,,"Not as good as I hoped, but still nice.",,"2024/03/14 12:00:00",,,,,,CSV
2020-us-global-chrysanthemum-forever-stamps,James,default@thimatic.com,5,,,"These stamps are definitely worth it!",,"2024/02/21 12:00:00",,,,,,CSV
2020-us-global-chrysanthemum-forever-stamps,Trustworthy,default@thimatic.com,5,,,"I wish the colors were brighter.",,"2024/01/28 12:00:00",,,,,,CSV
2020-us-made-of-hearts-forever-firstclass-postage-stamps-wedding,Landon,default@thimatic.com,5,,,,,"2024/10/25 12:00:00",,,,,,CSV
2020-us-made-of-hearts-forever-firstclass-postage-stamps-wedding,Amaryllis,default@thimatic.com,5,,,"I really enjoy the variety of themes.",,"2024/10/18 12:00:00",,,,,,CSV
2020-us-made-of-hearts-forever-firstclass-postage-stamps-wedding,Edric,default@thimatic.com,5,,,"These stamps make my mail look so pretty!",,"2024/10/11 12:00:00",,,,,,CSV
2020-us-made-of-hearts-forever-firstclass-postage-stamps-wedding,Davida,default@thimatic.com,5,,,"Very satisfied with the details in each stamp.",,"2024/10/04 12:00:00",,,,,,CSV
2020-us-made-of-hearts-forever-firstclass-postage-stamps-wedding,Fern,default@thimatic.com,5,,,,,"2024/09/27 12:00:00",,,,,,CSV
2020-us-made-of-hearts-forever-firstclass-postage-stamps-wedding,Valerie,default@thimatic.com,5,,,"I would recommend these to anyone.",,"2024/09/20 12:00:00",,,,,,CSV
2020-us-made-of-hearts-forever-firstclass-postage-stamps-wedding,Bonnie,default@thimatic.com,5,,,"Some arrived slightly damaged, which was disappointing.",,"2024/09/06 12:00:00",,,,,,CSV
2020-us-made-of-hearts-forever-firstclass-postage-stamps-wedding,Ivan,default@thimatic.com,5,,,"Beautiful designs that make a statement!",,"2024/08/23 12:00:00",,,,,,CSV
2020-us-made-of-hearts-forever-firstclass-postage-stamps-wedding,Rachel,default@thimatic.com,5,,,"These stamps are absolutely beautiful!",,"2024/08/16 12:00:00",,,,,,CSV
2020-us-made-of-hearts-forever-firstclass-postage-stamps-wedding,Hardy,default@thimatic.com,5,,,"I love the unique designs.",,"2024/08/02 12:00:00",,,,,,CSV
2020-us-made-of-hearts-forever-firstclass-postage-stamps-wedding,Solomon,default@thimatic.com,5,,,"They make my letters stand out.",,"2024/07/19 12:00:00",,,,,,CSV
2020-us-made-of-hearts-forever-firstclass-postage-stamps-wedding,Elroy,default@thimatic.com,5,,,"Very happy with my purchase!",,"2024/07/05 12:00:00",,,,,,CSV
2020-us-made-of-hearts-forever-firstclass-postage-stamps-wedding,Madge,default@thimatic.com,4,,,"The quality is fantastic!",,"2024/06/22 12:00:00",,,,,,CSV
2020-us-made-of-hearts-forever-firstclass-postage-stamps-wedding,Sapphire,default@thimatic.com,5,,,"A bit disappointed with the color choices.",,"2024/06/08 12:00:00",,,,,,CSV
2020-us-made-of-hearts-forever-firstclass-postage-stamps-wedding,Kent,default@thimatic.com,5,,,"Such great attention to detail!",,"2024/05/25 12:00:00",,,,,,CSV
2020-us-made-of-hearts-forever-firstclass-postage-stamps-wedding,Quimby,default@thimatic.com,5,,,"Perfect for my scrapbooking project.",,"2024/05/11 12:00:00",,,,,,CSV
2020-us-made-of-hearts-forever-firstclass-postage-stamps-wedding,Rosanne,default@thimatic.com,5,,,"These stamps are a wonderful find!",,"2024/04/28 12:00:00",,,,,,CSV
2020-us-made-of-hearts-forever-firstclass-postage-stamps-wedding,Island,default@thimatic.com,5,,,"I expected more variety in the set.",,"2024/04/14 12:00:00",,,,,,CSV
2020-us-made-of-hearts-forever-firstclass-postage-stamps-wedding,Ula,default@thimatic.com,5,,,"The craftsmanship is top-notch.",,"2024/03/27 12:00:00",,,,,,CSV
2020-us-made-of-hearts-forever-firstclass-postage-stamps-wedding,Olive,default@thimatic.com,5,,,"These designs are simply stunning!",,"2024/03/13 12:00:00",,,,,,CSV
2020-us-wedding-garden-corsage-two-ounce-forever-stamps,Pandora,default@thimatic.com,5,,,"Shipping was faster than I anticipated.",,"2024/10/24 12:00:00",,,,,,CSV
2020-us-wedding-garden-corsage-two-ounce-forever-stamps,Louis,default@thimatic.com,5,,,"Not all the designs appealed to me.",,"2024/10/17 12:00:00",,,,,,CSV
2020-us-wedding-garden-corsage-two-ounce-forever-stamps,Prosperous,default@thimatic.com,5,,,,,"2024/10/10 12:00:00",,,,,,CSV
2020-us-wedding-garden-corsage-two-ounce-forever-stamps,Zachary,default@thimatic.com,5,,,"Great value for the price!",,"2024/09/30 12:00:00",,,,,,CSV
2020-us-wedding-garden-corsage-two-ounce-forever-stamps,Exalted,default@thimatic.com,5,,,"These stamps remind me of home.",,"2024/09/23 12:00:00",,,,,,CSV
2020-us-wedding-garden-corsage-two-ounce-forever-stamps,Woodsman,default@thimatic.com,5,,,"I wish there were more historical themes.",,"2024/09/09 12:00:00",,,,,,CSV
2020-us-wedding-garden-corsage-two-ounce-forever-stamps,Mary,default@thimatic.com,5,,,"Absolutely love these!",,"2024/08/22 12:00:00",,,,,,CSV
2020-usa-thank-you-stamps-forever,Trevor,default@thimatic.com,5,,,"Some stamps were a little bent.",,"2024/08/15 12:00:00",,,,,,CSV
2020-usa-thank-you-stamps-forever,Ingrid,default@thimatic.com,5,,,"Great for both mailing and crafting!",,"2024/07/28 12:00:00",,,,,,CSV
2020-usa-thank-you-stamps-forever,Blooming,default@thimatic.com,5,,,"These are my new favorites!",,"2024/07/14 12:00:00",,,,,,CSV
2020-usa-thank-you-stamps-forever,Wyman,default@thimatic.com,5,,,"I appreciate the artistic designs.",,"2024/07/01 12:00:00",,,,,,CSV
2020-usa-thank-you-stamps-forever,Angelica,default@thimatic.com,5,,,"Very pleased with the fast delivery.",,"2024/06/17 12:00:00",,,,,,CSV
2020-usa-thank-you-stamps-forever,Queenly,default@thimatic.com,5,,,"These stamps are perfect for holiday cards!",,"2024/06/03 12:00:00",,,,,,CSV
2020-usa-thank-you-stamps-forever,Delight,default@thimatic.com,5,,,"The colors are vibrant and cheerful.",,"2024/05/20 12:00:00",,,,,,CSV
2020-usa-thank-you-stamps-forever,Kirk,default@thimatic.com,5,,,"I was hoping for more intricate designs.",,"2024/05/06 12:00:00",,,,,,CSV
2020-usa-thank-you-stamps-forever,Gladys,default@thimatic.com,5,,,"Such a delightful collection!",,"2024/04/23 12:00:00",,,,,,CSV
2020-usa-thank-you-stamps-forever,Rosalind,default@thimatic.com,5,,,"These stamps are great for collectors!",,"2024/04/09 12:00:00",,,,,,CSV
2020-usa-thank-you-stamps-forever,Fresh,default@thimatic.com,5,,,"I love the vintage feel!",,"2024/03/26 12:00:00",,,,,,CSV
2020-usa-thank-you-stamps-forever,Sherlock,default@thimatic.com,5,,,"A little pricey for what you get.",,"2024/03/12 12:00:00",,,,,,CSV
2020-usa-thank-you-stamps-forever,Quincy,default@thimatic.com,5,,,"These stamps add charm to my letters.",,"2024/02/18 12:00:00",,,,,,CSV
2020-usa-thank-you-stamps-forever,Kit,default@thimatic.com,5,,,"Fantastic selection of designs!",,"2024/01/25 12:00:00",,,,,,CSV
2020-usa-thank-you-stamps-forever,Lois,default@thimatic.com,5,,,,,"2023/12/29 12:00:00",,,,,,CSV
2020-usa-thank-you-stamps-forever,Jill,default@thimatic.com,5,,,"They really brighten up my mail.",,"2023/11/27 12:00:00",,,,,,CSV
2021-firstclass-forever-stamps-western-wear,Godwin,default@thimatic.com,5,,,"Great for any occasion!",,"2024/10/23 12:00:00",,,,,,CSV
2021-firstclass-forever-stamps-western-wear,Jessie,default@thimatic.com,5,,,"The packaging could be better.",,"2024/10/16 12:00:00",,,,,,CSV
2021-firstclass-forever-stamps-western-wear,Geraldine,default@thimatic.com,5,,,"These stamps are true pieces of art!",,"2024/10/09 12:00:00",,,,,,CSV
2021-firstclass-forever-stamps-western-wear,Renfred,default@thimatic.com,5,,,"I can't wait to share these with friends.",,"2024/09/29 12:00:00",,,,,,CSV
2021-firstclass-forever-stamps-western-wear,Searcher,default@thimatic.com,5,,,"I wish they were easier to find locally.",,"2024/09/22 12:00:00",,,,,,CSV
2021-firstclass-forever-stamps-western-wear,Lane,default@thimatic.com,5,,,"Beautiful designs that tell a story!",,"2024/09/05 12:00:00",,,,,,CSV
2021-firstclass-forever-stamps-western-wear,Kingsley,default@thimatic.com,5,,,"Not the best quality I've seen.",,"2024/08/21 12:00:00",,,,,,CSV
2021-firstclass-forever-stamps-western-wear,Gale,default@thimatic.com,5,,,"These stamps are simply charming!",,"2024/08/14 12:00:00",,,,,,CSV
2021-firstclass-forever-stamps-western-wear,Eaton,default@thimatic.com,5,,,"Perfect for making my mail special.",,"2024/07/27 12:00:00",,,,,,CSV
2021-firstclass-forever-stamps-western-wear,Tower,default@thimatic.com,5,,,"Some designs are a bit too plain.",,"2024/07/13 12:00:00",,,,,,CSV
2021-firstclass-forever-stamps-western-wear,Bella,default@thimatic.com,5,,,"Very good quality for the price!",,"2024/06/30 12:00:00",,,,,,CSV
2021-firstclass-forever-stamps-western-wear,Kirstyn,default@thimatic.com,5,,,,,"2024/06/16 12:00:00",,,,,,CSV
2021-firstclass-forever-stamps-western-wear,Arleen,default@thimatic.com,5,,,"These stamps add a special touch!",,"2024/06/02 12:00:00",,,,,,CSV
2021-firstclass-forever-stamps-western-wear,Archer,default@thimatic.com,5,,,"The colors are even more beautiful in person.",,"2024/05/19 12:00:00",,,,,,CSV
2021-firstclass-forever-stamps-western-wear,Brigid,default@thimatic.com,5,,,"I love how unique each stamp is!",,"2024/05/05 12:00:00",,,,,,CSV
2021-firstclass-forever-stamps-western-wear,Darian,default@thimatic.com,5,,,"A wonderful assortment to choose from!",,"2024/04/22 12:00:00",,,,,,CSV
2021-firstclass-forever-stamps-western-wear,Bethany,default@thimatic.com,5,,,"These stamps are a great addition to my collection.",,"2024/04/08 12:00:00",,,,,,CSV
2021-firstclass-forever-stamps-western-wear,Gilda,default@thimatic.com,5,,,"I appreciate the historical significance of the designs.",,"2024/03/25 12:00:00",,,,,,CSV
2021-us-espresso-drinks-forever-postage-stamps,Gerald,default@thimatic.com,4,,,"They arrived in excellent condition!",,"2024/03/11 12:00:00",,,,,,CSV
2021-us-espresso-drinks-forever-postage-stamps,Raymond,default@thimatic.com,5,,,"I expected a bit more creativity.",,"2024/02/17 12:00:00",,,,,,CSV
2021-us-espresso-drinks-forever-postage-stamps,Mandy,default@thimatic.com,5,,,"These stamps are fantastic for arts and crafts!",,"2024/01/24 12:00:00",,,,,,CSV
2021-us-espresso-drinks-forever-postage-stamps,Eric,default@thimatic.com,5,,,"The designs are fun and whimsical.",,"2023/12/21 12:00:00",,,,,,CSV
2021-us-espresso-drinks-forever-postage-stamps,Galvin,default@thimatic.com,5,,,"Great service and fast shipping!",,"2023/11/24 12:00:00",,,,,,CSV
2021-us-espresso-drinks-forever-postage-stamps,Frank,default@thimatic.com,5,,,,,"2023/10/28 12:00:00",,,,,,CSV
2021-us-espresso-drinks-forever-postage-stamps,Beata,default@thimatic.com,5,,,"These stamps are perfect for any occasion.",,"2024/10/22 12:00:00",,,,,,CSV
2021-us-espresso-drinks-forever-postage-stamps,Spencer,default@thimatic.com,5,,,"Some arrived with minor defects.",,"2024/10/15 12:00:00",,,,,,CSV
2021-us-espresso-drinks-forever-postage-stamps,Kayleigh,default@thimatic.com,5,,,"These are definitely worth the price!",,"2024/10/08 12:00:00",,,,,,CSV
2021-us-garden-beauty-forever-postage-stamps,Olaf,default@thimatic.com,5,,,"I was a bit disappointed with the selection.",,"2024/09/28 12:00:00",,,,,,CSV
2021-us-garden-beauty-forever-postage-stamps,Trent,default@thimatic.com,5,,,"I love the artistic flair of these stamps!",,"2024/09/21 12:00:00",,,,,,CSV
2021-us-garden-beauty-forever-postage-stamps,Jeremiah,default@thimatic.com,5,,,"Great for making custom greeting cards!",,"2024/09/04 12:00:00",,,,,,CSV
2021-us-garden-beauty-forever-postage-stamps,Magda,default@thimatic.com,5,,,"Such a unique and charming collection!",,"2024/08/20 12:00:00",,,,,,CSV
2021-us-garden-beauty-forever-postage-stamps,Industrious,default@thimatic.com,5,,,"These stamps make my letters feel special!",,"2024/08/13 12:00:00",,,,,,CSV
2021-us-garden-beauty-forever-postage-stamps,Quinby,default@thimatic.com,5,,,"I can't believe how quickly they shipped!",,"2024/07/26 12:00:00",,,,,,CSV
2021-us-garden-beauty-forever-postage-stamps,Leon,default@thimatic.com,5,,,"The designs are beautiful but could use more variety.",,"2024/07/12 12:00:00",,,,,,CSV
2021-us-garden-beauty-forever-postage-stamps,Salena,default@thimatic.com,5,,,,,"2024/06/29 12:00:00",,,,,,CSV
2021-us-a-visit-from-st-nick-forever-stamps,Sinclair,default@thimatic.com,5,,,"These stamps are a joy to use!",,"2024/06/15 12:00:00",,,,,,CSV
2021-us-a-visit-from-st-nick-forever-stamps,Miranda,default@thimatic.com,5,,,"The colors could be a bit brighter.",,"2024/06/01 12:00:00",,,,,,CSV
2021-us-a-visit-from-st-nick-forever-stamps,Pierce,default@thimatic.com,5,,,"Fantastic quality, I'm very impressed!",,"2024/05/18 12:00:00",,,,,,CSV
2021-us-a-visit-from-st-nick-forever-stamps,Nina,default@thimatic.com,5,,,"These are perfect for gift wrapping!",,"2024/05/04 12:00:00",,,,,,CSV
2021-us-a-visit-from-st-nick-forever-stamps,Rich,default@thimatic.com,5,,,"Some designs are not my style, unfortunately.",,"2024/04/21 12:00:00",,,,,,CSV
2021-us-a-visit-from-st-nick-forever-stamps,Tasha,default@thimatic.com,5,,,"These stamps are delightful and fun!",,"2024/04/07 12:00:00",,,,,,CSV
2021-us-a-visit-from-st-nick-forever-stamps,Francis,default@thimatic.com,5,,,"Great for sending out invitations!",,"2024/03/24 12:00:00",,,,,,CSV
2021-us-a-visit-from-st-nick-forever-stamps,Edmund,default@thimatic.com,5,,,"I love the mix of designs!",,"2024/03/10 12:00:00",,,,,,CSV
2021-us-barns-postcard-stamps-panes,Amanda,default@thimatic.com,5,,,"Very happy with this purchase overall!",,"2024/02/16 12:00:00",,,,,,CSV
2021-us-barns-postcard-stamps-panes,Kendra,default@thimatic.com,5,,,"They add a lovely touch to any card.",,"2024/01/23 12:00:00",,,,,,CSV
2021-us-barns-postcard-stamps-panes,Vance,default@thimatic.com,5,,,"I wish they had more seasonal designs.",,"2023/12/19 12:00:00",,,,,,CSV
2021-us-barns-postcard-stamps-panes,Shirley,default@thimatic.com,5,,,"These stamps are a wonderful find for collectors!",,"2023/11/22 12:00:00",,,,,,CSV
2021-us-mnh-priority-mail-castillo-de-san-marcos-mail-pane-of-4-stamps,Heather,default@thimatic.com,5,,,,,"2023/10/27 12:00:00",,,,,,CSV
2021-us-mnh-priority-mail-castillo-de-san-marcos-mail-pane-of-4-stamps,Beatrix,default@thimatic.com,5,,,"Such beautiful designs that tell a story!",,"2024/10/21 12:00:00",,,,,,CSV
2021-us-mnh-priority-mail-castillo-de-san-marcos-mail-pane-of-4-stamps,Dark,default@thimatic.com,5,,,"The customer service was very responsive and helpful.",,"2024/10/14 12:00:00",,,,,,CSV
2021-us-mnh-priority-mail-castillo-de-san-marcos-mail-pane-of-4-stamps,Half-Dane,default@thimatic.com,5,,,"Shipping was fast, and the stamps arrived in perfect condition.",,"2024/10/07 12:00:00",,,,,,CSV
2022-firstclass-forever-stamp-snowy-beauty-winter-aconite,Robust,default@thimatic.com,5,,,"I had a great experience with the payment process; it was very smooth.",,"2024/09/27 12:00:00",,,,,,CSV
2022-firstclass-forever-stamp-snowy-beauty-winter-aconite,Dylan,default@thimatic.com,5,,,"The quality of the stamps is outstanding!",,"2024/09/20 12:00:00",,,,,,CSV
2022-firstclass-forever-stamp-snowy-beauty-winter-aconite,Georgette,default@thimatic.com,5,,,"These stamps have a wonderful vintage feel to them.",,"2024/09/03 12:00:00",,,,,,CSV
2022-firstclass-forever-stamp-snowy-beauty-winter-aconite,Salt,default@thimatic.com,5,,,"Excellent service throughout the entire order process!",,"2024/08/19 12:00:00",,,,,,CSV
2022-firstclass-forever-stamps-charles-m-schulz-framed-stamps,Linette,default@thimatic.com,5,,,"I was impressed with how quickly my order was processed.",,"2024/08/12 12:00:00",,,,,,CSV
2022-firstclass-forever-stamps-charles-m-schulz-framed-stamps,Imogen,default@thimatic.com,5,,,"The payment options were easy to navigate.",,"2024/07/25 12:00:00",,,,,,CSV
2022-firstclass-forever-stamps-charles-m-schulz-framed-stamps,Fighter,default@thimatic.com,5,,,"The stamps feel high-quality and durable.",,"2024/07/11 12:00:00",,,,,,CSV
2022-firstclass-forever-stamps-charles-m-schulz-framed-stamps,Blair,default@thimatic.com,5,,,"They truly capture the essence of their era!",,"2024/06/28 12:00:00",,,,,,CSV
2022-firstclass-forever-stamps-charles-m-schulz-framed-stamps,Harmony,default@thimatic.com,5,,,"Customer service was friendly and accommodating.",,"2024/06/14 12:00:00",,,,,,CSV
2022-firstclass-forever-stamps-charles-m-schulz-framed-stamps,Maiden,default@thimatic.com,4,,,"Delivery was a bit slow, but worth the wait.",,"2024/05/31 12:00:00",,,,,,CSV
2022-firstclass-forever-stamps-charles-m-schulz-framed-stamps,Tracy,default@thimatic.com,5,,,"I appreciate the secure payment methods available.",,"2024/05/17 12:00:00",,,,,,CSV
2022-firstclass-forever-stamps-charles-m-schulz-framed-stamps,Riley,default@thimatic.com,5,,,"The intricate details of the stamps are remarkable.",,"2024/05/03 12:00:00",,,,,,CSV
2022-firstclass-forever-stamps-charles-m-schulz-framed-stamps,Phyllis,default@thimatic.com,5,,,"The stamps have a nostalgic charm that I love!",,"2024/04/20 12:00:00",,,,,,CSV
2022-us-elephants-first-class-forever-stamps,Moorish,default@thimatic.com,5,,,"I had a minor issue with my order, but it was resolved quickly.",,"2024/04/06 12:00:00",,,,,,CSV
2022-us-elephants-first-class-forever-stamps,Kara,default@thimatic.com,5,,,"The shipping was faster than I expected, very impressive!",,"2024/03/23 12:00:00",,,,,,CSV
2022-us-global-african-daisy-forever-stamps,Wayne,default@thimatic.com,5,,,"Payment processing was seamless and hassle-free.",,"2024/03/09 12:00:00",,,,,,CSV
2022-us-global-african-daisy-forever-stamps,Maggie,default@thimatic.com,5,,,"The quality of these stamps is exceptional; they feel luxurious.",,"2024/02/15 12:00:00",,,,,,CSV
2022-us-global-african-daisy-forever-stamps,Faye,default@thimatic.com,5,,,"I love how these stamps evoke memories of the past!",,"2024/01/22 12:00:00",,,,,,CSV
2022-us-global-african-daisy-forever-stamps,Elliott,default@thimatic.com,5,,,"The service team was very courteous and professional.",,"2023/12/18 12:00:00",,,,,,CSV
2022-us-global-african-daisy-forever-stamps,Lane,default@thimatic.com,5,,,"I received my order quickly and without any problems.",,"2023/11/25 12:00:00",,,,,,CSV
2022-us-global-african-daisy-forever-stamps,Vania,default@thimatic.com,5,,,"The payment system was secure, which I appreciate.",,"2023/10/30 12:00:00",,,,,,CSV
2022-us-global-african-daisy-forever-stamps,Ken,default@thimatic.com,5,,,"These stamps are perfect for collectors like me!",,"2024/10/20 12:00:00",,,,,,CSV
2022-us-global-african-daisy-forever-stamps,Juliet,default@thimatic.com,5,,,,,"2024/10/13 12:00:00",,,,,,CSV
2022-us-global-african-daisy-forever-stamps,Joseph,default@thimatic.com,5,,,"I love the historical significance of each stamp.",,"2024/10/06 12:00:00",,,,,,CSV
2022-us-global-african-daisy-forever-stamps,Vernon,default@thimatic.com,5,,,"The service was quick to answer my queries.",,"2024/09/26 12:00:00",,,,,,CSV
2022-us-global-african-daisy-forever-stamps,Flame,default@thimatic.com,5,,,"Delivery took longer than expected, but they arrived safely.",,"2024/09/19 12:00:00",,,,,,CSV
2022-us-mountain-flora-forever-stamps,Kelvin,default@thimatic.com,5,,,"Easy payment options made the checkout process a breeze.",,"2024/09/02 12:00:00",,,,,,CSV
2022-us-mountain-flora-forever-stamps,Song-Thrush,default@thimatic.com,5,,,"The details on these stamps are truly impressive.",,"2024/08/18 12:00:00",,,,,,CSV
2022-us-mountain-flora-forever-stamps,Quinlan,default@thimatic.com,5,,,"The vintage feel of the stamps is just what I was looking for.",,"2024/08/11 12:00:00",,,,,,CSV
2022-us-mountain-flora-forever-stamps,Bess,default@thimatic.com,5,,,"Customer service exceeded my expectations!",,"2024/07/24 12:00:00",,,,,,CSV
2022-us-mountain-flora-forever-stamps,Joan,default@thimatic.com,5,,,"Shipping was straightforward, and tracking was provided.",,"2024/07/10 12:00:00",,,,,,CSV
2022-us-mountain-flora-forever-stamps,Kacey,default@thimatic.com,5,,,"Payment options were very user-friendly.",,"2024/06/27 12:00:00",,,,,,CSV
2022-us-stamps-monument-valley-priority-mail-american-landmarks-series,Industrious,default@thimatic.com,5,,,"These stamps have a timeless quality that I appreciate.",,"2024/06/13 12:00:00",,,,,,CSV
2022-us-stamps-monument-valley-priority-mail-american-landmarks-series,Jillian,default@thimatic.com,5,,,"The stamps feel sturdy and well-made.",,"2024/05/30 12:00:00",,,,,,CSV
2022-us-stamps-monument-valley-priority-mail-american-landmarks-series,Bridget,default@thimatic.com,5,,,"The staff was very courteous and professional.",,"2024/05/16 12:00:00",,,,,,CSV
2022-us-stamps-monument-valley-priority-mail-american-landmarks-series,Emmett,default@thimatic.com,5,,,"I received tracking information, which was helpful!",,"2024/05/02 12:00:00",,,,,,CSV
2022-us-stamps-monument-valley-priority-mail-american-landmarks-series,Sheila,default@thimatic.com,5,,,"The checkout process was quick and simple.",,"2024/04/19 12:00:00",,,,,,CSV
2022-us-stamps-monument-valley-priority-mail-american-landmarks-series,Paulette,default@thimatic.com,5,,,"The craftsmanship on these stamps is beautiful!",,"2024/04/05 12:00:00",,,,,,CSV
2022-us-stamps-monument-valley-priority-mail-american-landmarks-series,Larissa,default@thimatic.com,5,,,"I love how these stamps bring back memories.",,"2024/03/22 12:00:00",,,,,,CSV
2022-us-stamps-monument-valley-priority-mail-american-landmarks-series,Zebadiah,default@thimatic.com,5,,,"The order arrived promptly and in great condition!",,"2024/03/08 12:00:00",,,,,,CSV
2022-us-stamps-monument-valley-priority-mail-american-landmarks-series,Phoebe,default@thimatic.com,5,,,"Payment was processed quickly, which I appreciate.",,"2024/02/14 12:00:00",,,,,,CSV
2022-us-stamps-monument-valley-priority-mail-american-landmarks-series,Ryan,default@thimatic.com,5,,,"The stamps are well-made and durable.",,"2024/01/21 12:00:00",,,,,,CSV
2022-us-stamps-monument-valley-priority-mail-american-landmarks-series,Roland,default@thimatic.com,5,,,"They definitely have an authentic vintage look.",,"2023/12/17 12:00:00",,,,,,CSV
2022-us-stamps-monument-valley-priority-mail-american-landmarks-series,Rupert,default@thimatic.com,5,,,"Excellent communication from customer service!",,"2023/11/23 12:00:00",,,,,,CSV
2022-us-stamps-monument-valley-priority-mail-american-landmarks-series,Sherman,default@thimatic.com,5,,,"I was pleased with the overall shipping speed.",,"2023/10/29 12:00:00",,,,,,CSV
2023-firstclass-forever-stamps-love-kitten-amp-puppy,Glenn,default@thimatic.com,5,,,"The payment gateway was very secure and easy to use.",,"2024/10/19 12:00:00",,,,,,CSV
2023-firstclass-forever-stamps-love-kitten-amp-puppy,Natalie,default@thimatic.com,5,,,"These stamps are truly collectible items!",,"2024/10/12 12:00:00",,,,,,CSV
2023-firstclass-forever-stamps-love-kitten-amp-puppy,Richard,default@thimatic.com,5,,,"I love the stories these stamps tell about their time.",,"2024/09/25 12:00:00",,,,,,CSV
2023-firstclass-forever-stamps-love-kitten-amp-puppy,Tina,default@thimatic.com,5,,,"The support staff was very helpful with my questions.",,"2024/09/18 12:00:00",,,,,,CSV
2023-firstclass-forever-stamps-love-kitten-amp-puppy,Luminous,default@thimatic.com,5,,,"Shipping was timely, and I received my order intact.",,"2024/09/01 12:00:00",,,,,,CSV
2023-firstclass-forever-stamps-love-kitten-amp-puppy,Leo,default@thimatic.com,5,,,"The payment experience was hassle-free and quick.",,"2024/08/17 12:00:00",,,,,,CSV
2023-firstclass-forever-stamps-love-kitten-amp-puppy,Peter,default@thimatic.com,5,,,"The quality of the stamps is top-notch.",,"2024/08/10 12:00:00",,,,,,CSV
2023-firstclass-forever-stamps-love-kitten-amp-puppy,Orson,default@thimatic.com,5,,,"They evoke such a sense of nostalgia!",,"2024/07/23 12:00:00",,,,,,CSV
2023-firstclass-forever-stamps-love-kitten-amp-puppy,Sirena,default@thimatic.com,5,,,"Customer service followed up to ensure I was satisfied.",,"2024/07/09 12:00:00",,,,,,CSV
2023-firstclass-forever-stamps-love-kitten-amp-puppy,Brenda,default@thimatic.com,5,,,"I received my package sooner than I thought!",,"2024/06/26 12:00:00",,,,,,CSV
2023-firstclass-forever-stamps-love-kitten-amp-puppy,Karen,default@thimatic.com,5,,,"The payment options were diverse and accommodating.",,"2024/06/12 12:00:00",,,,,,CSV
2023-us-firstclass-forever-stamps-tulip-blossoms-booklet,Drew,default@thimatic.com,3,,,"The quality is impressive for the price!",,"2024/05/29 12:00:00",,,,,,CSV
2023-us-firstclass-forever-stamps-tulip-blossoms-booklet,Zelda,default@thimatic.com,5,,,"I adore the vintage aesthetics of these stamps.",,"2024/05/15 12:00:00",,,,,,CSV
2023-us-firstclass-forever-stamps-tulip-blossoms-booklet,Kody,default@thimatic.com,5,,,"Customer support made my shopping experience enjoyable.",,"2024/05/01 12:00:00",,,,,,CSV
2023-us-firstclass-forever-stamps-tulip-blossoms-booklet,Edgar,default@thimatic.com,5,,,"Delivery was prompt and without issues.",,"2024/04/18 12:00:00",,,,,,CSV
2023-us-firstclass-forever-stamps-tulip-blossoms-booklet,Frida,default@thimatic.com,5,,,"The payment process was straightforward and secure.",,"2024/04/04 12:00:00",,,,,,CSV
2023-us-firstclass-forever-stamps-tulip-blossoms-booklet,Dale,default@thimatic.com,5,,,"The quality of each stamp is remarkable!",,"2024/03/21 12:00:00",,,,,,CSV
2023-us-firstclass-forever-stamps-tulip-blossoms-booklet,Grover,default@thimatic.com,5,,,"I love the antique look and feel of these stamps.",,"2024/03/07 12:00:00",,,,,,CSV
2023-us-firstclass-forever-stamps-tulip-blossoms-booklet,Tobias,default@thimatic.com,5,,,"Excellent service; I will shop here again!",,"2024/02/13 12:00:00",,,,,,CSV
2023-us-firstclass-forever-stamps-tulip-blossoms-booklet,Tyler,default@thimatic.com,5,,,"The stamps were delivered quickly and safely.",,"2024/01/20 12:00:00",,,,,,CSV
2023-us-firstclass-forever-stamps-tulip-blossoms-booklet,Leith,default@thimatic.com,5,,,"I had a smooth experience with the payment system.",,"2023/12/16 12:00:00",,,,,,CSV
2023-us-firstclass-forever-stamps-tulip-blossoms-booklet,Uriah,default@thimatic.com,5,,,"The quality feels premium; very satisfied!",,"2023/11/22 12:00:00",,,,,,CSV
2023-us-firstclass-forever-stamps-tulip-blossoms-booklet,Renee,default@thimatic.com,5,,,"The historical context of the stamps is fascinating.",,"2023/10/28 12:00:00",,,,,,CSV
2023-us-firstclass-forever-stamps-tulip-blossoms-booklet,Owner,default@thimatic.com,5,,,"The customer service was above and beyond.",,"2023/09/30 12:00:00",,,,,,CSV
2023-us-sailboats-postcard-forever-firstclass-postage-stamps,Vita,default@thimatic.com,5,,,"Shipping was efficient, and my stamps arrived in perfect shape.",,"2024/10/18 12:00:00",,,,,,CSV
2023-us-sailboats-postcard-forever-firstclass-postage-stamps,Leticia,default@thimatic.com,5,,,"The payment process was quick and secure.",,"2024/10/11 12:00:00",,,,,,CSV
2023-us-sailboats-postcard-forever-firstclass-postage-stamps,Truman,default@thimatic.com,5,,,,,"2024/09/24 12:00:00",,,,,,CSV
2023-us-sailboats-postcard-forever-firstclass-postage-stamps,Ferris,default@thimatic.com,5,,,"The vintage vibe is exactly what I wanted!",,"2024/09/17 12:00:00",,,,,,CSV
2023-us-sailboats-postcard-forever-firstclass-postage-stamps,Luke,default@thimatic.com,5,,,"The support team was quick to respond to my inquiries.",,"2024/09/01 12:00:00",,,,,,CSV
2023-us-sailboats-postcard-forever-firstclass-postage-stamps,Ophelia,default@thimatic.com,5,,,"My order arrived ahead of time, which was great!",,"2024/08/16 12:00:00",,,,,,CSV
2023-us-sailboats-postcard-forever-firstclass-postage-stamps,Maxine,default@thimatic.com,5,,,"I appreciate the various payment options provided.",,"2024/08/09 12:00:00",,,,,,CSV
2023-us-sailboats-postcard-forever-firstclass-postage-stamps,Delmar,default@thimatic.com,5,,,"These stamps are high quality and beautifully designed.",,"2024/07/22 12:00:00",,,,,,CSV
2023-us-sailboats-postcard-forever-firstclass-postage-stamps,Bertha,default@thimatic.com,5,,,"I love how they capture the spirit of their era!",,"2024/07/08 12:00:00",,,,,,CSV
2023-us-sailboats-postcard-forever-firstclass-postage-stamps,Shawn,default@thimatic.com,5,,,"The customer service made me feel valued as a customer.",,"2024/06/25 12:00:00",,,,,,CSV
2023-us-snow-globes-christmas-forever-stamps-book,Prudent,default@thimatic.com,5,,,"Delivery took a little longer than expected, but it was worth it.",,"2024/06/11 12:00:00",,,,,,CSV
2023-us-snow-globes-christmas-forever-stamps-book,Margaret,default@thimatic.com,5,,,"The payment experience was smooth and efficient.",,"2024/05/28 12:00:00",,,,,,CSV
2023-us-snow-globes-christmas-forever-stamps-book,Yvette,default@thimatic.com,5,,,,,"2024/05/14 12:00:00",,,,,,CSV
2023-us-snow-globes-christmas-forever-stamps-book,Lincoln,default@thimatic.com,5,,,"The customer service was top-notch and very responsive.",,"2024/04/30 12:00:00",,,,,,CSV
2023-us-snow-globes-christmas-forever-stamps-book,Fawn,default@thimatic.com,5,,,"Shipping was prompt, and my stamps arrived in perfect condition.",,"2024/04/16 12:00:00",,,,,,CSV
2024-us-love-firstclass-mail-forever-postage-stamps,Gaiety,default@thimatic.com,5,,,"I had an excellent experience with the payment process.",,"2024/04/02 12:00:00",,,,,,CSV
us-2018-frozen-treats-forever-stamps,Gerard,default@thimatic.com,5,,,"The quality of the stamps exceeded my expectations!",,"2024/03/19 12:00:00",,,,,,CSV
us-2019-cactus-forever-stamps,Keegan,default@thimatic.com,5,,,"Payment options were easy to use and secure.",,"2023/12/24 12:00:00",,,,,,CSV
us-2019-cactus-forever-stamps,Madeline,default@thimatic.com,5,,,"The stamps are sturdy and made of high quality.",,"2023/11/29 12:00:00",,,,,,CSV
us-2019-cactus-forever-stamps,Blind,default@thimatic.com,5,,,"They capture the spirit of their time beautifully!",,"2023/11/14 12:00:00",,,,,,CSV
us-2019-cactus-forever-stamps,Walton,default@thimatic.com,5,,,"Customer support was very friendly and helpful.",,"2023/10/31 12:00:00",,,,,,CSV
us-2019-cactus-forever-stamps,Gabriel,default@thimatic.com,5,,,"Delivery took a bit longer than I expected.",,"2024/10/17 12:00:00",,,,,,CSV
us-2019-cactus-forever-stamps,Mildred,default@thimatic.com,5,,,"I appreciate the variety of secure payment methods.",,"2024/10/10 12:00:00",,,,,,CSV
us-2020-fruits-amp-vegetables-forever-stamps,Donna,default@thimatic.com,5,,,"The detail in these stamps is simply stunning.",,"2024/09/23 12:00:00",,,,,,CSV
us-2020-fruits-amp-vegetables-forever-stamps,Vandal,default@thimatic.com,5,,,"These stamps bring back wonderful memories!",,"2024/09/16 12:00:00",,,,,,CSV
us-2020-fruits-amp-vegetables-forever-stamps,Eudora,default@thimatic.com,5,,,"I had a small issue with my order, but it was handled well.",,"2024/08/30 12:00:00",,,,,,CSV
us-2020-fruits-amp-vegetables-forever-stamps,Elbert,default@thimatic.com,5,,,"Shipping was quicker than I anticipated, very satisfied!",,"2024/08/15 12:00:00",,,,,,CSV
us-2020-fruits-amp-vegetables-forever-stamps,Rodney,default@thimatic.com,5,,,"The payment processing was smooth and easy.",,"2024/08/08 12:00:00",,,,,,CSV
us-2020-fruits-amp-vegetables-forever-stamps,Theobold,default@thimatic.com,5,,,"The stamps feel luxurious and well-crafted.",,"2024/07/21 12:00:00",,,,,,CSV
us-2020-fruits-amp-vegetables-forever-stamps,Halden,default@thimatic.com,5,,,"These designs evoke a strong sense of nostalgia.",,"2024/07/07 12:00:00",,,,,,CSV
us-2020-fruits-amp-vegetables-forever-stamps,April,default@thimatic.com,5,,,"The staff was professional and courteous throughout.",,"2024/06/24 12:00:00",,,,,,CSV
us-2021-wild-orchids-framed-forever-stamps,Farmer,default@thimatic.com,5,,,"My order arrived without any issues.",,"2024/06/10 12:00:00",,,,,,CSV
us-2021-wild-orchids-framed-forever-stamps,Pretty,default@thimatic.com,5,,,"The payment gateway was very secure and efficient.",,"2024/05/27 12:00:00",,,,,,CSV
us-2021-wild-orchids-framed-forever-stamps,Des,default@thimatic.com,5,,,"These stamps are fantastic for collectors like me!",,"2024/05/13 12:00:00",,,,,,CSV
us-2022-love-forever-stamps-wedding,Liza,default@thimatic.com,5,,,,,"2024/04/29 12:00:00",,,,,,CSV
us-2022-love-forever-stamps-wedding,Percy,default@thimatic.com,5,,,"I love the historical themes represented in each stamp.",,"2024/04/15 12:00:00",,,,,,CSV
us-2022-love-forever-stamps-wedding,Nourishing,default@thimatic.com,5,,,"The service team was quick to respond to my inquiries.",,"2024/04/01 12:00:00",,,,,,CSV
us-2022-love-forever-stamps-wedding,Delightful,default@thimatic.com,5,,,"Delivery was slower than expected, but worth it.",,"2024/03/18 12:00:00",,,,,,CSV
us-2022-love-forever-stamps-wedding,Optimistic,default@thimatic.com,5,,,"The checkout process was user-friendly and simple.",,"2024/03/04 12:00:00",,,,,,CSV
us-2021-colorado-hairstreak-stamps-forever,Jeffrey,default@thimatic.com,5,,,"The craftsmanship on these stamps is outstanding.",,"2024/02/10 12:00:00",,,,,,CSV
us-2021-colorado-hairstreak-stamps-forever,Polly,default@thimatic.com,5,,,"I love how unique and charming these stamps are!",,"2024/01/27 12:00:00",,,,,,CSV
us-2021-colorado-hairstreak-stamps-forever,Bianca,default@thimatic.com,5,,,"Customer service was helpful and attentive to my needs.",,"2023/12/23 12:00:00",,,,,,CSV
us-2021-colorado-hairstreak-stamps-forever,Dixon,default@thimatic.com,5,,,"The shipping was reliable, and tracking was available.",,"2023/11/28 12:00:00",,,,,,CSV
us-2021-colorado-hairstreak-stamps-forever,Melissa,default@thimatic.com,5,,,"Payment options were diverse and convenient.",,"2023/11/13 12:00:00",,,,,,CSV
us-2021-colorado-hairstreak-stamps-forever,Selena,default@thimatic.com,5,,,"These stamps have a timeless elegance that I appreciate.",,"2024/10/16 12:00:00",,,,,,CSV
us-2021-colorado-hairstreak-stamps-forever,Darlene,default@thimatic.com,5,,,"The stamps are well-constructed and durable.",,"2024/10/09 12:00:00",,,,,,CSV
us-2021-colorado-hairstreak-stamps-forever,Nydia,default@thimatic.com,4,,,"The customer service team was excellent.",,"2024/09/22 12:00:00",,,,,,CSV
us-2021-colorado-hairstreak-stamps-forever,Gardener,default@thimatic.com,5,,,"I received my order quickly and without hassle.",,"2024/09/15 12:00:00",,,,,,CSV
us-2021-love-forever-stamps-wedding,Eve,default@thimatic.com,5,,,"The payment experience was smooth and straightforward.",,"2024/08/29 12:00:00",,,,,,CSV
us-2021-love-forever-stamps-wedding,Miriam,default@thimatic.com,5,,,"The quality of these stamps is remarkable!",,"2024/08/14 12:00:00",,,,,,CSV
us-2021-love-forever-stamps-wedding,Beloved,default@thimatic.com,5,,,"They have an authentic vintage look and feel.",,"2024/08/07 12:00:00",,,,,,CSV
us-2021-love-forever-stamps-wedding,Medwin,default@thimatic.com,5,,,"Great communication from customer support!",,"2024/07/20 12:00:00",,,,,,CSV
us-florida-everglades-mnh-2023-priority-stamp,Violet,default@thimatic.com,5,,,"I was impressed with the fast shipping speed.",,"2024/07/06 12:00:00",,,,,,CSV
us-florida-everglades-mnh-2023-priority-stamp,Zebediah,default@thimatic.com,5,,,"The payment process was efficient and secure.",,"2024/06/23 12:00:00",,,,,,CSV
us-florida-everglades-mnh-2023-priority-stamp,Free,default@thimatic.com,5,,,"These stamps are true treasures for collectors!",,"2024/06/09 12:00:00",,,,,,CSV
us-florida-everglades-mnh-2023-priority-stamp,Udolf,default@thimatic.com,5,,,"The historical context of each stamp is fascinating.",,"2024/05/26 12:00:00",,,,,,CSV
us-florida-everglades-mnh-2023-priority-stamp,Spring-like,default@thimatic.com,5,,,"The support staff was very knowledgeable and helpful.",,"2024/05/12 12:00:00",,,,,,CSV
2019-us-coral-reefs-postcard-stamps,Kelsey,default@thimatic.com,5,,,"The shipping was timely, and my stamps arrived intact.",,"2024/04/28 12:00:00",,,,,,CSV
2019-us-coral-reefs-postcard-stamps,Ariana,default@thimatic.com,5,,,"Payment processing was quick and hassle-free.",,"2024/04/14 12:00:00",,,,,,CSV
2019-us-coral-reefs-postcard-stamps,Paxton,default@thimatic.com,5,,,"The quality of the stamps is truly exceptional!",,"2024/03/31 12:00:00",,,,,,CSV
2019-us-coral-reefs-postcard-stamps,Cunning,default@thimatic.com,5,,,"These designs evoke such wonderful nostalgia.",,"2024/03/17 12:00:00",,,,,,CSV
2019-us-coral-reefs-postcard-stamps,Strength,default@thimatic.com,5,,,"Customer service followed up to ensure my satisfaction.",,"2024/03/03 12:00:00",,,,,,CSV
2019-us-coral-reefs-postcard-stamps,Dorian,default@thimatic.com,5,,,"My order arrived even faster than expected!",,"2024/02/09 12:00:00",,,,,,CSV
2019-us-coral-reefs-postcard-stamps,Amaryllis,default@thimatic.com,5,,,"I appreciate the variety of payment options available.",,"2024/01/26 12:00:00",,,,,,CSV
2019-us-coral-reefs-postcard-stamps,Halden,default@thimatic.com,5,,,"These stamps are beautifully designed and high quality.",,"2023/12/22 12:00:00",,,,,,CSV
2019-us-coral-reefs-postcard-stamps,Compassionate,default@thimatic.com,5,,,"I love how they tell a story through their design!",,"2023/11/27 12:00:00",,,,,,CSV
2019-us-coral-reefs-postcard-stamps,Phyllis,default@thimatic.com,5,,,"The customer service made my experience enjoyable.",,"2023/11/12 12:00:00",,,,,,CSV
us-2021-otters-in-snow-forever-stamps,Leigh,default@thimatic.com,5,,,"Delivery took a little longer than I hoped, but worth it.",,"2024/10/15 12:00:00",,,,,,CSV
us-2021-otters-in-snow-forever-stamps,Amanda,default@thimatic.com,5,,,"The payment experience was seamless and efficient.",,"2024/10/08 12:00:00",,,,,,CSV
us-2021-otters-in-snow-forever-stamps,Konrad,default@thimatic.com,5,,,,,"2024/09/21 12:00:00",,,,,,CSV
us-2021-otters-in-snow-forever-stamps,Tilda,default@thimatic.com,5,,,"The vintage designs are exactly what I wanted.",,"2024/09/14 12:00:00",,,,,,CSV
us-2021-otters-in-snow-forever-stamps,Udele,default@thimatic.com,5,,,"The service was excellent, very impressed overall.",,"2024/08/28 12:00:00",,,,,,CSV
us-2021-otters-in-snow-forever-stamps,Yvette,default@thimatic.com,5,,,"Shipping was fast, and everything was well-packaged.",,"2024/08/13 12:00:00",,,,,,CSV
us-2021-otters-in-snow-forever-stamps,Shawn,default@thimatic.com,5,,,"I had a minor issue, but customer service resolved it quickly.",,"2024/08/06 12:00:00",,,,,,CSV
us-2021-otters-in-snow-forever-stamps,Wolf,default@thimatic.com,5,,,"The payment options were convenient and easy to use.",,"2024/07/19 12:00:00",,,,,,CSV
us-2021-otters-in-snow-forever-stamps,Flame,default@thimatic.com,5,,,"The quality of these stamps is simply outstanding!",,"2024/07/05 12:00:00",,,,,,CSV
booklet-2022-us-flags-forever-stamps,Falkner,default@thimatic.com,5,,,"They have a delightful antique appeal.",,"2024/06/22 12:00:00",,,,,,CSV
2024-u-s-flags-forever-stamps-coil-of-100,Cheerful,default@thimatic.com,4,,,"The customer service team was very accommodating.",,"2023/12/21 12:00:00",,,,,,CSV
2024-u-s-flags-forever-stamps-coil-of-100,Fire,default@thimatic.com,5,,,"Delivery took a bit longer than expected, but worth the wait.",,"2023/11/26 12:00:00",,,,,,CSV
2024-u-s-flags-forever-stamps-coil-of-100,Guide,default@thimatic.com,5,,,"The payment experience was quick and hassle-free.",,"2023/11/11 12:00:00",,,,,,CSV
2024-u-s-flags-forever-stamps-coil-of-100,Audrey,default@thimatic.com,5,,,,,"2023/10/27 12:00:00",,,,,,CSV
2007-us-liberty-bell-forever-stamps,"Aracely R. Birchfield",AracelyRBirchfield@jourrapide.com,5,,,"Like this product a lot I do recommend this to my family and friends",,"2024/10/14 12:00:00",,,,,,CSV
2007-us-liberty-bell-forever-stamps,"Kristina R. Pfarr",NormanSWheeler@armyspy.com,5,,,"Price very good",,"2023/12/04 12:00:00",,,,,,CSV
2007-us-liberty-bell-forever-stamps,"Stephanie D. Dodd",StephanieDDodd@rhyta.com,5,,,"Great service and quality products!",,"2022/05/04 12:00:00",,,,,,CSV
2007-us-liberty-bell-forever-stamps,"Robert D. Perkins",RobertDPerkins@jourrapide.com,5,,,"The ease of on online purchase, a resonable price. A worthwhile purchase",,"2024/10/14 12:00:00",,,,,,CSV
2010-holiday-evergreens-forever-first-class-postage-stamps,"Lee J. Freese",LeeJFreese@armyspy.com,5,,,"Great value and quick delivery",,"2024/10/03 12:00:00",,,,,,CSV
2011-us-firstclass-forever-stamp-wedding-roses,"Maritza R. Irwin",MaritzaRIrwin@teleworm.us,5,,,"Convenient way to get stamps!",,"2023/12/08 12:00:00",,,,,,CSV
2011-us-firstclass-forever-stamp-wedding-roses,"Paul E. Martin",PaulEMartin@jourrapide.com,5,,,"It was most convenient that I did not need to travel to the post office.",,"2023/05/03 12:00:00",,,,,,CSV
2011-us-firstclass-forever-stamp-wedding-roses,"George C. Smith",GeorgeCSmith@rhyta.com,5,,,"The stamps look and adhere well to use to send mail.",,"2022/07/25 12:00:00",,,,,,CSV
2011-us-firstclass-forever-stamp-wedding-roses,"Charles S. Robinson",CharlesSRobinson@jourrapide.com,5,,,"It was nice not to have to stand in line at the Post Office just to buy stamps. The size of the stamps is small so they fit easily on any envelope or postcard.",,"2022/08/18 12:00:00",,,,,,CSV
2011-us-wedding-celebrate-forever-stamps,"Gina N. Hendley",GinaNHendley@teleworm.us,5,,,,,"2024/08/06 12:00:00",,,,,,CSV
2011-us-wedding-celebrate-forever-stamps,"Florene C. Cusick",FloreneCCusick@jourrapide.com,5,,,"Their stamps... They stick... They have great stickiness!",,"2023/12/19 12:00:00",,,,,,CSV
2012-us-bonsai-forever-stamps,"Jeannette T. Hatfield",JeannetteTHatfield@teleworm.us,5,,,"Mailing Christmas cards and bills",,"2024/08/30 12:00:00",,,,,,CSV
2012-us-bonsai-forever-stamps,"Sean S. Morgan",SeanSMorgan@armyspy.com,5,,,,,"2024/05/28 12:00:00",,,,,,CSV
2012-us-bonsai-forever-stamps,"Cathryn J. Perkins",CathrynJPerkins@jourrapide.com,5,,,,,"2024/03/17 12:00:00",,,,,,CSV
2012-us-bonsai-forever-stamps,"Shirley A. Mysliwiec",ShirleyAMysliwiec@teleworm.us,5,,,"Delivery was promised efficient. STAMPS NICE",,"2024/01/12 12:00:00",,,,,,CSV
2014-us-firstclass-forever-stamp-rudolph-the-rednosed-reindeer,"Jonnie R. Tyndall",JonnieRTyndall@jourrapide.com,5,,,"I got these before the rate for stamps increased this summer. I like that I can use them whenever and I saved some money along the way.",,"2024/08/31 12:00:00",,,,,,CSV
2014-us-firstclass-forever-stamp-rudolph-the-rednosed-reindeer,"Pamela K. Smith",PamelaKSmith@rhyta.com,5,,,"The seller is always on time; the stamps are lovely and different! A very nice ""go to"" seller! :)",,"2024/07/13 12:00:00",,,,,,CSV
2014-us-firstclass-forever-stamp-rudolph-the-rednosed-reindeer,"Barbara F. Marcos",BarbaraFMarcos@rhyta.com,5,,,"Real stamps. Lol.",,"2024/07/13 12:00:00",,,,,,CSV
2014-us-firstclass-forever-stamp-rudolph-the-rednosed-reindeer,"Thelma C. Wilde",ThelmaCWilde@jourrapide.com,5,,,"I like all my stuff to be all cute, when I used these they definitely made my envelope just pop with color and sooo cute!",,"2024/06/14 12:00:00",,,,,,CSV
2014-us-firstclass-forever-stamp-the-star-spangled-banner-booklet,"Dana B. Estepp",DanaBEstepp@rhyta.com,5,,,"Needed them for every day",,"2024/10/14 12:00:00",,,,,,CSV
2014-us-firstclass-forever-stamp-the-star-spangled-banner-booklet,"Heather T. Cintron",HeatherTCintron@teleworm.us,5,,,"They were as advertised! Great",,"2024/10/14 12:00:00",,,,,,CSV
2024-u-s-flags-forever-stamps-booklets,"Carroll W. Whitfield",CarrollWWhitfield@teleworm.us,5,,,"I had a fantastic experience buying stamps online! The process was smooth and straightforward, and I received my order quickly. The stamps were exactly as described, with vibrant colors and strong adhesion. I was particularly pleased with the variety of designs available, making it easy to find the perfect ones for my needs. Overall, I'm very satisfied with my purchase and would definitely recommend buying stamps online to anyone!",,"2023/11/02 12:00:00",,,,,,CSV
2012-firstclass-forever-stamp-flag-and-quotequalityquot,"Sheila W. Winebarger",SheilaWWinebarger@armyspy.com,4,,,"Low Cost High Quality Products: Enjoy affordable prices without compromising on quality. Our range offers exceptional value, meeting your needs without breaking the bank.",,"2024/03/02 12:00:00",,,,,,CSV
2024-u-s-flags-forever-stamps-booklets,"Leslie R. Smith",LeslieRSmith@rhyta.com,5,,,"I recently had an outstanding experience purchasing stamps online. The website was user-friendly, and the selection of stamps was impressive. The prices were very reasonable, and the delivery was prompt. The stamps arrived in perfect condition, and they were exactly as advertised. I am very satisfied with my purchase and would highly recommend this online store to anyone looking for high-quality stamps at a great price.",,"2024/04/09 12:00:00",,,,,,CSV
