开始扫描样式模板...,开始扫描样式模板...
扫描样式：%{1},扫描样式：%{1}
缺少必需文件：%{1},缺少必需文件：%{1}
"✓ 已更新","✓ 已更新"
"✓ 已创建 (ID: %{1})","✓ 已创建 (ID: %{1})"
路径：%{1},路径：%{1}
描述：%{1},描述：%{1}
扫描完成！,扫描完成！
扫描总数：%{1},扫描总数：%{1}
新建样式：%{1},新建样式：%{1}
更新样式：%{1},更新样式：%{1}
错误数量：%{1},错误数量：%{1}
"未配置可用的 AI 模型","未配置可用的 AI 模型"
"获取 AI 信息失败：%{1}","获取 AI 信息失败：%{1}"
仅支持POST请求,仅支持POST请求
页面不存在,页面不存在
页面标题：%{1},页面标题：%{1}
SEO标题：%{1},SEO标题：%{1}
SEO描述：%{1},SEO描述：%{1}
当前页面内容摘要：%{1},当前页面内容摘要：%{1}
请基于以上信息优化和完善页面内容。,请基于以上信息优化和完善页面内容。
请输入页面描述，或确保页面有标题、SEO信息或内容,请输入页面描述，或确保页面有标题、SEO信息或内容
页面ID不能为空,页面ID不能为空
模板代码不能为空,模板代码不能为空
模板不存在,模板不存在
组件代码不能为空,组件代码不能为空
组件不存在,组件不存在
此组件没有可生成的文字配置项,此组件没有可生成的文字配置项
组件名称和描述不能为空,组件名称和描述不能为空
开始生成组件...,开始生成组件...
提示词已构建,提示词已构建
"AI 正在生成代码...","AI 正在生成代码..."
"AI 生成过程出错：%{1}","AI 生成过程出错：%{1}"
"AI 生成失败：%{1}","AI 生成失败：%{1}"
"AI 未返回任何内容，请检查 AI 服务配置或网络连接","AI 未返回任何内容，请检查 AI 服务配置或网络连接"
"解析 AI 响应...","解析 AI 响应..."
组件代码未通过两层质量检测，请根据详情修复后重试,组件代码未通过两层质量检测，请根据详情修复后重试
生成结束（质量检测未通过）,生成结束（质量检测未通过）
生成完成,生成完成
组件名称不能为空,组件名称不能为空
组件描述不能为空,组件描述不能为空
"已启用安全模式，已移除 php_variables / js_content 等高风险字段以确保渲染成功","已启用安全模式，已移除 php_variables / js_content 等高风险字段以确保渲染成功"
组件数据不完整,组件数据不完整
组件保存成功,组件保存成功
"AI 未返回任何内容，请检查网络或重试","AI 未返回任何内容，请检查网络或重试"
"AI返回的内容格式不正确：未找到有效 JSON，内容预览：%{1}","AI返回的内容格式不正确：未找到有效 JSON，内容预览：%{1}"
组件生成完成,组件生成完成
组件代码格式不正确（应使用小写字母和连字符）,组件代码格式不正确（应使用小写字母和连字符）
组件区域无效,组件区域无效
组件代码为空,组件代码为空
"组件代码缺少 PHP 标签","组件代码缺少 PHP 标签"
组件代码缺少配置字段定义（@fields_start...@fields_end）,组件代码缺少配置字段定义（@fields_start...@fields_end）
"必须为 JSON 对象","必须为 JSON 对象"
"html_content、css_content、js_content 至少有一项非空","html_content、css_content、js_content 至少有一项非空"
"缺少组件内容字段：需包含 html_content、css_content 或 js_content","缺少组件内容字段：需包含 html_content、css_content 或 js_content"
获取智能体列表失败：%{1},获取智能体列表失败：%{1}
智能体模式：开始生成组件...,智能体模式：开始生成组件...
智能体正在工作...,智能体正在工作...
"智能体执行完成（%{1} 轮，%{2} 次工具调用），正在解析并校验 JSON...","智能体执行完成（%{1} 轮，%{2} 次工具调用），正在解析并校验 JSON..."
"Output was truncated or contained no valid JSON.","Output was truncated or contained no valid JSON."
"JSON 解析未通过，正在让 AI 重试一次...","JSON 解析未通过，正在让 AI 重试一次..."
"组件 JSON 校验未通过，正在让 AI 重试一次...","组件 JSON 校验未通过，正在让 AI 重试一次..."
"AI 返回的组件内容为空（html_content/css_content/js_content 均为空），请重新生成","AI 返回的组件内容为空（html_content/css_content/js_content 均为空），请重新生成"
"JSON 校验通过，正在保存为组件文件...","JSON 校验通过，正在保存为组件文件..."
智能体结果未通过两层质量检测，请根据详情修复后重试,智能体结果未通过两层质量检测，请根据详情修复后重试
组件已注册并生成实体文件，准备渲染预览...,组件已注册并生成实体文件，准备渲染预览...
"JSON 解析/校验失败（已重试一次）","JSON 解析/校验失败（已重试一次）"
"输出可能被截断或未包含有效 JSON，请简化组件描述后重试","输出可能被截断或未包含有效 JSON，请简化组件描述后重试"
"组件 JSON 校验未通过：%{1}，请重试","组件 JSON 校验未通过：%{1}，请重试"
"JSON 解析失败（已重试一次）","JSON 解析失败（已重试一次）"
智能体执行失败,智能体执行失败
"质量确认第 %{1} 轮（共 %{2} 轮）","质量确认第 %{1} 轮（共 %{2} 轮）"
"步骤 1/2：开始 PHP 语法检测（第 %{1} 轮）","步骤 1/2：开始 PHP 语法检测（第 %{1} 轮）"
"步骤 1/2：PHP 语法检测通过（第 %{1} 轮）","步骤 1/2：PHP 语法检测通过（第 %{1} 轮）"
"步骤 1/2：PHP 语法检测失败（第 %{1} 轮）","步骤 1/2：PHP 语法检测失败（第 %{1} 轮）"
"步骤 1/2 未通过，进入自动修复并继续下一轮确认","步骤 1/2 未通过，进入自动修复并继续下一轮确认"
语法修复完成，准备下一轮确认,语法修复完成，准备下一轮确认
"步骤 2/2：开始缺陷检测（第 %{1} 轮）","步骤 2/2：开始缺陷检测（第 %{1} 轮）"
"步骤 2/2：缺陷检测通过（第 %{1} 轮）","步骤 2/2：缺陷检测通过（第 %{1} 轮）"
"步骤 2/2：缺陷检测未通过（第 %{1} 轮）","步骤 2/2：缺陷检测未通过（第 %{1} 轮）"
"步骤 2/2 未通过，进入自动修复并继续下一轮确认","步骤 2/2 未通过，进入自动修复并继续下一轮确认"
缺陷修复完成，准备下一轮确认,缺陷修复完成，准备下一轮确认
请输入文章主题,请输入文章主题
文章生成失败,文章生成失败
文章生成成功,文章生成成功
生成失败：%{error},生成失败：%{error}
页面构建器配置,页面构建器配置
页面管理,页面管理
配置,配置
配置保存成功,配置保存成功
保存失败：%{1},保存失败：%{1}
域名管理,域名管理
缺少域名商代码,缺少域名商代码
域名商类型和账号名称不能为空,域名商类型和账号名称不能为空
请填写必填字段：%{1},请填写必填字段：%{1}
"账号 ID 无效","账号 ID 无效"
删除失败：%{1},删除失败：%{1}
获取域名列表失败,获取域名列表失败
查询失败：%{1},查询失败：%{1}
请选择要拉取的域名,请选择要拉取的域名
没有可用的域名商账户,没有可用的域名商账户
"拉取完成：成功 %{1} 个","拉取完成：成功 %{1} 个"
"，未找到 %{1} 个","，未找到 %{1} 个"
拉取失败：%{1},拉取失败：%{1}
同步失败：%{1},同步失败：%{1}
参数不完整,参数不完整
操作失败：%{1},操作失败：%{1}
请选择域名商账号并输入域名,请选择域名商账号并输入域名
域名列表为空,域名列表为空
检查失败：%{1},检查失败：%{1}
请选择域名商账号,请选择域名商账号
购买域名列表为空,购买域名列表为空
无有效域名,无有效域名
购买失败：%{1},购买失败：%{1}
请输入根域名,请输入根域名
请选择购买时使用的域名商账号,请选择购买时使用的域名商账号
补建失败：%{1},补建失败：%{1}
子域名不能为空,子域名不能为空
"域名 %{1} 已存在于域名池中","域名 %{1} 已存在于域名池中"
子域名添加成功,子域名添加成功
添加失败：%{1},添加失败：%{1}
域名池记录不存在,域名池记录不存在
解析正常,解析正常
解析异常,解析异常
根域名不存在,根域名不存在
所有子域名解析正常,所有子域名解析正常
部分子域名解析异常,部分子域名解析异常
"请提供 pool_id 或 domain_id","请提供 pool_id 或 domain_id"
检测失败：%{1},检测失败：%{1}
"请提供 pool_id","请提供 pool_id"
已删除：%{1},已删除：%{1}
参数无效,参数无效
开始申请证书：%{1},开始申请证书：%{1}
"正在连接 ACME 服务器...","正在连接 ACME 服务器..."
正在验证域名...,正在验证域名...
使用验证方式：%{1},使用验证方式：%{1}
证书存储位置：%{1},证书存储位置：%{1}
证书管理记录已保存，cert_id=%{1},证书管理记录已保存，cert_id=%{1}
"正在更新域名池「%{1}」的 HTTPS 状态…","正在更新域名池「%{1}」的 HTTPS 状态…"
"域名池 HTTPS 状态已更新为有效（pool_id=%{1}）","域名池 HTTPS 状态已更新为有效（pool_id=%{1}）"
证书申请成功,证书申请成功
申请完成：%{1},申请完成：%{1}
未知错误,未知错误
"参数无效：domain_id 与 dns_account_id 必填","参数无效：domain_id 与 dns_account_id 必填"
"开始 DNS/CDN 切换流程","开始 DNS/CDN 切换流程"
域名不存在,域名不存在
"目标 DNS 账户不存在","目标 DNS 账户不存在"
"[DEBUG] 请求参数 dns_account_id=%{1}，load 后 getAccountId()=%{2}，registrar_id=%{3}","[DEBUG] 请求参数 dns_account_id=%{1}，load 后 getAccountId()=%{2}，registrar_id=%{3}"
"[DEBUG] getRegistrarCode()=%{1}","[DEBUG] getRegistrarCode()=%{1}"
"目标账户：%{1}（%{2}），账户 ID：%{3}","目标账户：%{1}（%{2}），账户 ID：%{3}"
"步骤 1/5：正在获取目标 Nameserver…","步骤 1/5：正在获取目标 Nameserver…"
"步骤 1/5：正在向注册商提交新 Nameserver…","步骤 1/5：正在向注册商提交新 Nameserver…"
"Nameserver 已提交，等待全球解析生效（每 15 秒检测一次）…","Nameserver 已提交，等待全球解析生效（每 15 秒检测一次）…"
"[错误] %{1}","[错误] %{1}"
"目标 NS：%{1}","目标 NS：%{1}"
"第 %{1} 秒检测：当前 NS %{2}，%{3}","第 %{1} 秒检测：当前 NS %{2}，%{3}"
(暂无),(暂无)
"注册商已更新为目标 NS，继续搬迁（全球解析可能尚未完全生效）","注册商已更新为目标 NS，继续搬迁（全球解析可能尚未完全生效）"
"NS 已生效（公网解析已更新）","NS 已生效（公网解析已更新）"
"步骤 3/5：正在搬迁 DNS 记录到新供应商…","步骤 3/5：正在搬迁 DNS 记录到新供应商…"
"搬迁完成：成功 %{1} 条，失败 %{2} 条","搬迁完成：成功 %{1} 条，失败 %{2} 条"
"步骤 4/5：正在同步并校验 DNS 记录…","步骤 4/5：正在同步并校验 DNS 记录…"
"校验完成，共 %{1} 条记录","校验完成，共 %{1} 条记录"
"步骤 5/5：校验 CDN 响应…","步骤 5/5：校验 CDN 响应…"
"CDN 校验通过（响应头符合预期）","CDN 校验通过（响应头符合预期）"
"CDN 头校验未命中，可能尚未生效或非该 CDN 节点，请稍后自行确认","CDN 头校验未命中，可能尚未生效或非该 CDN 节点，请稍后自行确认"
"DNS/CDN 切换完成","DNS/CDN 切换完成"
已由用户断开,已由用户断开
切换失败,切换失败
流程结束：%{1},流程结束：%{1}
域名为空,域名为空
证书申请成功：%{1},证书申请成功：%{1}
证书申请失败：%{1},证书申请失败：%{1}
证书申请异常：%{1},证书申请异常：%{1}
"domain_id 不能为空","domain_id 不能为空"
"生成完成：新增 %{1} 个，跳过 %{2} 个","生成完成：新增 %{1} 个，跳过 %{2} 个"
生成失败：%{1},生成失败：%{1}
请选择要转存的域名,请选择要转存的域名
无法获取服务器公网IP,无法获取服务器公网IP
"转存完成：成功 %{1} 个子域名","转存完成：成功 %{1} 个子域名"
"跳过 %{1} 个域名（IP不匹配）","跳过 %{1} 个域名（IP不匹配）"
转存失败：%{1},转存失败：%{1}
请选择要解析的域名,请选择要解析的域名
"解析完成：成功 %{1} 个，失败 %{2} 个","解析完成：成功 %{1} 个，失败 %{2} 个"
"域名池新增 %{1} 个，跳过 %{2} 个","域名池新增 %{1} 个，跳过 %{2} 个"
失败详情：%{1},失败详情：%{1}
解析失败：%{1},解析失败：%{1}
"域名 ID 和记录值不能为空","域名 ID 和记录值不能为空"
找不到域名商账户,找不到域名商账户
"域名商不支持 DNS 管理","域名商不支持 DNS 管理"
"添加 DNS 记录失败","添加 DNS 记录失败"
"DNS 记录添加成功","DNS 记录添加成功"
"添加 DNS 记录失败：%{1}","添加 DNS 记录失败：%{1}"
"请选择要添加 DNS 记录的域名","请选择要添加 DNS 记录的域名"
"无法获取服务器公网 IP","无法获取服务器公网 IP"
记录值不能为空,记录值不能为空
"域名 ID %{1} 不存在","域名 ID %{1} 不存在"
添加失败,添加失败
"批量添加 DNS 记录完成：成功 %{1} 个，失败 %{2} 个","批量添加 DNS 记录完成：成功 %{1} 个，失败 %{2} 个"
"批量添加 DNS 记录失败：%{1}","批量添加 DNS 记录失败：%{1}"
"域名 ID 不能为空","域名 ID 不能为空"
获取失败,获取失败
查询层异常，已切换本地兜底：%{1},查询层异常，已切换本地兜底：%{1}
获取成功（兜底）,获取成功（兜底）
DNS远程同步失败，已使用本地/实时数据回填并同步域名池：%{1},DNS远程同步失败，已使用本地/实时数据回填并同步域名池：%{1}
"获取 DNS 记录失败（兜底）：%{1}","获取 DNS 记录失败（兜底）：%{1}"
"由 DNS 记录自动同步","由 DNS 记录自动同步"
"域名 ID 和记录 ID 不能为空","域名 ID 和记录 ID 不能为空"
"删除 DNS 记录失败","删除 DNS 记录失败"
"DNS 记录删除成功","DNS 记录删除成功"
"删除 DNS 记录失败：%{1}","删除 DNS 记录失败：%{1}"
获取成功,获取成功
"获取 IP 失败：%{1}","获取 IP 失败：%{1}"
请选择要切换的域名,请选择要切换的域名
"请输入目标 DNS 服务器或选择目标服务商","请输入目标 DNS 服务器或选择目标服务商"
"无法获取目标服务商的 Nameserver","无法获取目标服务商的 Nameserver"
域名商适配器不存在,域名商适配器不存在
"DNS切换完成：成功 %{1} 个，失败 %{2} 个","DNS切换完成：成功 %{1} 个，失败 %{2} 个"
切换失败：%{1},切换失败：%{1}
"全球领先的 CDN 和 DNS 服务商，提供免费 DDoS 防护","全球领先的 CDN 和 DNS 服务商，提供免费 DDoS 防护"
"腾讯云 DNS 服务，国内解析速度快","腾讯云 DNS 服务，国内解析速度快"
"阿里云 DNS","阿里云 DNS"
"阿里云 DNS 服务，稳定可靠","阿里云 DNS 服务，稳定可靠"
自定义,自定义
"手动输入 Nameserver","手动输入 Nameserver"
获取账户列表失败：%{1},获取账户列表失败：%{1}
请选择目标账户,请选择目标账户
账户不存在,账户不存在
适配器不存在,适配器不存在
"已获取各域名的 Nameserver","已获取各域名的 Nameserver"
"获取 Nameserver 失败：%{1}","获取 Nameserver 失败：%{1}"
目标账户不存在,目标账户不存在
目标适配器不存在,目标适配器不存在
"无法获取目标 Nameserver","无法获取目标 Nameserver"
找不到源域名商账户,找不到源域名商账户
源域名商适配器不存在,源域名商适配器不存在
记录同步,记录同步
请选择要检测的域名,请选择要检测的域名
"DNS 检测完成，共 %{1} 个根域，%{2} 个已更新","DNS 检测完成，共 %{1} 个根域，%{2} 个已更新"
"DNS 检测失败：%{1}","DNS 检测失败：%{1}"
请选择要设置的域名,请选择要设置的域名
请至少选择一个账户进行设置,请至少选择一个账户进行设置
"DNS 账户不存在","DNS 账户不存在"
"CDN 账户不存在（请确认所选账户仍存在且已启用，或在「域名商账户」中添加 CDN 服务商账户）","CDN 账户不存在（请确认所选账户仍存在且已启用，或在「域名商账户」中添加 CDN 服务商账户）"
"批量设置完成：共 %{1} 个域名，更新 %{2} 个","批量设置完成：共 %{1} 个域名，更新 %{2} 个"
"失败 %{1} 个","失败 %{1} 个"
批量设置失败：%{1},批量设置失败：%{1}
"[getDnsAccounts] 活跃账户数量：%{1}","[getDnsAccounts] 活跃账户数量：%{1}"
"[getDnsAccounts] 账户 ID=%{1}, name=%{2}, registrar_id=%{3}, code=%{4}, supportsDns=%{5}, isCdn=%{6}","[getDnsAccounts] 账户 ID=%{1}, name=%{2}, registrar_id=%{3}, code=%{4}, supportsDns=%{5}, isCdn=%{6}"
"[getDnsAccounts] DNS 账户数：%{1}，CDN 账户数：%{2}","[getDnsAccounts] DNS 账户数：%{1}，CDN 账户数：%{2}"
"[getDnsAccounts] 异常：%{1}","[getDnsAccounts] 异常：%{1}"
请选择要取消拉取的域名,请选择要取消拉取的域名
"批量取消拉取完成：删除 %{1} 个根域，%{2} 个域名池记录，%{3} 条 DNS 记录","批量取消拉取完成：删除 %{1} 个根域，%{2} 个域名池记录，%{3} 条 DNS 记录"
"（%{1} 个失败）","（%{1} 个失败）"
批量取消拉取失败：%{1},批量取消拉取失败：%{1}
请选择域名商账户,请选择域名商账户
该账户下没有已同步的域名,该账户下没有已同步的域名
"取消拉取完成：删除 %{1} 个根域，%{2} 个域名池记录，%{3} 条 DNS 记录","取消拉取完成：删除 %{1} 个根域，%{2} 个域名池记录，%{3} 条 DNS 记录"
取消拉取失败：%{1},取消拉取失败：%{1}
"没有需要清理的 DNS 服务商域名","没有需要清理的 DNS 服务商域名"
"清理完成：共删除 %{1} 个误同步的域名（来自 %{2} 个 DNS 服务商账户）","清理完成：共删除 %{1} 个误同步的域名（来自 %{2} 个 DNS 服务商账户）"
清理失败：%{1},清理失败：%{1}
页面构建器,页面构建器
内容管理,内容管理
新建页面,新建页面
子页面不能分配给子页面，已自动调整为顶级页面：%{1},子页面不能分配给子页面，已自动调整为顶级页面：%{1}
子页面已继承父页面配置,子页面已继承父页面配置
父页面ID：%{1},父页面ID：%{1}
继承样式：%{1},继承样式：%{1}
继承Logo：%{1},继承Logo：%{1}
继承默认语言：%{1},继承默认语言：%{1}
页面创建成功！,页面创建成功！
页面创建失败！,页面创建失败！
页面ID不能为空！,页面ID不能为空！
页面不存在！,页面不存在！
您没有权限编辑该页面所属的站点。,您没有权限编辑该页面所属的站点。
编辑页面,编辑页面
"SEO 配置已保存","SEO 配置已保存"
"已将 %{1} 个子页面提升到父级页面","已将 %{1} 个子页面提升到父级页面"
子页面配置已从父页面继承,子页面配置已从父页面继承
页面不存在，无法更新！,页面不存在，无法更新！
页面更新成功！,页面更新成功！
必填字段不能为空，请检查表单数据是否完整,必填字段不能为空，请检查表单数据是否完整
数据重复，请检查页面句柄是否已被使用,数据重复，请检查页面句柄是否已被使用
页面更新失败！,页面更新失败！
页面更新失败：,页面更新失败：
功能建设中，敬请期待！,功能建设中，敬请期待！
该页面存在子页面，无法删除！请先删除或移动子页面。,该页面存在子页面，无法删除！请先删除或移动子页面。
页面删除成功！,页面删除成功！
页面删除失败！,页面删除失败！
只能删除首页类型的顶级页面,只能删除首页类型的顶级页面
"站点删除成功，共删除 %{1} 个页面","站点删除成功，共删除 %{1} 个页面"
删除失败：,删除失败：
参数错误！,参数错误！
翻译页面,翻译页面
翻译保存成功！,翻译保存成功！
翻译保存失败！,翻译保存失败！
样式列表获取成功,样式列表获取成功
请选择模板,请选择模板
请输入站点名称,请输入站点名称
请选择所属站点,请选择所属站点
URL前缀只能包含小写字母、数字和连字符,URL前缀只能包含小写字母、数字和连字符
关于我们,关于我们
联系我们,联系我们
隐私政策,隐私政策
服务条款,服务条款
退款政策,退款政策
配送政策,配送政策
Cookie政策,Cookie政策
博客列表,博客列表
博客文章详情,博客文章详情
博客分类,博客分类
页面保存失败：%{name},页面保存失败：%{name}
"站点创建成功，共创建 %{count} 个页面","站点创建成功，共创建 %{count} 个页面"
创建失败：,创建失败：
样式代码不能为空,样式代码不能为空
样式不存在,样式不存在
页面句柄不能为空,页面句柄不能为空
页面句柄只能包含小写字母、数字和连字符,页面句柄只能包含小写字母、数字和连字符
当前页面的句柄,当前页面的句柄
页面句柄已被使用，请使用其他句柄,页面句柄已被使用，请使用其他句柄
页面句柄可用,页面句柄可用
"缺少 handle","缺少 handle"
文件上传失败或未选择文件,文件上传失败或未选择文件
"只允许上传图片文件 (jpg, jpeg, png, gif, webp, svg)","只允许上传图片文件 (jpg, jpeg, png, gif, webp, svg)"
无法将文件移动到目标目录,无法将文件移动到目标目录
样式模板不存在,样式模板不存在
组件,组件
配置Key,配置Key
标签Label,标签Label
值（填写此处）,值（填写此处）
提示Tip,提示Tip
请选择要导入的Excel文件,请选择要导入的Excel文件
第%d行：组件代码不匹配（A列：%s，B列：%s）,第%d行：组件代码不匹配（A列：%s，B列：%s）
"第%d行：未找到组件 %s 在 %s 区域","第%d行：未找到组件 %s 在 %s 区域"
未找到有效的配置项,未找到有效的配置项
"成功导入 %d 个配置项，跳过 %d 个无效项","成功导入 %d 个配置项，跳过 %d 个无效项"
只有首页类型的页面可以导出,只有首页类型的页面可以导出
只有顶级页面可以导出,只有顶级页面可以导出
无法创建ZIP文件,无法创建ZIP文件
ZIP文件创建失败,ZIP文件创建失败
ZIP文件为空,ZIP文件为空
导出失败：%{message},导出失败：%{message}
"语言配置已保存到 %{1}","语言配置已保存到 %{1}"
默认配置已保存,默认配置已保存
配置键列表不能为空,配置键列表不能为空
"已重置 %{1} 个字段为默认值（语言：%{2}）","已重置 %{1} 个字段为默认值（语言：%{2}）"
"已重置 %{1} 个字段为默认值","已重置 %{1} 个字段为默认值"
快速建站,快速建站
配置订单,配置订单
参数不完整：域名=%{1}，账号ID=%{2},参数不完整：域名=%{1}，账号ID=%{2}
"PageBuilder SEO管理","PageBuilder SEO管理"
站点,站点
服务器实例,服务器实例
服务器监控,服务器监控
SSL证书管理,SSL证书管理
性能优化指南,性能优化指南
不支持的操作：%{1},不支持的操作：%{1}
操作终止,操作终止
启动,启动
热重载,热重载
重启,重启
开始执行%{1}，实例：%{2},开始执行%{1}，实例：%{2}
操作失败,操作失败
操作执行失败,操作执行失败
命令已发送，等待状态稳定...,命令已发送，等待状态稳定...
"第 %{1} 次状态检测：%{2}","第 %{1} 次状态检测：%{2}"
运行中,运行中
已停止,已停止
%{1}完成，实例状态已稳定。,%{1}完成，实例状态已稳定。
命令已执行，实例仍在切换中，请稍后刷新状态查看最终结果。,命令已执行，实例仍在切换中，请稍后刷新状态查看最终结果。
表单提交管理,表单提交管理
表单提交,表单提交
提交记录ID不能为空！,提交记录ID不能为空！
提交记录不存在！,提交记录不存在！
查看提交详情,查看提交详情
提交详情,提交详情
提交记录删除成功！,提交记录删除成功！
提交记录删除失败！,提交记录删除失败！
导出失败！,导出失败！
模板管理,模板管理
模板ID不能为空,模板ID不能为空
发布前需要先生成预览图,发布前需要先生成预览图
模板已发布,模板已发布
模板已取消发布,模板已取消发布
"模板配置预览 - %1","模板配置预览 - %1"
色系选择,色系选择
选择不同的色系可以快速改变整个模板的颜色方案,选择不同的色系可以快速改变整个模板的颜色方案
配置已保存,配置已保存
预览图已存在,预览图已存在
请在前端截图后上传,请在前端截图后上传
图片数据不能为空,图片数据不能为空
图片数据解码失败,图片数据解码失败
图片保存失败,图片保存失败
预览图上传成功,预览图上传成功
"组件 ID %{1} 不存在或模板内容为空","组件 ID %{1} 不存在或模板内容为空"
"组件 %{1} 不存在或模板内容为空","组件 %{1} 不存在或模板内容为空"
"请提供 component_id、code 或有效的 refine_token","请提供 component_id、code 或有效的 refine_token"
请提供调整提示词,请提供调整提示词
开始微调,开始微调
微调完成,微调完成
"请提供 template_content 或有效的 refine_token","请提供 template_content 或有效的 refine_token"
"请提供有效的 draft_id 或 component_id","请提供有效的 draft_id 或 component_id"
"AI 组件已保存","AI 组件已保存"
"AI 组件已更新","AI 组件已更新"
"请提供组件 ID","请提供组件 ID"
同步完成,同步完成
清理完成,清理完成
全局组件已保存到首页,全局组件已保存到首页
组件已添加,组件已添加
全局组件已从首页删除,全局组件已从首页删除
组件已移除,组件已移除
配置已更新,配置已更新
顺序已更新,顺序已更新
缺少页面ID参数,缺少页面ID参数
可视化页面构建器,可视化页面构建器
站点分配已更新,站点分配已更新
站点分配,站点分配
PageBuilder网站管理,PageBuilder网站管理
新建站点,新建站点
请至少选择一个域名,请至少选择一个域名
"该域名根路径已被站点「%{1}」使用，请使用子路径（如 /shop）","该域名根路径已被站点「%{1}」使用，请使用子路径（如 /shop）"
"该地址 %{1} 已被站点「%{2}」使用","该地址 %{1} 已被站点「%{2}」使用"
网站保存失败，未能获取网站ID,网站保存失败，未能获取网站ID
网站添加成功,网站添加成功
"该网站 URL 已存在，请勿重复添加。若需修改请到网站列表中编辑对应站点。","该网站 URL 已存在，请勿重复添加。若需修改请到网站列表中编辑对应站点。"
"网站添加失败: %{1}","网站添加失败: %{1}"
网站ID不能为空,网站ID不能为空
网站不存在,网站不存在
"保存关联货币失败: %{1}","保存关联货币失败: %{1}"
"保存关联语言失败: %{1}","保存关联语言失败: %{1}"
网站更新成功,网站更新成功
"该网站 URL 已被其他站点使用，请勿重复。请更换为其他 URL。","该网站 URL 已被其他站点使用，请勿重复。请更换为其他 URL。"
"网站更新失败: %{1}","网站更新失败: %{1}"
默认网站不允许删除,默认网站不允许删除
网站删除成功,网站删除成功
"网站删除失败: %{1}","网站删除失败: %{1}"
当前语言没有对应语言包翻译，请前往i18n模块对%{1}语言的地区语言进行更新,当前语言没有对应语言包翻译，请前往i18n模块对%{1}语言的地区语言进行更新
非法请求,非法请求
请输入邮箱地址,请输入邮箱地址
请输入电话号码,请输入电话号码
邮箱格式不正确,邮箱格式不正确
电话号码格式不正确,电话号码格式不正确
提交成功！感谢您的关注。,提交成功！感谢您的关注。
提交失败：,提交失败：
提交失败，请稍后再试,提交失败，请稍后再试
发布时间：,发布时间：
提示：,提示：
此页面不支持当前语言，以下内容显示为默认语言。,此页面不支持当前语言，以下内容显示为默认语言。
此页面尚未翻译为当前语言，以下内容显示为默认语言。,此页面尚未翻译为当前语言，以下内容显示为默认语言。
"队列巡检检测到构建队列已结束，但完成门禁未通过（reason=%{1}，未完成=%{2}/%{3}，无效产物=%{4}）；已回退为 pending，等待系统下一轮调度。","队列巡检检测到构建队列已结束，但完成门禁未通过（reason=%{1}，未完成=%{2}/%{3}，无效产物=%{4}）；已回退为 pending，等待系统下一轮调度。"
"队列巡检已达到最大自动重试次数 %{1}；完成门禁仍未通过（reason=%{2}，未完成=%{3}/%{4}，无效产物=%{5}），已停止自动重试。","队列巡检已达到最大自动重试次数 %{1}；完成门禁仍未通过（reason=%{2}，未完成=%{3}/%{4}，无效产物=%{5}），已停止自动重试。"
构建完成门禁已通过；队列巡检已按统一门禁修正终态为完成。,构建完成门禁已通过；队列巡检已按统一门禁修正终态为完成。
网站保存后,网站保存后
新建或更新站点时触发，用于将站点归属到当前后台用户等后续处理。,新建或更新站点时触发，用于将站点归属到当前后台用户等后续处理。
"快速建站 - 查询可用服务","快速建站 - 查询可用服务"
"查询所有可用的建站相关服务能力。各模块通过观察者将自身服务信息追加到 data.services 数组。","查询所有可用的建站相关服务能力。各模块通过观察者将自身服务信息追加到 data.services 数组。"
"快速建站 - 启动一站式配置","快速建站 - 启动一站式配置"
"启动一站式配置流程（DNS→CDN→SSL），由 Weline_Saas 的 DomainProvisioningService 执行。","启动一站式配置流程（DNS→CDN→SSL），由 Weline_Saas 的 DomainProvisioningService 执行。"
"快速建站 - 查询配置订单","快速建站 - 查询配置订单"
"查询配置订单列表，由 Weline_Saas 响应。","查询配置订单列表，由 Weline_Saas 响应。"
"PageBuilder 组件构建智能体","PageBuilder 组件构建智能体"
"擅长生成 PageBuilder 页面组件，支持查询参考组件、获取框架模板、验证代码等工具调用","擅长生成 PageBuilder 页面组件，支持查询参考组件、获取框架模板、验证代码等工具调用"
"正在调用 AI 模型...","正在调用 AI 模型..."
"等待 AI 响应中... (已等待 %{1} 秒)","等待 AI 响应中... (已等待 %{1} 秒)"
"AI 调用失败：%{1}","AI 调用失败：%{1}"
"AI 已完成所有调用，正在输出最终结果...","AI 已完成所有调用，正在输出最终结果..."
"正在执行工具: %{1}","正在执行工具: %{1}"
工具不存在：%{1},工具不存在：%{1}
"验证通过，正在输出最终 JSON...","验证通过，正在输出最终 JSON..."
"等待最终 JSON 输出... (已等待 %{1} 秒)","等待最终 JSON 输出... (已等待 %{1} 秒)"
"工具执行完成，准备第 %{1} 轮 AI 调用...","工具执行完成，准备第 %{1} 轮 AI 调用..."
已达安全上限，正在整理最终结果...,已达安全上限，正在整理最终结果...
"等待 AI 最终响应... (已等待 %{1} 秒)","等待 AI 最终响应... (已等待 %{1} 秒)"
智能体达到安全上限（%{1}轮），但未能生成最终结果,智能体达到安全上限（%{1}轮），但未能生成最终结果
"PageBuilder 组件微调智能体","PageBuilder 组件微调智能体"
用于在现有组件基础上进行精确微调，优先保留结构并只修改指定区域,用于在现有组件基础上进行精确微调，优先保留结构并只修改指定区域
智能体达到最大循环轮次（%{1}），可能任务过于复杂,智能体达到最大循环轮次（%{1}），可能任务过于复杂
"PageBuilder 查询器不支持的操作：%{1}","PageBuilder 查询器不支持的操作：%{1}"
"PageBuilder 页面查询","PageBuilder 页面查询"
提供页面信息查询能力,提供页面信息查询能力
"根据 ID 获取页面信息","根据 ID 获取页面信息"
"PageBuilder 页面构建器 Sitemap 生成器，为所有站点的已发布页面生成 sitemap.xml","PageBuilder 页面构建器 Sitemap 生成器，为所有站点的已发布页面生成 sitemap.xml"
"PageBuilder 页面构建器 Sitemap URL 提供者，为所有站点的已发布页面提供 URL 数据","PageBuilder 页面构建器 Sitemap URL 提供者，为所有站点的已发布页面提供 URL 数据"
"AI 建站工作台 · PageBuilder","AI 建站工作台 · PageBuilder"
"Websites 负责准备信息、域名和镜像工作区，真正的 AI 建站、虚拟主题、页面物化和可视化编辑全部交给 PageBuilder 原生流程。","Websites 负责准备信息、域名和镜像工作区，真正的 AI 建站、虚拟主题、页面物化和可视化编辑全部交给 PageBuilder 原生流程。"
"PageBuilder 扩展","PageBuilder 扩展"
"进入 PageBuilder 原生流程","进入 PageBuilder 原生流程"
"创建 Websites 镜像工作区","创建 Websites 镜像工作区"
"继续到 PageBuilder 原生工作台","继续到 PageBuilder 原生工作台"
"已为你创建兼容 PageBuilder 的镜像工作区。这里继续收集站点准备信息，真正的虚拟主题和可视化编辑会在 PageBuilder 中完成。","已为你创建兼容 PageBuilder 的镜像工作区。这里继续收集站点准备信息，真正的虚拟主题和可视化编辑会在 PageBuilder 中完成。"
"先完成站点简介、目标域名、注册商选择等准备信息，然后把流程交给 PageBuilder。","先完成站点简介、目标域名、注册商选择等准备信息，然后把流程交给 PageBuilder。"
"AI 会先整理网站级资料输入，进入 PageBuilder 后再一次性生成草稿站点、虚拟主题、页面和可视化预览。","AI 会先整理网站级资料输入，进入 PageBuilder 后再一次性生成草稿站点、虚拟主题、页面和可视化预览。"
"确认准备信息并进入 PageBuilder","确认准备信息并进入 PageBuilder"
"PageBuilder AI 建站","PageBuilder AI 建站"
"从这一步开始由 PageBuilder 原生工作区接管。虚拟主题、页面物化、可视化预览和编辑都以 PageBuilder 状态为准。","从这一步开始由 PageBuilder 原生工作区接管。虚拟主题、页面物化、可视化预览和编辑都以 PageBuilder 状态为准。"
"PageBuilder 原生闭环","PageBuilder 原生闭环"
"进入 PageBuilder 后执行“虚拟主题编排”，系统会创建或恢复真实草稿站点，批量物化页面，并直接给出 preview/full?visual_editor=1 的真实可视化地址。","进入 PageBuilder 后执行“虚拟主题编排”，系统会创建或恢复真实草稿站点，批量物化页面，并直接给出 preview/full?visual_editor=1 的真实可视化地址。"
"草稿站点会先创建，后续发布仍是同一个 website_id","草稿站点会先创建，后续发布仍是同一个 website_id"
"虚拟主题和页面都由 PageBuilder 服务层负责写入","虚拟主题和页面都由 PageBuilder 服务层负责写入"
"可视化预览与编辑完全复用现有 preview/full 与 page/edit 核心","可视化预览与编辑完全复用现有 preview/full 与 page/edit 核心"
"最后在 Websites 里只做镜像确认，真实发布仍针对同一个草稿站点。","最后在 Websites 里只做镜像确认，真实发布仍针对同一个草稿站点。"
"优先回看镜像工作区里的可视化 iframe 和编辑器入口，确认 URLs 与 PageBuilder 原生工作区保持一致。","优先回看镜像工作区里的可视化 iframe 和编辑器入口，确认 URLs 与 PageBuilder 原生工作区保持一致。"
"打开 PageBuilder 工作台","打开 PageBuilder 工作台"
"进入 PageBuilder 原生 AI 建站工作区，继续虚拟主题和可视化编辑流程。","进入 PageBuilder 原生 AI 建站工作区，继续虚拟主题和可视化编辑流程。"
管理域名,管理域名
"查看或处理 PageBuilder 侧的域名任务。","查看或处理 PageBuilder 侧的域名任务。"
管理站点,管理站点
"跳到 PageBuilder 的站点管理列表。","跳到 PageBuilder 的站点管理列表。"
打开页面列表,打开页面列表
"进入 PageBuilder 页面管理界面。","进入 PageBuilder 页面管理界面。"
"写入 site_ready（域名门禁）","写入 site_ready（域名门禁）"
"通过 Websites 会话 merge-scope 写入 site_ready=1 表示域名流程完成；0 时 PageBuilder 仅允许草稿。详见模块 doc 计划-AI建站工作台-Websites侧.md。","通过 Websites 会话 merge-scope 写入 site_ready=1 表示域名流程完成；0 时 PageBuilder 仅允许草稿。详见模块 doc 计划-AI建站工作台-Websites侧.md。"
"说明：workspace_track 双轨","说明：workspace_track 双轨"
"handoff 可带 workspace_track=html_blocks（默认 HTML 区块）或 virtual_theme（高级虚拟主题）。进入 PageBuilder 工作区后可在「阶段2」卡片切换。","handoff 可带 workspace_track=html_blocks（默认 HTML 区块）或 virtual_theme（高级虚拟主题）。进入 PageBuilder 工作区后可在「阶段2」卡片切换。"
"AI 正在生成内容，正文流不写入队列日志（已接收 %{chunks} 段 / %{bytes} B）。","AI 正在生成内容，正文流不写入队列日志（已接收 %{chunks} 段 / %{bytes} B）。"
"AI 内容已生成并写入阶段草案，正文流已从队列 SSE 中省略。","AI 内容已生成并写入阶段草案，正文流已从队列 SSE 中省略。"
头部组件,头部组件
底部组件,底部组件
内容组件,内容组件
小部件,小部件
区块组件,区块组件
布局组件,布局组件
系统组件,系统组件
首页,首页
博客文章,博客文章
自定义页面,自定义页面
【首页】内容应突出核心价值主张、产品/服务亮点、主要卖点；文案简短有力，适合首屏与首屏以下关键区块；注重转化与品牌印象。,【首页】内容应突出核心价值主张、产品/服务亮点、主要卖点；文案简短有力，适合首屏与首屏以下关键区块；注重转化与品牌印象。
【关于我们】内容应包含：公司/品牌介绍、使命与愿景、核心团队或创始人、发展历程/里程碑、核心价值观或特色；语气专业且富有亲和力。,【关于我们】内容应包含：公司/品牌介绍、使命与愿景、核心团队或创始人、发展历程/里程碑、核心价值观或特色；语气专业且富有亲和力。
【联系我们】内容应包含：联系表单说明、客服/销售邮箱与电话、办公地址、营业时间、常见联系方式提示；确保用户能快速找到联系渠道。,【联系我们】内容应包含：联系表单说明、客服/销售邮箱与电话、办公地址、营业时间、常见联系方式提示；确保用户能快速找到联系渠道。
"【隐私政策】内容应包含：数据收集范围、使用目的、存储与安全措施、用户权利（访问/更正/删除）、第三方共享说明、Cookie 与追踪说明、政策更新方式。","【隐私政策】内容应包含：数据收集范围、使用目的、存储与安全措施、用户权利（访问/更正/删除）、第三方共享说明、Cookie 与追踪说明、政策更新方式。"
【服务条款】内容应包含：服务范围与说明、用户责任与禁止行为、知识产权、免责声明、争议解决、条款变更通知。,【服务条款】内容应包含：服务范围与说明、用户责任与禁止行为、知识产权、免责声明、争议解决、条款变更通知。
【退款政策】内容应包含：退款适用条件、申请流程与时限、退款方式与到账时间、不可退款情形、客服联系方式。,【退款政策】内容应包含：退款适用条件、申请流程与时限、退款方式与到账时间、不可退款情形、客服联系方式。
【配送政策】内容应包含：配送范围、配送时效、配送费用说明、物流跟踪、签收与退货相关说明。,【配送政策】内容应包含：配送范围、配送时效、配送费用说明、物流跟踪、签收与退货相关说明。
"【Cookie 政策】内容应包含：Cookie 用途与类型、必要与非必要 Cookie 说明、用户如何管理与禁用 Cookie、第三方 Cookie 说明。","【Cookie 政策】内容应包含：Cookie 用途与类型、必要与非必要 Cookie 说明、用户如何管理与禁用 Cookie、第三方 Cookie 说明。"
【博客文章】内容为单篇文章正文：标题、引言、分段正文、配图占位提示；符合博客文章风格与可读性。,【博客文章】内容为单篇文章正文：标题、引言、分段正文、配图占位提示；符合博客文章风格与可读性。
【博客列表】内容为列表页说明：栏目介绍、文章摘要展示说明；引导用户浏览文章列表。,【博客列表】内容为列表页说明：栏目介绍、文章摘要展示说明；引导用户浏览文章列表。
【博客分类】内容为分类介绍：该分类主题说明、典型内容范围；引导用户浏览该分类下文章。,【博客分类】内容为分类介绍：该分类主题说明、典型内容范围；引导用户浏览该分类下文章。
【自定义页面】根据页面描述生成符合主题的完整内容；结构清晰、信息完整。,【自定义页面】根据页面描述生成符合主题的完整内容；结构清晰、信息完整。
已发布,已发布
草稿,草稿
所有类型,所有类型
头部配置,头部配置
内容配置,内容配置
页脚配置,页脚配置
色系配置,色系配置
位置,位置
颜色,颜色
尺寸,尺寸
样式,样式
布局,布局
排版,排版
间距,间距
边框,边框
效果,效果
SEO设置,SEO设置
统计代码,统计代码
第一阶段方案已存在；队列已跳过重复生成。若需重新生成，请使用强制重建。,第一阶段方案已存在；队列已跳过重复生成。若需重新生成，请使用强制重建。
"第一阶段方案生成已失败 %{1} 次，队列不再自动重试；如需继续，请手动强制重建。","第一阶段方案生成已失败 %{1} 次，队列不再自动重试；如需继续，请手动强制重建。"
Component,Component
"Component code generated, but preview failed to render","Component code generated, but preview failed to render"
"You can continue to refine or save the component directly","You can continue to refine or save the component directly"
"只能删除 AI 生成的组件","只能删除 AI 生成的组件"
"无法删除：组件「%{1}」正在被 %{2} 个页面使用，请先从这些页面中移除该组件后再删除。","无法删除：组件「%{1}」正在被 %{2} 个页面使用，请先从这些页面中移除该组件后再删除。"
"AI 组件已删除","AI 组件已删除"
"AI content placeholder","AI content placeholder"
页面不存在：%{1},页面不存在：%{1}
组件不存在：%{1},组件不存在：%{1}
"PHP 变量未声明：%{1}","PHP 变量未声明：%{1}"
操作执行完成,操作执行完成
"…（以下仅显示末尾约 %{n} 字符）","…（以下仅显示末尾约 %{n} 字符）"
"已省略 %{n} 行 AI 正文输出。","已省略 %{n} 行 AI 正文输出。"
"队列 #%{queue_id} 正在等待系统定时任务调度，通常约 1 分钟内开始执行；你可以关闭当前进度窗口，继续操作其他内容。","队列 #%{queue_id} 正在等待系统定时任务调度，通常约 1 分钟内开始执行；你可以关闭当前进度窗口，继续操作其他内容。"
"队列正在等待系统定时任务调度，通常约 1 分钟内开始执行；你可以关闭当前进度窗口，继续操作其他内容。","队列正在等待系统定时任务调度，通常约 1 分钟内开始执行；你可以关闭当前进度窗口，继续操作其他内容。"
队列执行失败，请重试。,队列执行失败，请重试。
生成主题队列已取消。,生成主题队列已取消。
生成主题队列已完成。,生成主题队列已完成。
建站方案队列已取消。,建站方案队列已取消。
建站方案队列已完成。,建站方案队列已完成。
【队列】任务已就绪，以下为队列快照（进度请在工作区自动刷新）。,【队列】任务已就绪，以下为队列快照（进度请在工作区自动刷新）。
队列编号：%{id},队列编号：%{id}
"业务键 biz_key：%{k}","业务键 biz_key：%{k}"
"任务：%{name}（模块 %{module}）","任务：%{name}（模块 %{module}）"
"状态：%{status}；调度 PID：%{pid}","状态：%{status}；调度 PID：%{pid}"
"类型 ID：%{tid}；完成标记：%{fin}","类型 ID：%{tid}；完成标记：%{fin}"
"开始/结束：%{s} / %{e}","开始/结束：%{s} / %{e}"
"会话 public_id：%{h}","会话 public_id：%{h}"
"会话 public_id（脱敏）：%{h}","会话 public_id（脱敏）：%{h}"
"队列状态变更：%{from} → %{to}","队列状态变更：%{from} → %{to}"
"队列已被 worker 领取执行（PID %{pid}）。","队列已被 worker 领取执行（PID %{pid}）。"
缺少要重建的页面类型,缺少要重建的页面类型
页面类型不在当前工作区中,页面类型不在当前工作区中
正在重建页面：%{page},正在重建页面：%{page}
页面区块已重建,页面区块已重建
页面重建完成,页面重建完成
页面已重建：%{page},页面已重建：%{page}
页面重建完成，可继续调整组件,页面重建完成，可继续调整组件
未命名账号,未命名账号
"本地供应商 - 本地默认账号","本地供应商 - 本地默认账号"
本地供应商,本地供应商
本地默认账号,本地默认账号
已读取队列状态,已读取队列状态
知道了,知道了
方案生成,方案生成
生成主题,生成主题
后台任务,后台任务
待执行,待执行
执行中,执行中
已完成,已完成
失败,失败
已取消,已取消
"检测到 %{operation} 队列 #%{queue_id} 处于待执行状态，系统调度器会继续处理。","检测到 %{operation} 队列 #%{queue_id} 处于待执行状态，系统调度器会继续处理。"
"%{operation} 队列 #%{queue_id} 正在执行，请等待进度自动刷新。","%{operation} 队列 #%{queue_id} 正在执行，请等待进度自动刷新。"
"%{operation} 队列 #%{queue_id} 执行失败，请查看队列日志后重试。","%{operation} 队列 #%{queue_id} 执行失败，请查看队列日志后重试。"
"%{operation} 队列 #%{queue_id} 已完成，工作台已读取最新状态。","%{operation} 队列 #%{queue_id} 已完成，工作台已读取最新状态。"
"%{operation} 队列 #%{queue_id} 当前状态：%{status}。","%{operation} 队列 #%{queue_id} 当前状态：%{status}。"
构建主循环已结束，但仍有任务停留在执行中状态；已结合已生成内容与任务状态对齐。,构建主循环已结束，但仍有任务停留在执行中状态；已结合已生成内容与任务状态对齐。
"Failed to create PageBuilder draft website","Failed to create PageBuilder draft website"
"AI 未生成任何可用页面区块：%{1}","AI 未生成任何可用页面区块：%{1}"
"PageBuilder materialization requires a real website_id","PageBuilder materialization requires a real website_id"
"AI virtual theme page has no generated layout or blocks: %{1}","AI virtual theme page has no generated layout or blocks: %{1}"
"Failed to materialize PageBuilder page: %{1}","Failed to materialize PageBuilder page: %{1}"
"AI publish verification failed: no materialized pages were produced.","AI publish verification failed: no materialized pages were produced."
"AI publish verification failed: page %{1} has no materialized page_id.","AI publish verification failed: page %{1} has no materialized page_id."
"AI publish verification failed: materialized page %{1} does not exist.","AI publish verification failed: materialized page %{1} does not exist."
"AI publish verification failed for %{1}: %{2}","AI publish verification failed for %{1}: %{2}"
"Unsupported shared component region: %{1}","Unsupported shared component region: %{1}"
"Invalid generated content component payload","Invalid generated content component payload"
"Invalid generated page layout payload","Invalid generated page layout payload"
"Home | Pages | Contact","Home | Pages | Contact"
域名不能为空,域名不能为空
"返回 Websites 总工作台","返回 Websites 总工作台"
说明,说明
"本工作台用于恢复和继续 AI 建站会话。域名购买与一键建站仍可从网站工作台进入，这里主要聚焦最近会话、后台构建、快速审核与发布入口。","本工作台用于恢复和继续 AI 建站会话。域名购买与一键建站仍可从网站工作台进入，这里主要聚焦最近会话、后台构建、快速审核与发布入口。"
按令牌打开,按令牌打开
会话令牌,会话令牌
打开工作台,打开工作台
新建会话,新建会话
创建后会直接进入工作台，可继续完善站点信息、构建、审核和发布流程。,创建后会直接进入工作台，可继续完善站点信息、构建、审核和发布流程。
创建会话,创建会话
最近会话,最近会话
批量删除,批量删除
暂无会话，请先创建。,暂无会话，请先创建。
令牌,令牌
阶段,阶段
状态,状态
更新,更新
后台模式,后台模式
快速审核,快速审核
预览,预览
发布,发布
删除,删除
"AI 建站工作台","AI 建站工作台"
"粘贴 public_id","粘贴 public_id"
收起,收起
全部显示（二期规划）,全部显示（二期规划）
全选,全选
已选择,已选择
站点尚未就绪，请等待系统完成站点准备后再操作。,站点尚未就绪，请等待系统完成站点准备后再操作。
当前会话尚未进入等待发布状态，请先完成前置阶段。,当前会话尚未进入等待发布状态，请先完成前置阶段。
"后台模式：方案确认与构建由后端 cron 自动执行，完成后可快速审核并发布。","后台模式：方案确认与构建由后端 cron 自动执行，完成后可快速审核并发布。"
快速审核：可查看站点预览和阶段性方案，确认后即可进入发布。,快速审核：可查看站点预览和阶段性方案，确认后即可进入发布。
预览：用于查看当前站点效果。,预览：用于查看当前站点效果。
发布：请先完成快速审核并确认，再执行发布。,发布：请先完成快速审核并确认，再执行发布。
打开会话,打开会话
快速审核：查看站点预览与阶段性方案，确认后即可进入发布。,快速审核：查看站点预览与阶段性方案，确认后即可进入发布。
发布：完成快速审核后即可执行发布。,发布：完成快速审核后即可执行发布。
确定要删除该会话吗？删除后不可恢复。,确定要删除该会话吗？删除后不可恢复。
删除会话,删除会话
取消全选,取消全选
创建会话失败，请重试,创建会话失败，请重试
网络错误，请重试,网络错误，请重试
当前操作暂不可用，请先等待站点就绪并进入等待发布状态。,当前操作暂不可用，请先等待站点就绪并进入等待发布状态。
确定要批量删除已选会话吗？删除后不可恢复。,确定要批量删除已选会话吗？删除后不可恢复。
批量删除已完成。,批量删除已完成。
部分会话删除失败，请重试。,部分会话删除失败，请重试。
批量删除失败，请重试,批量删除失败，请重试
默认语言,默认语言
方案语言（可选）,方案语言（可选）
示例：时尚精品店,示例：时尚精品店
请填写要绑定的目标域名,请填写要绑定的目标域名
"描述网站的主题、风格和主要功能，越详细 AI 生成效果越好","描述网站的主题、风格和主要功能，越详细 AI 生成效果越好"
工作区日志,工作区日志
"AI Workspace","AI Workspace"
返回,返回
"Switch to %{1}","Switch to %{1}"
构建轨道,构建轨道
当前：虚拟主题草稿轨道,当前：虚拟主题草稿轨道
"发布时实体化 page_id","发布时实体化 page_id"
"重构后编辑阶段只写入虚拟主题草稿；确认发布后再迁移并生成正式 PageBuilder page_id。","重构后编辑阶段只写入虚拟主题草稿；确认发布后再迁移并生成正式 PageBuilder page_id。"
建站需求,建站需求
"填写网站名称、定位、目标域名和页面范围，AI 会据此生成可落地的建站方案。","填写网站名称、定位、目标域名和页面范围，AI 会据此生成可落地的建站方案。"
网站名称,网站名称
目标域名（必填）,目标域名（必填）
根据站点名称与描述推荐域名并填入,根据站点名称与描述推荐域名并填入
"AI 推荐","AI 推荐"
默认已选中当前框架语言，可按需切换,默认已选中当前框架语言，可按需切换
一句话描述你的网站,一句话描述你的网站
参考图片：支持粘贴/拖拽/点击选择,参考图片：支持粘贴/拖拽/点击选择
参考图片（选填）,参考图片（选填）
"上传视觉参考，帮助 AI 把握网站风格。","上传视觉参考，帮助 AI 把握网站风格。"
选择图片,选择图片
支持拖拽到虚框或直接粘贴截图（Ctrl+V）,支持拖拽到虚框或直接粘贴截图（Ctrl+V）
技能,技能
未选择自定义技能时，将使用默认技能。,未选择自定义技能时，将使用默认技能。
技能管理,技能管理
新建技能,新建技能
可编辑自定义技能，内置技能只读。,可编辑自定义技能，内置技能只读。
刷新,刷新
收起管理,收起管理
技能编码,技能编码
技能名称,技能名称
例如：品牌文案风格,例如：品牌文案风格
简短说明,简短说明
"说明这个技能如何约束 AI 的行为和输出。","说明这个技能如何约束 AI 的行为和输出。"
技能规则,技能规则
描述适用场景、必须遵守的规则，以及禁止输出的内容。,描述适用场景、必须遵守的规则，以及禁止输出的内容。
保存并选中,保存并选中
取消,取消
不选择时保持默认行为；已选技能会随需求保存，并参与生成。,不选择时保持默认行为；已选技能会随需求保存，并参与生成。
需要的页面,需要的页面
取消选择,取消选择
"Logo will appear here","Logo will appear here"
"Website Logo","Website Logo"
"Waiting for AI generation","Waiting for AI generation"
"Title icon will appear here","Title icon will appear here"
"Website Title Icon","Website Title Icon"
"The form autosaves. Stage 1 runs through the backend queue and this panel keeps showing live status.","The form autosaves. Stage 1 runs through the backend queue and this panel keeps showing live status."
"Stage 1 uses default skills unless you select custom ones.","Stage 1 uses default skills unless you select custom ones."
"Stage 1 plan: idle","Stage 1 plan: idle"
"Confirm and Generate Plan","Confirm and Generate Plan"
返回建站方案生成后再试,返回建站方案生成后再试
预览并发布,预览并发布
站点已生成。请先预览、运行发布前预检，确认效果正确后再发布。,站点已生成。请先预览、运行发布前预检，确认效果正确后再发布。
预览站点,预览站点
发布前请检查首页、关于我们和联系我们等关键页面。,发布前请检查首页、关于我们和联系我们等关键页面。
"当前站点 URL","当前站点 URL"
运行发布前预检,运行发布前预检
立即发布,立即发布
任务进度,任务进度
"AI generating","AI generating"
Total,Total
todo,todo
queued,queued
running,running
done,done
failed,failed
stale,stale
cancelled,cancelled
待处理,待处理
进行中,进行中
排队中,排队中
需要刷新,需要刷新
构建队列,构建队列
确认建站方案后直接创建后台构建队列；当前执行中的队列会自动展开并同步进度。,确认建站方案后直接创建后台构建队列；当前执行中的队列会自动展开并同步进度。
生成主题队列,生成主题队列
当前进程状态,当前进程状态
队列日志（result，末尾截断）,队列日志（result，末尾截断）
资产面板,资产面板
展示当前站点需要的图片素材槽位；生成动作只进入后台队列，不会阻塞工作台。,展示当前站点需要的图片素材槽位；生成动作只进入后台队列，不会阻塞工作台。
暂无资产槽位。,暂无资产槽位。
"AI Image Tool","AI Image Tool"
"Describe the exact website image the agent needs.","Describe the exact website image the agent needs."
"Image Type","Image Type"
"Section Image","Section Image"
"Hero Image","Hero Image"
"Trust / Brand Image","Trust / Brand Image"
"Logo / Icon","Logo / Icon"
Page,Page
Generate,Generate
表单会自动保存。方案生成在后台队列中执行，这里会持续显示状态与草稿更新。,表单会自动保存。方案生成在后台队列中执行，这里会持续显示状态与草稿更新。
方案队列,方案队列
当前执行中的队列会自动展开，并实时同步执行状态与日志。,当前执行中的队列会自动展开，并实时同步执行状态与日志。
建站方案队列,建站方案队列
流程状态,流程状态
建站方案,建站方案
站点构建,站点构建
域名与注册商,域名与注册商
注册商账号,注册商账号
"AI 推荐：{label}","AI 推荐：{label}"
Pending,Pending
购买域名,购买域名
推荐域名,推荐域名
当前会话信息,当前会话信息
用于核对当前建站输入与已确认方案。,用于核对当前建站输入与已确认方案。
"public_id: %{1}","public_id: %{1}"
站点名称,站点名称
一句话定位,一句话定位
目标域名,目标域名
主语言,主语言
方案语言,方案语言
跟随框架当前语言,跟随框架当前语言
页面类型,页面类型
未选择,未选择
已确认方案,已确认方案
查看建站方案,查看建站方案
查看执行蓝图,查看执行蓝图
如需调整，可直接在方案预览或虚拟主题编辑区继续微调。,如需调整，可直接在方案预览或虚拟主题编辑区继续微调。
专家模式：查看完整日志、预览与调试面板。,专家模式：查看完整日志、预览与调试面板。
打开可视化编辑器,打开可视化编辑器
返回引导模式,返回引导模式
"返回 Websites 入口","返回 Websites 入口"
"草稿站点 ID","草稿站点 ID"
虚拟主题,虚拟主题
"虚拟主题 ID","虚拟主题 ID"
当前阶段,当前阶段
"用于观察队列调度、SSE 事件和流程状态。","用于观察队列调度、SSE 事件和流程状态。"
"开发调试：直接编辑 Scope JSON","开发调试：直接编辑 Scope JSON"
"Current Scope","Current Scope"
"Patch JSON","Patch JSON"
"合并 Patch","合并 Patch"
"Replace Scope","Replace Scope"
实时预览,实时预览
根据当前阶段展示可预览页面。,根据当前阶段展示可预览页面。
站点预览,站点预览
当前没有可预览页面。,当前没有可预览页面。
事件记录,事件记录
暂无事件记录,暂无事件记录
"仅显示最近 24 条事件","仅显示最近 24 条事件"
建站方案流,建站方案流
区块生成流,区块生成流
关闭,关闭
方案确认后会直接进入后台构建。,方案确认后会直接进入后台构建。
方案生成中...,方案生成中...
方案交互模式,方案交互模式
微调当前方案,微调当前方案
重建新方案,重建新方案
"用于在当前 draft 基础上按指定位置定点修正，保留 round 上下文。","用于在当前 draft 基础上按指定位置定点修正，保留 round 上下文。"
用于基于当前输入重新生成整份方案与执行蓝图，不沿用旧草案内容。,用于基于当前输入重新生成整份方案与执行蓝图，不沿用旧草案内容。
补充说明（可指定章节/位置）,补充说明（可指定章节/位置）
"例如：保留首页方向，但把 about/contact 的定位改得更偏品牌信任。","例如：保留首页方向，但把 about/contact 的定位改得更偏品牌信任。"
开始当前模式,开始当前模式
可在此继续微调或重建建站方案。,可在此继续微调或重建建站方案。
准备开始生成方案...,准备开始生成方案...
重新生成建站方案,重新生成建站方案
保存方案,保存方案
确认建站方案,确认建站方案
区块操作,区块操作
新增块,新增块
"告诉 AI 你想要的效果","告诉 AI 你想要的效果"
"例如：在首页 Hero 之后新增一个「客户证言」块，包含 3 条具体评价与来源。","例如：在首页 Hero 之后新增一个「客户证言」块，包含 3 条具体评价与来源。"
执行后结构化数据立即更新，进度会同步到预览与队列列表。,执行后结构化数据立即更新，进度会同步到预览与队列列表。
执行,执行
立即新增,立即新增
立即微调,立即微调
立即重建,立即重建
确认删除,确认删除
"AI 微调区块","AI 微调区块"
当前还没有选中的区块。,当前还没有选中的区块。
"告诉 AI 你希望这个区块怎么改","告诉 AI 你希望这个区块怎么改"
例如：把这一屏改成更强调下载转化、首屏信任感和行动按钮的表达。,例如：把这一屏改成更强调下载转化、首屏信任感和行动按钮的表达。
编辑区块字段,编辑区块字段
保存并刷新当前块,保存并刷新当前块
"Regenerate image","Regenerate image"
Close,Close
"Current image","Current image"
"Current image preview is unavailable.","Current image preview is unavailable."
"Describe how this image should change","Describe how this image should change"
"Example: keep the same composition, but make it warmer and add more premium gold lighting.","Example: keep the same composition, but make it warmer and add more premium gold lighting."
"Only the selected image will be regenerated.","Only the selected image will be regenerated."
Cancel,Cancel
"Start regeneration","Start regeneration"
正在等待区块操作启动…,正在等待区块操作启动…
确认重建,确认重建
重新请求重试,重新请求重试
确认并刷新当前区块,确认并刷新当前区块
正在准备编辑环境,正在准备编辑环境
请稍候，系统正在创建可视化编辑所需环境并持续生成页面。,请稍候，系统正在创建可视化编辑所需环境并持续生成页面。
已确认方案（只读）,已确认方案（只读）
已确认，只读,已确认，只读
复制选项,复制选项
"复制结构化数据 (JSON)","复制结构化数据 (JSON)"
点击按钮复制对应内容到剪贴板,点击按钮复制对应内容到剪贴板
方案信息,方案信息
确认时间,确认时间
方案签名,方案签名
结构化方案预览,结构化方案预览
加载中...,加载中...
跳到指定位置,跳到指定位置
当前目标,当前目标
目标位置（第几项）,目标位置（第几项）
"例如：输入 3 跳到第 3 位","例如：输入 3 跳到第 3 位"
"1 代表置顶；超出范围会自动限制为有效位置。保存后会按新顺序持久化并刷新预览。","1 代表置顶；超出范围会自动限制为有效位置。保存后会按新顺序持久化并刷新预览。"
移动到此位置,移动到此位置
发布前预检清单,发布前预检清单
正在检查站点发布条件...,正在检查站点发布条件...
查看原始检查数据（调试用）,查看原始检查数据（调试用）
重新运行检查,重新运行检查
返回修改,返回修改
确认发布,确认发布
当前没有可展示的生成主题队列记录。,当前没有可展示的生成主题队列记录。
队列信息已刷新,队列信息已刷新
刷新队列信息失败,刷新队列信息失败
队列编号,队列编号
—,—
Job,Job
类型,类型
Token,Token
"输入 tokens","输入 tokens"
"输出 tokens","输出 tokens"
"总 tokens","总 tokens"
当前没有可展示的建站方案队列记录（尚未入队或队列已清理）。,当前没有可展示的建站方案队列记录（尚未入队或队列已清理）。
观察同步中,观察同步中
区块,区块
尝试次数,尝试次数
更新时间,更新时间
完成时间,完成时间
进行中...,进行中...
"AI 生成中","AI 生成中"
"AI 排队中","AI 排队中"
建站方案生成失败,建站方案生成失败
我知道了,我知道了
开始执行工作区操作：,开始执行工作区操作：
"操作事件流创建失败，请检查 URL 或浏览器连接策略。","操作事件流创建失败，请检查 URL 或浏览器连接策略。"
工作区操作已启动,工作区操作已启动
操作执行失败（服务端返回错误事件）,操作执行失败（服务端返回错误事件）
生成中,生成中
"AI 片段（区域）","AI 片段（区域）"
"AI 片段","AI 片段"
Header,Header
Footer,Footer
已同步到可视化主题,已同步到可视化主题
已生成并同步,已生成并同步
"页面已完成真实 AI 生成","页面已完成真实 AI 生成"
页面已更新并可提前编辑,页面已更新并可提前编辑
可编辑,可编辑
页面已生成完成：,页面已生成完成：
页面已更新，可提前编辑：,页面已更新，可提前编辑：
任务已完成,任务已完成
队列尚未完成，继续同步后台执行进度。,队列尚未完成，继续同步后台执行进度。
操作已中断,操作已中断
工作区操作执行失败,工作区操作执行失败
队列任务已提交，正在等待系统调度。,队列任务已提交，正在等待系统调度。
"操作已创建但缺少 SSE 参数","操作已创建但缺少 SSE 参数"
启动发布失败,启动发布失败
网络错误，请稍后重试,网络错误，请稍后重试
发布前仍有未完成项：,发布前仍有未完成项：
发布前检查未通过，请先完成页面与配置。,发布前检查未通过，请先完成页面与配置。
"Stage 1 Plan","Stage 1 Plan"
"Organize the website requirements, generate the build plan, and confirm it before starting the build workflow.","Organize the website requirements, generate the build plan, and confirm it before starting the build workflow."
"Site Title","Site Title"
"Target Domain","Target Domain"
"Default Locale","Default Locale"
"Plan Locale","Plan Locale"
"Defaults to the current workspace language unless you change it.","Defaults to the current workspace language unless you change it."
"Brief Description","Brief Description"
"Page Types","Page Types"
"Clear Selection","Clear Selection"
"SEO Title:","SEO Title:"
"SEO Description:","SEO Description:"
方案预览,方案预览
结构化预览,结构化预览
原始文稿,原始文稿
单击预览区域可全屏查看建站方案,单击预览区域可全屏查看建站方案
建站方案预览会显示在这里。,建站方案预览会显示在这里。
确认建站方案后将进入下一阶段。,确认建站方案后将进入下一阶段。
本次方案生成将使用：默认技能,本次方案生成将使用：默认技能
建站方案：空闲,建站方案：空闲
暂停显示日志,暂停显示日志
继续失败任务,继续失败任务
保存草稿,保存草稿
方案重建,方案重建
确认方案并开始生成,确认方案并开始生成
"先看建站方案是否符合预期；需要改动时点「AI 调整方案」，确认后进入下一阶段。","先看建站方案是否符合预期；需要改动时点「AI 调整方案」，确认后进入下一阶段。"
"长耗时 AI 任务在后台队列执行；页面只展示进度、队列状态与最终可确认结果。","长耗时 AI 任务在后台队列执行；页面只展示进度、队列状态与最终可确认结果。"
"AI 生成失败项已阻断发布；系统不再自动重试，请调整底座提示词后重新生成。","AI 生成失败项已阻断发布；系统不再自动重试，请调整底座提示词后重新生成。"
"AI 队列仍处于 pending、queued 或 running 状态，发布按钮已锁定。","AI 队列仍处于 pending、queued 或 running 状态，发布按钮已锁定。"
"最新 AI 生成失败或仍在运行，禁止发布旧站点；请先重新生成并等待成功完成。","最新 AI 生成失败或仍在运行，禁止发布旧站点；请先重新生成并等待成功完成。"
"当前工作台尚未满足 can_publish 合同，发布按钮保持锁定。","当前工作台尚未满足 can_publish 合同，发布按钮保持锁定。"
"can_publish 已满足，可以先运行发布检查，再确认发布。","can_publish 已满足，可以先运行发布检查，再确认发布。"
确认后会发布到同一个草稿站点，不会额外创建第二个网站实体。,确认后会发布到同一个草稿站点，不会额外创建第二个网站实体。
失败项明细,失败项明细
失败项,失败项
"生成组件未满足网站内容语言契约：当前网站内容语言为 %{locale}，但组件可见文案含大量中文。请把阶段一方案中的访客可见文案改为英文，或将工作台「内容语言」改为中文后再重试。","生成组件未满足网站内容语言契约：当前网站内容语言为 %{locale}，但组件可见文案含大量中文。请把阶段一方案中的访客可见文案改为英文，或将工作台「内容语言」改为中文后再重试。"
生成组件未满足网站内容语言契约，请检查内容语言与方案文案是否一致。,生成组件未满足网站内容语言契约，请检查内容语言与方案文案是否一致。
阶段一失败项，确认方案已暂停,阶段一失败项，确认方案已暂停
请先重试或重建失败项；失败详情如下。,请先重试或重建失败项；失败详情如下。
运行发布检查,运行发布检查
"AI 生成失败","AI 生成失败"
可视化编辑,可视化编辑
"切换页面时只会更新当前预览页和可视化 URL，不需要再手动填写 preview_page_id。","切换页面时只会更新当前预览页和可视化 URL，不需要再手动填写 preview_page_id。"
可视化编辑器工具栏,可视化编辑器工具栏
当前预览页面,当前预览页面
预览设备,预览设备
PC,PC
iPad,iPad
手机,手机
放大预览,放大预览
可进入发布确认,可进入发布确认
等待构建完成,等待构建完成
虚拟主题已就绪，下一步进入确认发布,虚拟主题已就绪，下一步进入确认发布
发布确认入口会在虚拟主题就绪后开放,发布确认入口会在虚拟主题就绪后开放
进入发布确认后可先运行发布前预检，再确认准备发布。,进入发布确认后可先运行发布前预检，再确认准备发布。
当前仍可继续预览和编辑；当虚拟主题构建完成后，这里会直接提供进入发布确认的按钮。,当前仍可继续预览和编辑；当虚拟主题构建完成后，这里会直接提供进入发布确认的按钮。
发布确认,发布确认
构建网站,构建网站
重新生成,重新生成
进入发布确认,进入发布确认
已生成页面,已生成页面
当前还没有可用的可视化预览地址，请先完成虚拟主题构建。,当前还没有可用的可视化预览地址，请先完成虚拟主题构建。
预览可视化编辑器,预览可视化编辑器
"PageBuilder 可视化预览","PageBuilder 可视化预览"
"完成虚拟主题构建后，这里会直接显示真实的 PageBuilder 可视化预览。","完成虚拟主题构建后，这里会直接显示真实的 PageBuilder 可视化预览。"
返回入口,返回入口
发生错误,发生错误
预览页面不存在或无访问权限,预览页面不存在或无访问权限
预览页面尚未生成,预览页面尚未生成
当前预览页面尚未生成。确认建站方案后，系统会基于执行蓝图直接创建后台构建任务。,当前预览页面尚未生成。确认建站方案后，系统会基于执行蓝图直接创建后台构建任务。
"请先确认建站方案，再进行 AI 生成。","请先确认建站方案，再进行 AI 生成。"
虚拟主题构建中，请等待当前构建完成。,虚拟主题构建中，请等待当前构建完成。
AI生成,AI生成
构建中,构建中
其他,其他
填写建站需求,填写建站需求
确认方案并生成,确认方案并生成
"留空时由 AI 根据可用供应商自动选择并完成域名购买。当前为本地模拟环境，点击 AI 刷新将推荐 *.weline.test 子域用于联调。","留空时由 AI 根据可用供应商自动选择并完成域名购买。当前为本地模拟环境，点击 AI 刷新将推荐 *.weline.test 子域用于联调。"
"留空时由 AI 根据可用供应商自动选择并完成域名购买。可点击 AI 刷新根据站点名称与描述智能推荐域名并填入。","留空时由 AI 根据可用供应商自动选择并完成域名购买。可点击 AI 刷新根据站点名称与描述智能推荐域名并填入。"
已购买完成,已购买完成
正在购买域名,正在购买域名
重新发起购买,重新发起购买
购买域名并建站,购买域名并建站
暂未生成,暂未生成
功能配置,功能配置
开启AI功能,开启AI功能
开启后，在页面编辑界面和可视化编辑界面中将显示AI生成内容功能和AI生成配置功能。关闭后，这些AI相关功能将隐藏。,开启后，在页面编辑界面和可视化编辑界面中将显示AI生成内容功能和AI生成配置功能。关闭后，这些AI相关功能将隐藏。
开启多语言功能,开启多语言功能
开启后，在页面编辑界面中将显示多语言内容翻译功能，后端会提示未翻译的语言信息，可视化编辑界面中也会显示语言切换配置。关闭后，这些多语言相关功能将隐藏。,开启后，在页面编辑界面中将显示多语言内容翻译功能，后端会提示未翻译的语言信息，可视化编辑界面中也会显示语言切换配置。关闭后，这些多语言相关功能将隐藏。
保存配置,保存配置
重置,重置
"SEO 管理","SEO 管理"
SEO账户配置、站点关联、主体管理等功能已整合到专门的SEO管理页面。,SEO账户配置、站点关联、主体管理等功能已整合到专门的SEO管理页面。
功能说明：,功能说明：
配置Google、Bing、Baidu等搜索引擎账户,配置Google、Bing、Baidu等搜索引擎账户
为不同站点绑定SEO账户并配置提交频率,为不同站点绑定SEO账户并配置提交频率
管理PageBuilder页面的SEO主体信息,管理PageBuilder页面的SEO主体信息
自动生成Sitemap并提交到搜索引擎,自动生成Sitemap并提交到搜索引擎
"前往 SEO 管理","前往 SEO 管理"
保存失败,保存失败
确定要重置表单吗？,确定要重置表单吗？
供应商账户,供应商账户
根域列表,根域列表
域名池,域名池
域名注册,域名注册
域名商账户列表,域名商账户列表
添加账户,添加账户
"暂无域名商账户，请点击""添加账户""创建。","暂无域名商账户，请点击""添加账户""创建。"
账户名称,账户名称
域名商,域名商
操作,操作
启用,启用
禁用,禁用
测试,测试
编辑,编辑
最后同步,最后同步
尚未同步,尚未同步
域名商账户,域名商账户
全部账户,全部账户
全部状态,全部状态
已拉取,已拉取
未拉取,未拉取
搜索域名,搜索域名
搜索,搜索
批量搜索,批量搜索
拉取选中,拉取选中
全选当前页,全选当前页
个域名,个域名
批量拉取,批量拉取
批量转存,批量转存
批量解析到本地,批量解析到本地
批量解析检测,批量解析检测
批量转DNS,批量转DNS
批量添加记录,批量添加记录
设置账户,设置账户
正在加载域名列表...,正在加载域名列表...
页,页
域名池子管理的工作原理指南,域名池子管理的工作原理指南
"域名池用于集中管理可建站的具体域名（如 www.example.com），从购买、解析到 HTTPS 与建站就绪的完整流程如下：","域名池用于集中管理可建站的具体域名（如 www.example.com），从购买、解析到 HTTPS 与建站就绪的完整流程如下："
购买/拉取,购买/拉取
在根域列表中购买或从注册商拉取域名。,在根域列表中购买或从注册商拉取域名。
"DNS 解析","DNS 解析"
"将域名解析到本服务器 IP（可在此处切换 DNS 供应商并推送记录）。","将域名解析到本服务器 IP（可在此处切换 DNS 供应商并推送记录）。"
转存到池,转存到池
在根域列表中勾选「解析到本机」的域名，点击「转存到域名池」入池。,在根域列表中勾选「解析到本机」的域名，点击「转存到域名池」入池。
定时检测,定时检测
"系统定时任务会定期检测池内域名的解析状态、HTTPS 证书与建站就绪状态。","系统定时任务会定期检测池内域名的解析状态、HTTPS 证书与建站就绪状态。"
"HTTPS 证书","HTTPS 证书"
建站就绪,建站就绪
"当解析正常且 HTTPS 有效时，域名标记为建站就绪，可用于建站或分配。","当解析正常且 HTTPS 有效时，域名标记为建站就绪，可用于建站或分配。"
安装定时任务后，池内状态会自动更新；未安装时请执行,安装定时任务后，池内状态会自动更新；未安装时请执行
并刷新页面。,并刷新页面。
根域状态搜索,根域状态搜索
查询状态,查询状态
"输入根域名后可查看购买、DNS、解析、访问与 HTTPS 步骤状态。","输入根域名后可查看购买、DNS、解析、访问与 HTTPS 步骤状态。"
解析状态,解析状态
批量检查本页,批量检查本页
请搜索或加载域名池数据,请搜索或加载域名池数据
上一页,上一页
下一页,下一页
批量域名注册,批量域名注册
请选择,请选择
域名（每行一个或逗号分隔）,域名（每行一个或逗号分隔）
检查可用性,检查可用性
自动解析到本服务器,自动解析到本服务器
"购买后自动将域名的 @ 和 www 记录解析到本服务器公网IP，通过Cron任务在域名可用后自动执行","购买后自动将域名的 @ 和 www 记录解析到本服务器公网IP，通过Cron任务在域名可用后自动执行"
添加域名商账户,添加域名商账户
域名商类型,域名商类型
保存,保存
批量搜索域名,批量搜索域名
输入域名（每行一个或逗号分隔）,输入域名（每行一个或逗号分隔）
将从域名商账户中搜索这些域名，显示存在的域名供您选择拉取,将从域名商账户中搜索这些域名，显示存在的域名供您选择拉取
搜索结果,搜索结果
自动解析DNS到本地服务器,自动解析DNS到本地服务器
"拉取后自动将域名的 @ 和 www 记录解析到本服务器公网IP","拉取后自动将域名的 @ 和 www 记录解析到本服务器公网IP"
"申请 HTTPS 证书","申请 HTTPS 证书"
请确保域名已正确解析到本服务器,请确保域名已正确解析到本服务器
域名,域名
证书提供商,证书提供商
"LiteSSL (Sectigo DV)","LiteSSL (Sectigo DV)"
验证方式,验证方式
"自动（默认 DNS-01，无需 80 端口）","自动（默认 DNS-01，无需 80 端口）"
"HTTP-01（需 80 端口可访问）","HTTP-01（需 80 端口可访问）"
"DNS-01（添加 TXT 记录，需已关联 DNS 账户）","DNS-01（添加 TXT 记录，需已关联 DNS 账户）"
"HTTP-01 需域名 80 端口指向本机；DNS-01 通过 DNS 添加 TXT 记录，适合非 80 端口或 CDN 前置场景","HTTP-01 需域名 80 端口指向本机；DNS-01 通过 DNS 添加 TXT 记录，适合非 80 端口或 CDN 前置场景"
申请证书,申请证书
证书申请进度,证书申请进度
"切换 DNS/CDN","切换 DNS/CDN"
严重说明,严重说明
"切换 DNS 会导致网站断开服务。整个过程可能需 10 多分钟至 24 小时，具体取决于供应商的解析广播速度，不受我们控制。请确认后再操作。","切换 DNS 会导致网站断开服务。整个过程可能需 10 多分钟至 24 小时，具体取决于供应商的解析广播速度，不受我们控制。请确认后再操作。"
根域名,根域名
"当前 DNS 账户","当前 DNS 账户"
"当前 CDN 账户","当前 CDN 账户"
"目标 DNS 账户","目标 DNS 账户"
"-- 加载中... --","-- 加载中... --"
"目标 CDN 账户","目标 CDN 账户"
"可选，不选则不切换 CDN","可选，不选则不切换 CDN"
"-- 不切换 CDN --","-- 不切换 CDN --"
确认切换,确认切换
"DNS/CDN 切换进度","DNS/CDN 切换进度"
输入域名关键词,输入域名关键词
拉取未拉取的域名到本地并入域名池,拉取未拉取的域名到本地并入域名池
将解析到本服务器的域名转存到域名池（IP不匹配的将跳过）,将解析到本服务器的域名转存到域名池（IP不匹配的将跳过）
"将选中域名的 @ 和 www 解析到本服务器公网IP","将选中域名的 @ 和 www 解析到本服务器公网IP"
检测已拉取域名的DNS解析状态,检测已拉取域名的DNS解析状态
批量切换DNS服务器,批量切换DNS服务器
为选中域名批量添加DNS解析记录,为选中域名批量添加DNS解析记录
"批量设置选中域名的 DNS/CDN 管理账户","批量设置选中域名的 DNS/CDN 管理账户"
删除选中的根域，其子域名与池记录一并删除,删除选中的根域，其子域名与池记录一并删除
cron未安装，无法自动检查域名状态，请点击查看安装指南,cron未安装，无法自动检查域名状态，请点击查看安装指南
"域名池中的域名需通过定时任务定期检测解析状态、HTTPS 与建站就绪。请按以下步骤安装系统定时任务：","域名池中的域名需通过定时任务定期检测解析状态、HTTPS 与建站就绪。请按以下步骤安装系统定时任务："
在项目根目录执行命令：,在项目根目录执行命令：
"Linux / macOS","Linux / macOS"
"命令会在 crontab 中添加每分钟执行的任务，自动运行所有定时任务（含域名池解析检测）。","命令会在 crontab 中添加每分钟执行的任务，自动运行所有定时任务（含域名池解析检测）。"
Windows,Windows
命令会创建系统计划任务。若遇到权限问题，请以管理员身份运行，或在本地安全策略中赋予当前用户「作为批处理作业登录」权限。,命令会创建系统计划任务。若遇到权限问题，请以管理员身份运行，或在本地安全策略中赋予当前用户「作为批处理作业登录」权限。
安装完成后刷新本页面，将不再显示此提示。,安装完成后刷新本页面，将不再显示此提示。
"输入根域名，例如 example.com","输入根域名，例如 example.com"
可用,可用
已分配,已分配
预留,预留
全部,全部
已解析,已解析
未解析,未解析
对当前页所有域名执行人工检查解析状态,对当前页所有域名执行人工检查解析状态
"如：GName 主账号","如：GName 主账号"
"或者使用逗号分隔：example.com, test.net, mysite.org","或者使用逗号分隔：example.com, test.net, mysite.org"
购买弹窗脚本未就绪，请刷新页面后重试,购买弹窗脚本未就绪，请刷新页面后重试
"确认购买后，系统会按所选策略处理 DNS、CDN、解析与后续状态跟踪。","确认购买后，系统会按所选策略处理 DNS、CDN、解析与后续状态跟踪。"
"DNS 策略","DNS 策略"
跟随域名商,跟随域名商
"自定义 Nameserver","自定义 Nameserver"
"Nameserver 列表","Nameserver 列表"
"ns1.example.com, ns2.example.com","ns1.example.com, ns2.example.com"
"CDN 策略","CDN 策略"
"暂不配置 CDN","暂不配置 CDN"
"默认会解析 @ 和 www，并持续检查域名状态。","默认会解析 @ 和 www，并持续检查域名状态。"
自动解析子域名,自动解析子域名
"@, www","@, www"
启动全流程状态跟踪,启动全流程状态跟踪
"购买后自动跟踪购买、DNS、验证、HTTPS 等步骤。","购买后自动跟踪购买、DNS、验证、HTTPS 等步骤。"
确认购买,确认购买
购买弹窗加载失败，请刷新页面后重试。若仍失败，请检查静态资源发布与网络连接。,购买弹窗加载失败，请刷新页面后重试。若仍失败，请检查静态资源发布与网络连接。
购买失败,购买失败
编辑域名商账户,编辑域名商账户
（不修改请留空）,（不修改请留空）
（留空不修改）,（留空不修改）
（编辑时留空则保持原值）,（编辑时留空则保持原值）
配置获取指南,配置获取指南
请填写域名商类型和账户名称,请填写域名商类型和账户名称
请填写必填字段,请填写必填字段
保存成功,保存成功
网络错误,网络错误
确定要删除账户,确定要删除账户
吗？此操作不可恢复。,吗？此操作不可恢复。
已删除,已删除
删除失败,删除失败
连接成功,连接成功
连接失败,连接失败
正在从域名商获取数据...,正在从域名商获取数据...
加载失败,加载失败
正常,正常
处理中,处理中
已过期,已过期
已暂停,已暂停
暂无域名数据,暂无域名数据
DNS服务商,DNS服务商
个,个
拉取全部未拉取域名,拉取全部未拉取域名
服务商,服务商
可建站,可建站
已建站,已建站
本地状态,本地状态
域名状态,域名状态
过期时间,过期时间
解析到本地,解析到本地
管理DNS记录,管理DNS记录
切换DNS/CDN,切换DNS/CDN
删除根域（含子域名与池记录）,删除根域（含子域名与池记录）
拉取并入池,拉取并入池
注册,注册
否,否
未使用,未使用
拉取失败,拉取失败
"请检查账户 API 凭据，或点击「测试」按钮验证连接。","请检查账户 API 凭据，或点击「测试」按钮验证连接。"
"是 DNS 服务商，不是域名注册商。域名归属以实际注册商为准。","是 DNS 服务商，不是域名注册商。域名归属以实际注册商为准。"
该账户下尚无已拉取的域名,该账户下尚无已拉取的域名
请切换上方「状态」为「全部状态」或「未拉取」，从线上选择域名拉取到本地,请切换上方「状态」为「全部状态」或「未拉取」，从线上选择域名拉取到本地
查看全部状态,查看全部状态
该账户下暂无域名,该账户下暂无域名
该账户所有域名都已拉取,该账户所有域名都已拉取
拉取成功,拉取成功
共,共
条,条
"确定要删除根域「%{1}」吗？该根域下的所有子域名（域名池记录）和 DNS 解析记录将一并删除，且不可恢复。","确定要删除根域「%{1}」吗？该根域下的所有子域名（域名池记录）和 DNS 解析记录将一并删除，且不可恢复。"
删除成功,删除成功
请求失败,请求失败
（自动解析任务已创建）,（自动解析任务已创建）
"域名 ID 无效","域名 ID 无效"
已将,已将
"的 @、www 解析到本机","的 @、www 解析到本机"
解析到本地失败,解析到本地失败
DNS记录管理,DNS记录管理
本服务器IP,本服务器IP
添加记录,添加记录
切换DNS供应商并自动提交记录,切换DNS供应商并自动提交记录
切换DNS供应商,切换DNS供应商
主机记录,主机记录
记录值,记录值
IP地址或域名,IP地址或域名
已刷新,已刷新
正在自动解析到本服务器并写入域名池...,正在自动解析到本服务器并写入域名池...
解析成功,解析成功
解析失败,解析失败
暂无DNS记录,暂无DNS记录
请输入记录值,请输入记录值
正在添加...,正在添加...
添加成功,添加成功
"切换后，当前域名的 Nameserver 将指向目标账户，并自动将现有 DNS 记录提交到该供应商。","切换后，当前域名的 Nameserver 将指向目标账户，并自动将现有 DNS 记录提交到该供应商。"
选择目标账户,选择目标账户
"-- 请选择目标账户 --","-- 请选择目标账户 --"
暂无可用账户,暂无可用账户
正在切换DNS并提交记录...,正在切换DNS并提交记录...
"DNS 切换成功，记录已提交到目标供应商","DNS 切换成功，记录已提交到目标供应商"
记录ID无效,记录ID无效
确定要删除这条DNS记录吗？,确定要删除这条DNS记录吗？
删除确认,删除确认
正在删除...,正在删除...
请选择已拉取的域名进行转存,请选择已拉取的域名进行转存
确定批量转存,确定批量转存
个域名到域名池？,个域名到域名池？
注意：只有解析到本服务器IP的域名才会被转存，其他将跳过。,注意：只有解析到本服务器IP的域名才会被转存，其他将跳过。
批量转存确认,批量转存确认
确认转存,确认转存
转存完成,转存完成
跳过的域名（IP不匹配）,跳过的域名（IP不匹配）
转存失败,转存失败
请选择要删除的已拉取域名,请选择要删除的已拉取域名
"确定要删除选中的 %{1} 个根域吗？每个根域下的所有子域名（域名池记录）和 DNS 解析记录将一并删除，且不可恢复。","确定要删除选中的 %{1} 个根域吗？每个根域下的所有子域名（域名池记录）和 DNS 解析记录将一并删除，且不可恢复。"
请选择已拉取的域名,请选择已拉取的域名
确定将,确定将
个域名解析到本服务器？,个域名解析到本服务器？
"将为每个域名添加 @ 和 www 的A记录指向本服务器公网IP。","将为每个域名添加 @ 和 www 的A记录指向本服务器公网IP。"
确认解析,确认解析
解析完成,解析完成
解析错误,解析错误
请选择已拉取的域名进行检测,请选择已拉取的域名进行检测
批量检测完成,批量检测完成
"将选中域名的 Nameserver 切换到目标服务商。切换后域名将使用新的 DNS 服务商进行解析。","将选中域名的 Nameserver 切换到目标服务商。切换后域名将使用新的 DNS 服务商进行解析。"
切换方式,切换方式
选择账户（推荐）,选择账户（推荐）
手动输入,手动输入
选择已配置的域名商账户，系统将自动获取该账户的DNS服务器,选择已配置的域名商账户，系统将自动获取该账户的DNS服务器
暂无可用的域名商账户，请先添加并启用账户，或使用下方「手动输入」模式直接填写DNS服务器地址,暂无可用的域名商账户，请先添加并启用账户，或使用下方「手动输入」模式直接填写DNS服务器地址
选择DNS服务商,选择DNS服务商
每个域名独立分配,每个域名独立分配
"将为每个域名分配独立的 Nameserver。请确保已在「供应商账户」中添加 Cloudflare 账户。","将为每个域名分配独立的 Nameserver。请确保已在「供应商账户」中添加 Cloudflare 账户。"
"如：ns1.example.com,ns2.example.com","如：ns1.example.com,ns2.example.com"
"多个 Nameserver 用英文逗号分隔","多个 Nameserver 用英文逗号分隔"
"-- 暂无可用账户 --","-- 暂无可用账户 --"
"-- 加载失败 --","-- 加载失败 --"
正在获取DNS服务器...,正在获取DNS服务器...
"Cloudflare 将为每个域名分配独立的 Nameserver","Cloudflare 将为每个域名分配独立的 Nameserver"
目标DNS,目标DNS
该账户暂无可用DNS服务器,该账户暂无可用DNS服务器
请选择要切换DNS的域名,请选择要切换DNS的域名
正在批量切换DNS服务器...,正在批量切换DNS服务器...
"DNS 切换成功","DNS 切换成功"
"DNS 切换部分完成","DNS 切换部分完成"
成功,成功
"DNS 切换失败","DNS 切换失败"
网络错误，请检查网络连接后重试,网络错误，请检查网络连接后重试
请选择DNS服务商,请选择DNS服务商
请输入自定义Nameserver,请输入自定义Nameserver
"Cloudflare 需要为每个域名分配独立的 Nameserver，请先在「供应商账户」中添加 Cloudflare 账户，然后使用「选择账户」模式切换。","Cloudflare 需要为每个域名分配独立的 Nameserver，请先在「供应商账户」中添加 Cloudflare 账户，然后使用「选择账户」模式切换。"
批量添加DNS记录,批量添加DNS记录
为选中的域名批量添加相同的DNS解析记录。,为选中的域名批量添加相同的DNS解析记录。
使用本服务器公网IP,使用本服务器公网IP
记录类型,记录类型
"如：@,www 或 @,www,* 多个用逗号分隔","如：@,www 或 @,www,* 多个用逗号分隔"
支持多个主机记录，用英文逗号分隔,支持多个主机记录，用英文逗号分隔
"如：192.168.1.1 或 example.com","如：192.168.1.1 或 example.com"
"TTL (秒)","TTL (秒)"
确认添加,确认添加
请选择要添加DNS记录的域名,请选择要添加DNS记录的域名
正在批量添加DNS记录...,正在批量添加DNS记录...
添加完成,添加完成
"DNS 添加失败详情","DNS 添加失败详情"
添加,添加
账户,账户
"以下域名的 DNS 记录添加失败，可能原因：域名 DNS 已切换到其他服务商，需要到对应服务商处添加解析记录。","以下域名的 DNS 记录添加失败，可能原因：域名 DNS 已切换到其他服务商，需要到对应服务商处添加解析记录。"
错误详情,错误详情
"请点击""添加账户""按钮添加","请点击""添加账户""按钮添加"
请输入要搜索的域名,请输入要搜索的域名
请输入有效的域名,请输入有效的域名
存在,存在
不存在,不存在
请选择账户并输入域名,请选择账户并输入域名
检查失败,检查失败
无检查结果,无检查结果
个域名，,个域名，
个可注册,个可注册
一键购买全部可用域名,一键购买全部可用域名
价格,价格
溢价可注册,溢价可注册
可注册,可注册
查询失败,查询失败
已注册,已注册
购买,购买
购买成功,购买成功
请前往域名状态页搜索当前根域名查看进度。,请前往域名状态页搜索当前根域名查看进度。
"%{count} 个域名未成功创建生命周期订单，请确认 Weline_Saas 已启用，或前往「域名状态」页使用补建功能。","%{count} 个域名未成功创建生命周期订单，请确认 Weline_Saas 已启用，或前往「域名状态」页使用补建功能。"
已购买,已购买
请勾选要购买的域名,请勾选要购买的域名
批量购买已提交,批量购买已提交
指向外部,指向外部
等待解析,等待解析
有效,有效
申请中,申请中
无,无
不可用,不可用
等待中,等待中
未找到生命周期数据,未找到生命周期数据
根域,根域
当前步骤,当前步骤
订单状态,订单状态
异常,异常
解析IP,解析IP
若已通过域名购买功能购买，可在此补建生命周期订单以便后续跟踪。,若已通过域名购买功能购买，可在此补建生命周期订单以便后续跟踪。
选择购买时使用的域名商账号,选择购买时使用的域名商账号
补建生命周期订单,补建生命周期订单
补建中...,补建中...
补建成功,补建成功
补建失败,补建失败
正在查询生命周期状态...,正在查询生命周期状态...
暂无域名池数据,暂无域名池数据
请先在「根域列表」中拉取域名，然后转存到域名池,请先在「根域列表」中拉取域名，然后转存到域名池
前往根域列表,前往根域列表
HTTPS,HTTPS
入池时间,入池时间
子域名,子域名
正在注册中,正在注册中
检查,检查
快速查询解析并更新状态,快速查询解析并更新状态
证书有效，无需申请,证书有效，无需申请
"手动申请 HTTPS 证书","手动申请 HTTPS 证书"
从域名池删除,从域名池删除
"当前服务运行在非80端口，只能通过 DNS 验证方式申请证书。请确保域名已关联 DNS 管理账户。","当前服务运行在非80端口，只能通过 DNS 验证方式申请证书。请确保域名已关联 DNS 管理账户。"
将自动尝试文件验证（HTTP-01）。请确保域名已正确解析到本服务器。,将自动尝试文件验证（HTTP-01）。请确保域名已正确解析到本服务器。
申请HTTPS,申请HTTPS
证书申请失败,证书申请失败
"确定要从域名池删除 %{1} 吗？删除后需重新转存方可再次入池。","确定要从域名池删除 %{1} 吗？删除后需重新转存方可再次入池。"
检查中,检查中
检查状态,检查状态
检测失败,检测失败
显示,显示
"DNS 解析异常，不能进行申请。请等待解析正常后再试。","DNS 解析异常，不能进行申请。请等待解析正常后再试。"
"解析需指向本服务器公网 IP 方可申请证书。","解析需指向本服务器公网 IP 方可申请证书。"
域名解析到：%{1},域名解析到：%{1}
"系统检测本机公网 IP：%{1}","系统检测本机公网 IP：%{1}"
"如您已确认解析正确，可能是公网 IP 检测不准。可在 env.php 中设置 server.public_ip 为您的服务器公网 IP。","如您已确认解析正确，可能是公网 IP 检测不准。可在 env.php 中设置 server.public_ip 为您的服务器公网 IP。"
无法申请,无法申请
"SSE 组件未就绪，将使用普通模式","SSE 组件未就绪，将使用普通模式"
未配置,未配置
"-- 请选择目标 DNS 账户 --","-- 请选择目标 DNS 账户 --"
"SSE 组件未就绪","SSE 组件未就绪"
"请选择目标 DNS 账户","请选择目标 DNS 账户"
当前页无域名可检查,当前页无域名可检查
批量检查完成,批量检查完成
"DNS 切换失败详情","DNS 切换失败详情"
"以下域名切换 DNS 服务器时发生错误，请根据提示修正后重试。","以下域名切换 DNS 服务器时发生错误，请根据提示修正后重试。"
请选择要设置的已拉取域名,请选择要设置的已拉取域名
批量设置账户,批量设置账户
"为选中域名设置 DNS/CDN 管理账户。留空表示不修改该项。","为选中域名设置 DNS/CDN 管理账户。留空表示不修改该项。"
"DNS 管理账户","DNS 管理账户"
"-- 不修改 --","-- 不修改 --"
清除（使用注册商账户）,清除（使用注册商账户）
"用于管理 DNS 解析记录的账户","用于管理 DNS 解析记录的账户"
"CDN 管理账户","CDN 管理账户"
清除,清除
"CDN 服务商账户（如 Cloudflare）","CDN 服务商账户（如 Cloudflare）"
确认设置,确认设置
加载账户列表失败,加载账户列表失败
正在设置账户...,正在设置账户...
设置成功,设置成功
设置失败,设置失败
页面表单,页面表单
网站构建器,网站构建器
基本信息,基本信息
AI一键生成页面内容,AI一键生成页面内容
AI生成内容,AI生成内容
句柄,句柄
请输入页面句柄,请输入页面句柄
访问地址,访问地址
复制,复制
打开,打开
所属站点,所属站点
选择,选择
父页面,父页面
无（顶级页面）,无（顶级页面）
选择该页面的父页面（用于政策页面等依赖主页的场景）,选择该页面的父页面（用于政策页面等依赖主页的场景）
请选择页面类型,请选择页面类型
(子页面不能是主页),(子页面不能是主页)
布局页面,布局页面
使用自身布局（默认）,使用自身布局（默认）
"选择一个已有页面作为布局模板。选择后，本页面将使用目标页面的 header/content/footer 组件配置进行渲染，并可在可视化编辑器中编辑该布局。","选择一个已有页面作为布局模板。选择后，本页面将使用目标页面的 header/content/footer 组件配置进行渲染，并可在可视化编辑器中编辑该布局。"
页面名称,页面名称
输入页面名称,输入页面名称
请输入页面名称,请输入页面名称
页面标题,页面标题
输入页面标题,输入页面标题
显示在浏览器标签页的标题,显示在浏览器标签页的标题
请输入页面标题,请输入页面标题
我要自定义内容,我要自定义内容
重要提示,重要提示
"一旦在此处填写自定义内容，页面将使用此处的内容替代样式模板中的 <code>content.phtml</code> 文件。","一旦在此处填写自定义内容，页面将使用此处的内容替代样式模板中的 <code>content.phtml</code> 文件。"
"保留：Header（头部）和 Footer（底部）模板","保留：Header（头部）和 Footer（底部）模板"
替换：Content（内容）模板将被下方的自定义内容替换,替换：Content（内容）模板将被下方的自定义内容替换
如果您想使用样式模板的默认内容布局，请保持此处为空。,如果您想使用样式模板的默认内容布局，请保持此处为空。
自定义页面内容,自定义页面内容
可选,可选
请在下方多语言tab中编辑,请在下方多语言tab中编辑
"在此输入自定义 HTML 内容，留空则使用样式模板的默认 content.phtml...","在此输入自定义 HTML 内容，留空则使用样式模板的默认 content.phtml..."
多语言模式下请在下方的语言tab中编辑各语言版本的内容。,多语言模式下请在下方的语言tab中编辑各语言版本的内容。
"支持 HTML 代码。使用可视化编辑器可以更方便地编辑内容。","支持 HTML 代码。使用可视化编辑器可以更方便地编辑内容。"
多语言内容翻译,多语言内容翻译
种语言,种语言
默认,默认
正在编辑：%{1},正在编辑：%{1}
这是默认语言的内容。修改此处会同步更新上方的主内容。,这是默认语言的内容。修改此处会同步更新上方的主内容。
"为 %{1} 语言版本提供自定义内容翻译。留空将使用默认语言内容。","为 %{1} 语言版本提供自定义内容翻译。留空将使用默认语言内容。"
在此输入默认语言的自定义内容...,在此输入默认语言的自定义内容...
"在此输入 %{1} 的自定义内容，留空则使用默认语言内容...","在此输入 %{1} 的自定义内容，留空则使用默认语言内容..."
"支持 HTML 代码。","支持 HTML 代码。"
已翻译,已翻译
未翻译,未翻译
样式与配置,样式与配置
选择样式模板,选择样式模板
可视化配置,可视化配置
在线预览,在线预览
正在加载样式模板...,正在加载样式模板...
搜索样式模板...,搜索样式模板...
刷新样式列表,刷新样式列表
没有找到匹配的样式模板,没有找到匹配的样式模板
选择页面的样式模板（Header、Content、Footer）,选择页面的样式模板（Header、Content、Footer）
请选择页面样式,请选择页面样式
"Google SEO JSON-LD 结构化数据（只读）","Google SEO JSON-LD 结构化数据（只读）"
"此数据根据页面标题、描述、URL 等自动生成，用于 Google 富结果与 SEO 优化，在此处仅作预览不可编辑。","此数据根据页面标题、描述、URL 等自动生成，用于 Google 富结果与 SEO 优化，在此处仅作预览不可编辑。"
同级页面,同级页面
子页面,子页面
这是一个子页面，以下是与它同级的其他子页面,这是一个子页面，以下是与它同级的其他子页面
以下是当前页面的所有子页面,以下是当前页面的所有子页面
"点击复制 Handle","点击复制 Handle"
点击复制链接,点击复制链接
"复制 Handle","复制 Handle"
复制页面链接,复制页面链接
预览页面,预览页面
点击页面名称可在新标签页中编辑该页面,点击页面名称可在新标签页中编辑该页面
发布设置,发布设置
"将状态设置为""已发布""并保存","将状态设置为""已发布""并保存"
创建,创建
SEO标题,SEO标题
输入SEO标题（留空则使用页面标题）,输入SEO标题（留空则使用页面标题）
搜索引擎显示的标题，建议50-60个字符,搜索引擎显示的标题，建议50-60个字符
SEO描述,SEO描述
输入SEO描述,输入SEO描述
搜索引擎显示的描述，建议150-160个字符,搜索引擎显示的描述，建议150-160个字符
SEO关键词,SEO关键词
输入关键词，用逗号分隔,输入关键词，用逗号分隔
用逗号分隔多个关键词,用逗号分隔多个关键词
跟踪代码,跟踪代码
"Google Analytics 4 ID","Google Analytics 4 ID"
例如：G-XXXXXXXXXX,例如：G-XXXXXXXXXX
"Google Tag Manager ID","Google Tag Manager ID"
例如：GTM-XXXXXXX,例如：GTM-XXXXXXX
"Facebook Pixel ID","Facebook Pixel ID"
例如：123456789012345,例如：123456789012345
"CTA 转化事件名称","CTA 转化事件名称"
"留空将自动生成为 cta_{handle}_click","留空将自动生成为 cta_{handle}_click"
"用于 GTM / GA / Meta 事件上报；若留空，保存时默认生成为 cta_{handle}_click","用于 GTM / GA / Meta 事件上报；若留空，保存时默认生成为 cta_{handle}_click"
"Header 自定义代码","Header 自定义代码"
"在此输入需要在页面头部（&lt;head&gt;标签内）添加的自定义代码，例如：Google Search Console验证代码、统计代码等","在此输入需要在页面头部（&lt;head&gt;标签内）添加的自定义代码，例如：Google Search Console验证代码、统计代码等"
"此代码将添加到页面 &lt;head&gt; 标签内，可用于 GSC 验证、统计代码等","此代码将添加到页面 &lt;head&gt; 标签内，可用于 GSC 验证、统计代码等"
"Footer 自定义代码","Footer 自定义代码"
在此输入需要在页面底部（&lt;/body&gt;标签前）添加的自定义代码，例如：统计代码、验证代码等,在此输入需要在页面底部（&lt;/body&gt;标签前）添加的自定义代码，例如：统计代码、验证代码等
"此代码将添加到页面 &lt;/body&gt; 标签前，可用于统计代码、验证代码等","此代码将添加到页面 &lt;/body&gt; 标签前，可用于统计代码、验证代码等"
表单提交设置,表单提交设置
表单提交成功后跳转URL,表单提交成功后跳转URL
例如：https://www.example.com/thank-you,例如：https://www.example.com/thank-you
"留空则不跳转。必须是完整的URL地址（包含 http:// 或 https://）","留空则不跳转。必须是完整的URL地址（包含 http:// 或 https://）"
品牌资源,品牌资源
Logo图片,Logo图片
输入Logo图片URL,输入Logo图片URL
网站图标,网站图标
输入网站图标URL,输入网站图标URL
多语言设置,多语言设置
搜索语言...,搜索语言...
选择页面的主要语言版本,选择页面的主要语言版本
支持的语言翻译,支持的语言翻译
暂未选择支持的语言，请使用下方搜索框添加语言,暂未选择支持的语言，请使用下方搜索框添加语言
搜索并选择语言...,搜索并选择语言...
未找到匹配的语言,未找到匹配的语言
选择后可点击字段旁边的翻译按钮进行翻译,选择后可点击字段旁边的翻译按钮进行翻译
加载中…,加载中…
无法在侧栏中加载，请在新窗口打开,无法在侧栏中加载，请在新窗口打开
在新窗口打开,在新窗口打开
页面描述,页面描述
AI将基于当前页面的信息生成内容，您也可以修改描述以调整生成方向...,AI将基于当前页面的信息生成内容，您也可以修改描述以调整生成方向...
请描述您想要创建的页面内容，例如：创建一个关于我们页面，介绍公司历史、团队和使命...,请描述您想要创建的页面内容，例如：创建一个关于我们页面，介绍公司历史、团队和使命...
编辑模式下，AI将基于当前页面的标题、内容、SEO信息等自动生成提示词。您也可以修改描述以调整生成方向。,编辑模式下，AI将基于当前页面的标题、内容、SEO信息等自动生成提示词。您也可以修改描述以调整生成方向。
详细描述页面内容，AI将根据描述自动生成标题、SEO信息和页面内容,详细描述页面内容，AI将根据描述自动生成标题、SEO信息和页面内容
编辑模式,编辑模式
将使用当前页面的以下信息作为提示词：,将使用当前页面的以下信息作为提示词：
页面内容摘要,页面内容摘要
提示,提示
AI将根据您填写的描述和页面现有信息生成内容。主页类型页面不会生成content字段。,AI将根据您填写的描述和页面现有信息生成内容。主页类型页面不会生成content字段。
生成内容,生成内容
电脑预览,电脑预览
平板预览,平板预览
手机预览,手机预览
刷新预览,刷新预览
发布页面,发布页面
更新页面,更新页面
返回列表,返回列表
检查失败，请稍后重试,检查失败，请稍后重试
页面句柄已被使用，请使用其他句柄后再提交！,页面句柄已被使用，请使用其他句柄后再提交！
请填写必填字段：,请填写必填字段：
请先选择页面样式模板！,请先选择页面样式模板！
系统错误，请刷新页面重试,系统错误，请刷新页面重试
发布中...,发布中...
发布失败，请重试,发布失败，请重试
子页面配置继承,子页面配置继承
"该页面是子页面，已继承父页面的样式模板、默认语言、支持的语言列表、Logo和网站图标，无法单独修改。跟踪代码（GA4/GTM/FB Pixel）可修改。","该页面是子页面，已继承父页面的样式模板、默认语言、支持的语言列表、Logo和网站图标，无法单独修改。跟踪代码（GA4/GTM/FB Pixel）可修改。"
"子页面将继承父页面的样式模板、默认语言、支持的语言列表、Logo和网站图标。跟踪代码（GA4/GTM/FB Pixel）已继承但可修改。","子页面将继承父页面的样式模板、默认语言、支持的语言列表、Logo和网站图标。跟踪代码（GA4/GTM/FB Pixel）已继承但可修改。"
继承,继承
语言设置已继承,语言设置已继承
子页面的默认语言和支持的语言列表继承自父页面，无法单独修改。如需调整，请在父页面中修改。,子页面的默认语言和支持的语言列表继承自父页面，无法单独修改。如需调整，请在父页面中修改。
跟踪代码已继承,跟踪代码已继承
"Google Analytics、Google Tag Manager 和 Facebook Pixel ID 已从父页面继承，您可以根据需要修改。","Google Analytics、Google Tag Manager 和 Facebook Pixel ID 已从父页面继承，您可以根据需要修改。"
默认语言不能从支持的语言列表中删除！如需更改，请先切换默认语言。,默认语言不能从支持的语言列表中删除！如需更改，请先切换默认语言。
默认语言不能删除,默认语言不能删除
移除此语言,移除此语言
请选择样式,请选择样式
没有支持当前页面类型的样式模板,没有支持当前页面类型的样式模板
刷新失败,刷新失败
样式已保存，正在刷新页面...,样式已保存，正在刷新页面...
样式保存失败：,样式保存失败：
网络错误，样式保存失败,网络错误，样式保存失败
只有在编辑模式下才能翻译配置项,只有在编辑模式下才能翻译配置项
翻译配置项,翻译配置项
预览图,预览图
已自定义,已自定义
当前已填写,当前已填写
"个字符。页面将使用此自定义内容替代 content.phtml 模板。","个字符。页面将使用此自定义内容替代 content.phtml 模板。"
AI正在生成配置，请稍候...,AI正在生成配置，请稍候...
生成中...,生成中...
响应数据为空,响应数据为空
生成失败,生成失败
AI没有生成任何配置项,AI没有生成任何配置项
配置项,配置项
生成值,生成值
未找到对应输入框,未找到对应输入框
有,有
个配置项未找到对应的输入框，将不会自动填充,个配置项未找到对应的输入框，将不会自动填充
个配置项生成，其中,个配置项生成，其中
个可以自动填充,个可以自动填充
个配置项生成，但未找到对应的输入框，无法自动填充,个配置项生成，但未找到对应的输入框，无法自动填充
AI生成配置完成,AI生成配置完成
即将回填,即将回填
个配置项，是否确认应用？,个配置项，是否确认应用？
确认应用,确认应用
已生成并填充,已生成并填充
个配置项,个配置项
个配置项生成，但未找到对应的输入框,个配置项生成，但未找到对应的输入框
生成请求失败，请稍后重试,生成请求失败，请稍后重试
"Handle 已复制","Handle 已复制"
页面,页面
Handle,Handle
链接已复制,链接已复制
链接,链接
复制失败,复制失败
请手动复制以下内容,请手动复制以下内容
已复制,已复制
地址已复制,地址已复制
页面地址,页面地址
请输入页面描述,请输入页面描述
AI已成功生成页面内容，请检查并调整,AI已成功生成页面内容，请检查并调整
页面句柄不能为空，无法预览,页面句柄不能为空，无法预览
文件管理器,文件管理器
目录,目录
"请先填写页面句柄 handle","请先填写页面句柄 handle"
媒体管理器,媒体管理器
组件库,组件库
AI生成组件,AI生成组件
"导入 JSON 预览","导入 JSON 预览"
收起/展开,收起/展开
搜索组件...,搜索组件...
加载组件中...,加载组件中...
组件配置,组件配置
"头部组件 (Header)","头部组件 (Header)"
"Header 区域只能放置一个组件","Header 区域只能放置一个组件"
"侧边栏组件 (Sidebar)","侧边栏组件 (Sidebar)"
"Sidebar 区域可放置多个组件","Sidebar 区域可放置多个组件"
"内容组件 (Content)","内容组件 (Content)"
"Content 区域可放置多个组件，按顺序排列","Content 区域可放置多个组件，按顺序排列"
"Hero 区域 (Hero)","Hero 区域 (Hero)"
"Hero 区域通常只放置一个大型横幅组件","Hero 区域通常只放置一个大型横幅组件"
"行动号召区域 (CTA)","行动号召区域 (CTA)"
"CTA 区域用于放置号召行动的组件","CTA 区域用于放置号召行动的组件"
"底部组件 (Footer)","底部组件 (Footer)"
"Footer 区域只能放置一个组件","Footer 区域只能放置一个组件"
可放置组件,可放置组件
加载组件失败,加载组件失败
可多个,可多个
唯一,唯一
暂无可用组件,暂无可用组件
通用组件,通用组件
本模板（推荐）,本模板（推荐）
推荐,推荐
通用,通用
兼容,兼容
生成,生成
微调,微调
重试,重试
展开组件库,展开组件库
收起组件库,收起组件库
此组件只能放置在,此组件只能放置在
此区域只能放置一个组件，是否替换现有组件？,此区域只能放置一个组件，是否替换现有组件？
加载预览...,加载预览...
预览失败,预览失败
双击组件卡片预览，拖拽到预览区域添加,双击组件卡片预览，拖拽到预览区域添加
确定要移除此组件吗？,确定要移除此组件吗？
此组件暂无可配置项,此组件暂无可配置项
配置表单加载中...,配置表单加载中...
"组件 ID 无效","组件 ID 无效"
"确定要删除 AI 组件","确定要删除 AI 组件"
页头,页头
页脚,页脚
内容,内容
"AI 组件工坊","AI 组件工坊"
已恢复未保存的组件到预览,已恢复未保存的组件到预览
未命名组件,未命名组件
描述,描述
"正在获取 AI 服务信息...","正在获取 AI 服务信息..."
"发现未保存的 AI 组件","发现未保存的 AI 组件"
恢复到微调,恢复到微调
丢弃,丢弃
组件名称,组件名称
例如：产品展示卡片,例如：产品展示卡片
区域,区域
头部,头部
底部,底部
风格,风格
现代简约,现代简约
卡片式,卡片式
渐变,渐变
深色,深色
极简,极简
功能描述,功能描述
详细描述组件的功能、样式和内容要求...,详细描述组件的功能、样式和内容要求...
参考组件,参考组件
配置字段,配置字段
字段名:类型:默认值,字段名:类型:默认值
生成模式,生成模式
普通模式,普通模式
智能体模式,智能体模式
智能体会自动调用工具查询参考组件、校验代码规范，生成质量更高,智能体会自动调用工具查询参考组件、校验代码规范，生成质量更高
开始生成,开始生成
准备中...,准备中...
字符,字符
日志,日志
工具,工具
提示词,提示词
等待工具调用...,等待工具调用...
等待提示词...,等待提示词...
取消生成,取消生成
代码,代码
全屏预览,全屏预览
颜色继承自主题色变量，修改后仅影响此组件,颜色继承自主题色变量，修改后仅影响此组件
"AI 生成的草稿内容","AI 生成的草稿内容"
可复制，便于调试,可复制，便于调试
复制草稿内容,复制草稿内容
重新描述,重新描述
保存组件,保存组件
下一步（微调）,下一步（微调）
微调日志,微调日志
微调描述,微调描述
描述需要调整的部分，例如：按钮颜色改为蓝色、标题字号加大...,描述需要调整的部分，例如：按钮颜色改为蓝色、标题字号加大...
微调历史,微调历史
返回预览,返回预览
"AI 服务不可用","AI 服务不可用"
"AI 信息返回格式不正确","AI 信息返回格式不正确"
已连接,已连接
未知,未知
供应商,供应商
模型,模型
适配器,适配器
本地,本地
"获取 AI 信息失败","获取 AI 信息失败"
确认操作,确认操作
确定,确定
组件工坊界面未初始化完成，请关闭后重试,组件工坊界面未初始化完成，请关闭后重试
请先完善必填项：组件名称与功能描述,请先完善必填项：组件名称与功能描述
请先生成组件,请先生成组件
正在生成中，切换步骤将中断生成，确定吗？,正在生成中，切换步骤将中断生成，确定吗？
思考,思考
AI,AI
正在生成中，请稍候...,正在生成中，请稍候...
请先完善参数,请先完善参数
重新生成中...,重新生成中...
校验通过,校验通过
警告,警告
校验发现问题,校验发现问题
背景色,背景色
文字色,文字色
标题色,标题色
强调色,强调色
重置为主题默认,重置为主题默认
"直接调用 AI 模型生成代码，速度更快","直接调用 AI 模型生成代码，速度更快"
暂无可用智能体,暂无可用智能体
"智能体模式：连接 AI 服务...","智能体模式：连接 AI 服务..."
请输入组件名称和描述,请输入组件名称和描述
第,第
轮,轮
完成,完成
"AI 思考中...","AI 思考中..."
"AI 回复中...","AI 回复中..."
自动修复,自动修复
最终输出,最终输出
迭代轮次,迭代轮次
工具调用,工具调用
次,次
错误,错误
连接中断或服务器错误,连接中断或服务器错误
生成完成！,生成完成！
"正在按 ID 请求预览...","正在按 ID 请求预览..."
组件预览渲染完成,组件预览渲染完成
正在调用组件预览接口...,正在调用组件预览接口...
组件预览失败,组件预览失败
，使用原始代码,，使用原始代码
组件预览接口异常,组件预览接口异常
已使用当前预览刷新,已使用当前预览刷新
"当前无草稿 ID，无法刷新预览","当前无草稿 ID，无法刷新预览"
预览拉取失败,预览拉取失败
预览已更新,预览已更新
暂无草稿内容可复制,暂无草稿内容可复制
已复制草稿内容,已复制草稿内容
请输入微调描述,请输入微调描述
微调中...,微调中...
"正在调用 AI 微调...","正在调用 AI 微调..."
无组件数据,无组件数据
正在发送微调请求...,正在发送微调请求...
微调失败,微调失败
"微调请求失败：无法连接服务端（可能是 404 或网络问题）。请检查服务器是否正常运行。","微调请求失败：无法连接服务端（可能是 404 或网络问题）。请检查服务器是否正常运行。"
连接断开，正在重连...,连接断开，正在重连...
微调完成，正在应用预览...,微调完成，正在应用预览...
智能体迭代,智能体迭代
工具调用记录,工具调用记录
"SweetAlert2 未加载","SweetAlert2 未加载"
"导入 JSON 预览组件","导入 JSON 预览组件"
"粘贴之前导出的 JSON 或直接粘贴组件代码","粘贴之前导出的 JSON 或直接粘贴组件代码"
"JSON 数据","JSON 数据"
支持的格式（点击展开）,支持的格式（点击展开）
格式1：完整导出格式,格式1：完整导出格式
格式2：简化组件格式,格式2：简化组件格式
格式3：纯代码格式,格式3：纯代码格式
预览组件,预览组件
"请粘贴 JSON 内容","请粘贴 JSON 内容"
"JSON 格式错误","JSON 格式错误"
导入的组件,导入的组件
"无法识别的 JSON 格式。请确保 JSON 包含以下字段之一：","无法识别的 JSON 格式。请确保 JSON 包含以下字段之一："
"当前 JSON 包含的键","当前 JSON 包含的键"
"JSON 中缺少组件代码。请确保包含 phtml_code 或 template_content 字段，且值不为空。","JSON 中缺少组件代码。请确保包含 phtml_code 或 template_content 字段，且值不为空。"
导入失败,导入失败
正在生成预览...,正在生成预览...
"-- 不使用参考组件 --","-- 不使用参考组件 --"
该区域暂无可用组件,该区域暂无可用组件
获取参考组件...,获取参考组件...
"连接 AI 服务...","连接 AI 服务..."
"AI 正在生成...","AI 正在生成..."
正在接收代码...,正在接收代码...
生成出错,生成出错
您可以重新尝试生成组件。,您可以重新尝试生成组件。
"AI 返回的内容解析失败，可能是网络不稳定导致数据截断。","AI 返回的内容解析失败，可能是网络不稳定导致数据截断。"
网络连接不稳定，请检查网络后重试。,网络连接不稳定，请检查网络后重试。
"AI 响应超时，请稍后重试。","AI 响应超时，请稍后重试。"
"AI 服务可能暂时不可用，请稍后重试。","AI 服务可能暂时不可用，请稍后重试。"
"AI 提示词","AI 提示词"
提示词未返回,提示词未返回
生成的代码,生成的代码
代码未生成,代码未生成
可编辑并预览,可编辑并预览
应用更改并预览,应用更改并预览
应用,应用
"复制 JSON","复制 JSON"
"修改 JSON 后点击「应用」按钮预览效果，或直接粘贴新的 JSON","修改 JSON 后点击「应用」按钮预览效果，或直接粘贴新的 JSON"
"JSON 内容为空","JSON 内容为空"
无法全屏预览,无法全屏预览
预览内容为空,预览内容为空
请Ctrl+C,请Ctrl+C
最近,最近
组件验证通过,组件验证通过
验证问题,验证问题
预览渲染失败,预览渲染失败
查看代码,查看代码
预览生成失败，请使用下方微调功能修复问题,预览生成失败，请使用下方微调功能修复问题
AI组件,AI组件
确认保存,确认保存
找不到组件数据,找不到组件数据
找不到组件代码,找不到组件代码
服务器错误,服务器错误
响应解析失败,响应解析失败
服务器返回了无效的响应,服务器返回了无效的响应
保存中...,保存中...
"AI 组件已保存到组件库","AI 组件已保存到组件库"
无代码可显示：请先生成组件,无代码可显示：请先生成组件
代码为空：未找到组件代码,代码为空：未找到组件代码
组件源代码,组件源代码
代码长度,代码长度
复制代码,复制代码
没有代码可复制,没有代码可复制
错误：找不到组件数据,错误：找不到组件数据
错误：找不到组件代码,错误：找不到组件代码
"AI 正在微调组件，请稍候...","AI 正在微调组件，请稍候..."
服务器返回了无效的响应，可能是代码执行错误。请尝试重新微调。,服务器返回了无效的响应，可能是代码执行错误。请尝试重新微调。
导航项配置,导航项配置
拖拽排序,拖拽排序
名称,名称
锚点,锚点
外部,外部
添加导航项,添加导航项
退出,退出
桌面,桌面
平板,平板
全屏模式,全屏模式
AI一键生成模板所需的所有配置信息,AI一键生成模板所需的所有配置信息
AI生成配置,AI生成配置
"PageSpeed 测试（手机） - 页面未发布，无法进行测试。请先发布页面后再进行 PageSpeed 测试。","PageSpeed 测试（手机） - 页面未发布，无法进行测试。请先发布页面后再进行 PageSpeed 测试。"
"PageSpeed 测试（手机）","PageSpeed 测试（手机）"
PageSpeed（手机）,PageSpeed（手机）
文件管理,文件管理
导出配置,导出配置
导入配置,导入配置
已保存,已保存
重新加载配置字段,重新加载配置字段
刷新配置,刷新配置
展开配置面板,展开配置面板
样式配置,样式配置
恢复所有配置项为默认值,恢复所有配置项为默认值
全部恢复默认,全部恢复默认
收起面板,收起面板
搜索配置项（支持key、名称、备注）,搜索配置项（支持key、名称、备注）
Logo地址,Logo地址
输入网站名称,输入网站名称
"Logo高度 (px)","Logo高度 (px)"
背景颜色,背景颜色
文字颜色,文字颜色
链接颜色,链接颜色
"字体大小 (px)","字体大小 (px)"
标题颜色,标题颜色
"H1 标题大小 (px)","H1 标题大小 (px)"
"正文字体大小 (px)","正文字体大小 (px)"
行高,行高
字体家族,字体家族
"标题大小 (px)","标题大小 (px)"
链接悬停颜色,链接悬停颜色
关于我们文本,关于我们文本
联系邮箱,联系邮箱
联系电话,联系电话
联系地址,联系地址
公司地址,公司地址
版权文本,版权文本
版权所有,版权所有
刷新预览中...,刷新预览中...
退出全屏,退出全屏
正在加载配置...,正在加载配置...
AI正在生成配置，请等待生成完成,AI正在生成配置，请等待生成完成
未保存,未保存
加载配置失败,加载配置失败
恢复默认值,恢复默认值
恢复,恢复
"按住 Ctrl/Cmd 可多选","按住 Ctrl/Cmd 可多选"
图片URL,图片URL
文件路径,文件路径
浏览,浏览
"支持 HTML 格式","支持 HTML 格式"
"-- 请选择属性 --","-- 请选择属性 --"
"-- 请选择 --","-- 请选择 --"
"SEO / TDK 设置","SEO / TDK 设置"
"页面标题（Meta Title）","页面标题（Meta Title）"
用于浏览器标题和搜索结果的主标题,用于浏览器标题和搜索结果的主标题
"建议控制在 30-60 个字符内，包含核心关键词。","建议控制在 30-60 个字符内，包含核心关键词。"
"页面描述（Meta Description）","页面描述（Meta Description）"
用于搜索结果摘要的描述性文案,用于搜索结果摘要的描述性文案
"建议控制在 70-150 个字符内，清晰说明页面价值和核心卖点。","建议控制在 70-150 个字符内，清晰说明页面价值和核心卖点。"
"关键词（Meta Keywords，可选）","关键词（Meta Keywords，可选）"
"以英文逗号分隔的关键词，例如：landing page,seo,marketing","以英文逗号分隔的关键词，例如：landing page,seo,marketing"
现代搜索引擎已弱化该字段，仅做补充参考使用。,现代搜索引擎已弱化该字段，仅做补充参考使用。
"此处修改会直接覆盖当前页面对象记录中的 SEO 字段，而不会写入样式配置。支持按当前预览语言分别维护多语言 TDK。","此处修改会直接覆盖当前页面对象记录中的 SEO 字段，而不会写入样式配置。支持按当前预览语言分别维护多语言 TDK。"
暂无配置项,暂无配置项
恢复全部,恢复全部
恢复此分组所有字段为默认值,恢复此分组所有字段为默认值
正在刷新配置...,正在刷新配置...
刷新配置失败,刷新配置失败
请先选择样式模板（方案）,请先选择样式模板（方案）
展开面板,展开面板
"无法测试：页面未发布，无法进行 PageSpeed 测试。原因：PageSpeed Insights 需要访问已发布的公开页面才能进行分析。解决方法：请先在页面编辑表单中将页面状态设置为""已发布""，然后再进行测试。","无法测试：页面未发布，无法进行 PageSpeed 测试。原因：PageSpeed Insights 需要访问已发布的公开页面才能进行分析。解决方法：请先在页面编辑表单中将页面状态设置为""已发布""，然后再进行测试。"
"页面句柄不能为空，无法测试 PageSpeed","页面句柄不能为空，无法测试 PageSpeed"
"本地或内网地址无法使用 PageSpeed，请部署到公网或提供可访问 URL","本地或内网地址无法使用 PageSpeed，请部署到公网或提供可访问 URL"
"PageSpeed 测试（手机） - 页面未发布且当前为本地/内网地址，无法进行测试。\n\n原因：\n1. 页面未发布\n2. 本地或内网地址无法使用 PageSpeed\n\n解决方法：\n1. 请先在页面编辑表单中将页面状态设置为""已发布""\n2. 请部署到公网或提供可访问 URL","PageSpeed 测试（手机） - 页面未发布且当前为本地/内网地址，无法进行测试。\n\n原因：\n1. 页面未发布\n2. 本地或内网地址无法使用 PageSpeed\n\n解决方法：\n1. 请先在页面编辑表单中将页面状态设置为""已发布""\n2. 请部署到公网或提供可访问 URL"
导出失败：请先选择样式模板,导出失败：请先选择样式模板
导出中...,导出中...
导出成功,导出成功
配置已导出到Excel文件,配置已导出到Excel文件
导出失败,导出失败
导入中...,导入中...
导入成功,导入成功
配置已导入,配置已导入
已恢复为默认值,已恢复为默认值
没有可恢复的配置项,没有可恢复的配置项
确认恢复全部配置,确认恢复全部配置
确定要恢复所有配置项为默认值吗？,确定要恢复所有配置项为默认值吗？
这将影响,这将影响
个配置项！修改将自动保存。,个配置项！修改将自动保存。
重置中...,重置中...
已重置,已重置
已恢复,已恢复
个配置项为默认值,个配置项为默认值
重置失败,重置失败
此分组没有可恢复的字段,此分组没有可恢复的字段
确认恢复分组,确认恢复分组
确定要恢复,确定要恢复
下所有字段为默认值吗？,下所有字段为默认值吗？
个字段！修改将自动保存。,个字段！修改将自动保存。
个字段为默认值,个字段为默认值
生成成功：已生成并填充,生成成功：已生成并填充
区域不匹配：此组件只能放置在,区域不匹配：此组件只能放置在
替换组件？,替换组件？
确认替换,确认替换
排序失败,排序失败
错误：页面ID未定义，请刷新页面重试,错误：页面ID未定义，请刷新页面重试
错误：页面ID未定义,错误：页面ID未定义
加载配置...,加载配置...
获取组件信息失败,获取组件信息失败
AI可根据页面信息自动生成此组件的文字配置,AI可根据页面信息自动生成此组件的文字配置
已生成,已生成
编辑失败,编辑失败
确定要删除此组件吗？,确定要删除此组件吗？
删除组件？,删除组件？
删除中...,删除中...
全局组件已删除,全局组件已删除
确认恢复默认值,确认恢复默认值
此操作不可撤销！,此操作不可撤销！
确认恢复,确认恢复
一键建站,一键建站
暂无页面，点击右上角新建页面开始使用,暂无页面，点击右上角新建页面开始使用
搜索页面名称、句柄...,搜索页面名称、句柄...
清除搜索,清除搜索
访问站点,访问站点
查看页面,查看页面
拷贝链接,拷贝链接
未发布,未发布
"查看 Sitemap","查看 Sitemap"
"复制 Sitemap 链接","复制 Sitemap 链接"
新增子页面,新增子页面
"SEO Sitemap 管理","SEO Sitemap 管理"
导出为静态网站,导出为静态网站
站点设置,站点设置
站点页面统计,站点页面统计
删除整个站点（包含所有子页面）,删除整个站点（包含所有子页面）
删除站点,删除站点
确定要删除此页面吗？,确定要删除此页面吗？
更多操作,更多操作
确定要删除此子页面吗？,确定要删除此子页面吗？
删除页面,删除页面
"共 %{total} 个站点，第 %{page}/%{pages} 页","共 %{total} 个站点，第 %{page}/%{pages} 页"
选择站点和模板,选择站点和模板
配置信息,配置信息
完成创建,完成创建
选择站点和模板后，系统将自动创建首页、关于我们、联系我们、隐私政策、服务条款等所有必需页面。,选择站点和模板后，系统将自动创建首页、关于我们、联系我们、隐私政策、服务条款等所有必需页面。
选择站点,选择站点
暂无站点,暂无站点
快速新建站点,快速新建站点
"使用统一建站流程在侧边栏中完成添加网站，URL 将根据所选域名生成。","使用统一建站流程在侧边栏中完成添加网站，URL 将根据所选域名生成。"
选择模板,选择模板
正在加载模板列表...,正在加载模板列表...
页面名称前缀,页面名称前缀
例如：我的商城,例如：我的商城
"将用于页面标题，如：我的商城 - 首页","将用于页面标题，如：我的商城 - 首页"
URL前缀,URL前缀
"仅小写字母、数字、连字符，不填则使用 about、contact 等","仅小写字母、数字、连字符，不填则使用 about、contact 等"
"可选。不填则首页与子页使用简短路径（如 /about）；填写则如 /my-site、/my-site-about","可选。不填则首页与子页使用简短路径（如 /about）；填写则如 /my-site、/my-site-about"
简体中文,简体中文
英语,英语
印地语,印地语
模板,模板
"SEO 账户","SEO 账户"
绑定SEO账户后，站点的sitemap将自动提交到搜索引擎。,绑定SEO账户后，站点的sitemap将自动提交到搜索引擎。
要创建的页面类型,要创建的页面类型
必需,必需
GDPR,GDPR
博客,博客
创建中...,创建中...
正在创建页面...,正在创建页面...
上一步,上一步
下一步,下一步
开始创建,开始创建
请手动复制链接,请手动复制链接
请手动复制以下链接,请手动复制以下链接
"Sitemap 链接已复制","Sitemap 链接已复制"
页面ID不存在,页面ID不存在
确定要删除站点,确定要删除站点
吗？,吗？
此操作将同时删除,此操作将同时删除
个子页面！,个子页面！
此操作不可恢复！,此操作不可恢复！
子页面数量,子页面数量
此操作将删除该站点及其所有子页面，且不可恢复！,此操作将删除该站点及其所有子页面，且不可恢复！
确认删除站点,确认删除站点
文件已开始下载，请查看浏览器下载列表,文件已开始下载，请查看浏览器下载列表
导出处理中,导出处理中
文件可能较大，正在生成中，请稍候...,文件可能较大，正在生成中，请稍候...
暂无描述,暂无描述
暂无可用模板，请先创建模板,暂无可用模板，请先创建模板
加载模板失败，请刷新页面重试,加载模板失败，请刷新页面重试
请选择一个站点,请选择一个站点
请选择一个模板,请选择一个模板
请填写页面名称前缀,请填写页面名称前缀
开始创建...,开始创建...
站点创建成功！,站点创建成功！
已成功创建以下页面：,已成功创建以下页面：
刷新页面列表,刷新页面列表
编辑首页,编辑首页
创建失败,创建失败
确定要执行此操作吗？,确定要执行此操作吗？
"翻译到 %{1}","翻译到 %{1}"
原文内容,原文内容
页面内容,页面内容
SEO信息,SEO信息
翻译内容（%{1}）,翻译内容（%{1}）
输入翻译后的页面名称,输入翻译后的页面名称
请输入翻译后的页面名称,请输入翻译后的页面名称
输入翻译后的页面标题,输入翻译后的页面标题
请输入翻译后的页面标题,请输入翻译后的页面标题
输入翻译后的页面内容,输入翻译后的页面内容
使用所见即所得编辑器编辑翻译内容,使用所见即所得编辑器编辑翻译内容
SEO信息翻译,SEO信息翻译
输入翻译后的SEO标题,输入翻译后的SEO标题
留空则使用页面标题,留空则使用页面标题
输入翻译后的SEO描述,输入翻译后的SEO描述
输入翻译后的关键词，用逗号分隔,输入翻译后的关键词，用逗号分隔
保存翻译,保存翻译
返回编辑页面,返回编辑页面
暂无配置订单,暂无配置订单
前往新建站点,前往新建站点
订单ID,订单ID
创建时间,创建时间
错误信息,错误信息
购买域名中,购买域名中
"DNS 配置中","DNS 配置中"
"CDN 配置中","CDN 配置中"
"SSL 申请中","SSL 申请中"
快速建站向导,快速建站向导
建站描述,建站描述
域名准备流程（完成后域名标记为可用，可在本向导中选择）：,域名准备流程（完成后域名标记为可用，可在本向导中选择）：
"拉取域名到线下：切换 DNS（可指定切换到哪里）、可选切换 CDN（可指定切换到哪里）","拉取域名到线下：切换 DNS（可指定切换到哪里）、可选切换 CDN（可指定切换到哪里）"
"自动探查 DNS 解析情况","自动探查 DNS 解析情况"
"正常后自动将本地服务器公网 IP 解析到对应 DNS","正常后自动将本地服务器公网 IP 解析到对应 DNS"
自动定时检测并等待解析生效,自动定时检测并等待解析生效
"解析好后向本地 WLS 申请 HTTPS 证书","解析好后向本地 WLS 申请 HTTPS 证书"
一切就绪后域名标记为可用，进入「等待建站时选择」,一切就绪后域名标记为可用，进入「等待建站时选择」
建站流程,建站流程
"选择域名 → 取名字 → 选择页面构建器内模板 → 选择要支持的页面 → 一键建站","选择域名 → 取名字 → 选择页面构建器内模板 → 选择要支持的页面 → 一键建站"
选择域名,选择域名
配置服务,配置服务
确认启动,确认启动
配置中,配置中
选择或购买域名,选择或购买域名
购买新域名,购买新域名
使用已有域名,使用已有域名
域名商账号,域名商账号
输入要购买的域名,输入要购买的域名
加载可建站域名,加载可建站域名
配置建站服务,配置建站服务
"DNS/CDN 服务商","DNS/CDN 服务商"
"选择用于管理域名 DNS 和 CDN 加速的服务商，默认使用域名购买时的服务商","选择用于管理域名 DNS 和 CDN 加速的服务商，默认使用域名购买时的服务商"
"DNS 服务商","DNS 服务商"
跟随域名商（默认）,跟随域名商（默认）
"DNS 账户","DNS 账户"
"选择""跟随域名商""时，将使用域名购买时的默认 DNS 配置","选择""跟随域名商""时，将使用域名购买时的默认 DNS 配置"
"CDN 服务商","CDN 服务商"
"CDN 账户","CDN 账户"
"选择""跟随域名商""时，将使用域名购买时的默认 CDN 配置","选择""跟随域名商""时，将使用域名购买时的默认 CDN 配置"
"如选择不同的 DNS/CDN 服务商，系统会自动将域名 NS 切换到该服务商","如选择不同的 DNS/CDN 服务商，系统会自动将域名 NS 切换到该服务商"
以下服务将在一站式配置中自动执行,以下服务将在一站式配置中自动执行
"DNS 配置","DNS 配置"
"切换 NS 到 CDN","切换 NS 到 CDN"
"CDN 加速","CDN 加速"
全球加速,全球加速
"SSL 证书","SSL 证书"
自动签发,自动签发
域名解析,域名解析
"A 记录指向服务器","A 记录指向服务器"
"自动申请 SSL 证书","自动申请 SSL 证书"
确认配置信息,确认配置信息
配置中（实时日志）,配置中（实时日志）
启动SSE配置,启动SSE配置
正在执行，请稍候...,正在执行，请稍候...
完成概览,完成概览
查看配置订单,查看配置订单
去建站器（自动定位当前域名）,去建站器（自动定位当前域名）
DNS,DNS
CDN,CDN
解析,解析
验证,验证
SSL,SSL
默认账户,默认账户
域名商账号ID,域名商账号ID
新购买,新购买
已有域名,已有域名
待购买,待购买
SSL证书,SSL证书
自动申请,自动申请
不申请,不申请
自动解析,自动解析
是,是
执行流程,执行流程
"DNS配置 → CDN加速 → IP解析 → SSL证书","DNS配置 → CDN加速 → IP解析 → SSL证书"
跟随域名商（默认：,跟随域名商（默认：
跟随域名商账号（,跟随域名商账号（
跟随域名商账号（默认）,跟随域名商账号（默认）
请输入域名,请输入域名
检查中...,检查中...
无检测结果,无检测结果
年,年
不可注册,不可注册
"如果您已拥有此域名，请切换到""使用已有域名""模式","如果您已拥有此域名，请切换到""使用已有域名""模式"
购买中...,购买中...
购买请求已提交,购买请求已提交
暂无可建站域名，请先完成域名解析与HTTPS配置,暂无可建站域名，请先完成域名解析与HTTPS配置
输入关键词筛选域名...,输入关键词筛选域名...
HTTPS申请中,HTTPS申请中
无HTTPS,无HTTPS
筛选结果,筛选结果
请先选择或购买域名,请先选择或购买域名
请先完成SSE配置执行,请先完成SSE配置执行
当前正在执行，请稍候,当前正在执行，请稍候
启动中...,启动中...
进度组件未加载,进度组件未加载
启动一站式配置,启动一站式配置
配置完成！,配置完成！
重新执行SSE配置,重新执行SSE配置
配置失败,配置失败
订单号,订单号
SEO管理,SEO管理
使用指南,使用指南
关于SEO管理,关于SEO管理
SEO账户,SEO账户
配置Google、Bing、Baidu等搜索引擎的API凭证，用于提交sitemap和URL,配置Google、Bing、Baidu等搜索引擎的API凭证，用于提交sitemap和URL
站点绑定,站点绑定
将账户绑定到站点，配置每个站点的SEO策略,将账户绑定到站点，配置每个站点的SEO策略
Sitemap管理,Sitemap管理
生成和管理站点的Sitemap文件，提交到搜索引擎,生成和管理站点的Sitemap文件，提交到搜索引擎
添加SEO账户后，点击绑定站点来配置SEO策略，然后系统会自动提交sitemap到搜索引擎。,添加SEO账户后，点击绑定站点来配置SEO策略，然后系统会自动提交sitemap到搜索引擎。
SEO账户管理,SEO账户管理
账户列表,账户列表
添加SEO账户,添加SEO账户
暂无SEO账户,暂无SEO账户
平台,平台
Provider,Provider
绑定站点,绑定站点
URL推送,URL推送
Sitemap,Sitemap
个站点,个站点
"Sitemap 文件管理","Sitemap 文件管理"
完整管理,完整管理
生成Sitemap,生成Sitemap
主索引文件,主索引文件
最后更新,最后更新
"已注册的 URL 提供器","已注册的 URL 提供器"
"站点 Sitemap 文件","站点 Sitemap 文件"
需要配置,需要配置
个平台,个平台
自动,自动
手动,手动
个文件,个文件
暂无模块文件,暂无模块文件
个模块,个模块
"暂无 Sitemap 文件","暂无 Sitemap 文件"
立即生成,立即生成
正在加载表单...,正在加载表单...
正在加载绑定信息...,正在加载绑定信息...
绑定信息,绑定信息
保存绑定,保存绑定
展开/收起绑定站点,展开/收起绑定站点
编辑账户,编辑账户
删除账户,删除账户
已启用自动提交,已启用自动提交
未启用自动提交,未启用自动提交
定时推送,定时推送
确认,确认
解绑,解绑
暂无数据,暂无数据
已启用,已启用
已禁用,已禁用
该账户暂未绑定站点,该账户暂未绑定站点
点击右上角的【绑定站点】按钮添加站点绑定,点击右上角的【绑定站点】按钮添加站点绑定
Sitemap生成频率,Sitemap生成频率
搜索引擎抓取频率,搜索引擎抓取频率
URL优先级,URL优先级
自动提交,自动提交
实时,实时
每小时,每小时
每天,每天
每周,每周
每月,每月
每年,每年
总是,总是
从不,从不
确认解绑,确认解绑
确定要解绑该站点吗？解绑后将停止为该站点生成Sitemap。,确定要解绑该站点吗？解绑后将停止为该站点生成Sitemap。
解绑成功,解绑成功
解绑失败,解绑失败
没有可用站点,没有可用站点
搜索站点名称...,搜索站点名称...
无匹配结果,无匹配结果
请先选择平台,请先选择平台
当前配置将被替换，确定吗？,当前配置将被替换，确定吗？
请选择JSON文件,请选择JSON文件
文件大小不能超过5MB,文件大小不能超过5MB
JSON文件导入成功,JSON文件导入成功
JSON解析失败,JSON解析失败
文件读取失败,文件读取失败
当前配置将被替换，确定导入吗？,当前配置将被替换，确定导入吗？
"正在生成 Sitemap，请稍候...","正在生成 Sitemap，请稍候..."
生成成功,生成成功
"Sitemap 生成成功","Sitemap 生成成功"
"Sitemap 生成失败","Sitemap 生成失败"
请求失败，请重试,请求失败，请重试
编辑SEO账户,编辑SEO账户
保存失败，请重试,保存失败，请重试
正在保存配置，请稍候...,正在保存配置，请稍候...
页面将自动刷新,页面将自动刷新
请检查网络连接后重试,请检查网络连接后重试
此操作不会删除该站点的Sitemap,此操作不会删除该站点的Sitemap
正在解绑,正在解绑
正在解绑站点，请稍候...,正在解绑站点，请稍候...
站点已成功解绑,站点已成功解绑
确定要删除该SEO账户吗？此操作不可撤销。,确定要删除该SEO账户吗？此操作不可撤销。
正在加载数据...,正在加载数据...
搜索可用站点,搜索可用站点
请稍后重试,请稍后重试
确认清除,确认清除
确定要清除所有选择吗？,确定要清除所有选择吗？
已清除,已清除
保存中..,保存中..
保存中,保存中
正在保存站点绑定...,正在保存站点绑定...
服务器实例管理,服务器实例管理
刷新状态,刷新状态
实例,实例
监听地址,监听地址
端口,端口
正在加载...,正在加载...
会话管理,会话管理
持久化,持久化
垃圾回收,垃圾回收
会话ID,会话ID
数据量,数据量
内存管理,内存管理
命名空间,命名空间
键数量,键数量
命名空间详情,命名空间详情
点击“查看键”加载,点击“查看键”加载
实例操作日志,实例操作日志
暂无实例,暂无实例
停止,停止
维护开,维护开
维护关,维护关
操作成功,操作成功
任务仍在执行中，确定关闭日志窗口吗？,任务仍在执行中，确定关闭日志窗口吗？
SSE组件未就绪，已切换为普通模式执行。,SSE组件未就绪，已切换为普通模式执行。
操作已完成,操作已完成
连接异常，请检查服务状态后重试,连接异常，请检查服务状态后重试
加载异常,加载异常
暂无Session,暂无Session
销毁,销毁
暂无命名空间,暂无命名空间
查看键,查看键
清空,清空
该命名空间暂无键,该命名空间暂无键
"确认销毁该 Session 吗？","确认销毁该 Session 吗？"
销毁成功,销毁成功
销毁失败,销毁失败
确认清空该命名空间吗？,确认清空该命名空间吗？
清空成功,清空成功
清空失败,清空失败
持久化成功,持久化成功
持久化失败,持久化失败
会话垃圾回收,会话垃圾回收
请输入最大存活秒数,请输入最大存活秒数
GC执行成功,GC执行成功
GC执行失败,GC执行失败
内存垃圾回收,内存垃圾回收
运行实例,运行实例
当前可连接实例数量,当前可连接实例数量
总实例,总实例
配置文件中的实例总数,配置文件中的实例总数
维护模式实例,维护模式实例
处于维护状态的实例数量,处于维护状态的实例数量
"已配置 Worker","已配置 Worker"
实例状态概览,实例状态概览
"每 30 秒自动刷新","每 30 秒自动刷新"
监听,监听
Worker,Worker
维护,维护
监控数据加载中...,监控数据加载中...
前往实例管理,前往实例管理
查看性能优化,查看性能优化
编排状态,编排状态
控制端口,控制端口
服务组数量,服务组数量
运行状态,运行状态
维护模式,维护模式
滚动重启,滚动重启
优化摘要,优化摘要
已安装,已安装
待优化,待优化
当前提升,当前提升
潜在提升,潜在提升
建议优先处理以下未安装项：,建议优先处理以下未安装项：
暂无建议,暂无建议
"PHP 环境","PHP 环境"
版本,版本
系统,系统
架构,架构
Event,Event
OPCache,OPCache
JIT,JIT
监控数据加载失败,监控数据加载失败
监控请求失败，请检查服务状态后重试。,监控请求失败，请检查服务状态后重试。
已配置,已配置
开启,开启
"WLS 性能优化指南","WLS 性能优化指南"
"对齐 Weline Server（WLS）优化策略，按“环境检测 → 安装步骤 → 重启验证”闭环执行。","对齐 Weline Server（WLS）优化策略，按“环境检测 → 安装步骤 → 重启验证”闭环执行。"
正在加载优化指南...,正在加载优化指南...
优化数据获取失败,优化数据获取失败
请求异常,请求异常
"WLS 优化总览（动态环境检测）","WLS 优化总览（动态环境检测）"
"本页实时读取当前实例的 PHP 与扩展状态，步骤可直接复制执行。","本页实时读取当前实例的 PHP 与扩展状态，步骤可直接复制执行。"
生成时间,生成时间
本地安全访问,本地安全访问
当前环境,当前环境
"PHP 版本","PHP 版本"
线程模式,线程模式
"PHP 可执行文件","PHP 可执行文件"
php.ini,php.ini
扩展目录,扩展目录
禁用函数,禁用函数
优化概览,优化概览
已优化,已优化
当前加成,当前加成
"未发现实例状态文件，请先执行 WLS 启动命令。","未发现实例状态文件，请先执行 WLS 启动命令。"
未运行,未运行
地址,地址
"WLS 实例状态","WLS 实例状态"
未优化时,未优化时
优化后,优化后
该项已就绪,该项已就绪
"暂无自动步骤，请参考 WLS 文档完成配置。","暂无自动步骤，请参考 WLS 文档完成配置。"
安装步骤,安装步骤
文件,文件
配置内容,配置内容
命令,命令
按系统执行,按系统执行
下载链接,下载链接
"WLS 执行闭环（必做）","WLS 执行闭环（必做）"
按上方缺失项完成扩展/配置。,按上方缺失项完成扩展/配置。
"重启 WLS 使配置生效。","重启 WLS 使配置生效。"
执行状态与压测，确认收益。,执行状态与压测，确认收益。
重启命令,重启命令
状态检查,状态检查
性能验证,性能验证
已复制到剪贴板,已复制到剪贴板
刷新域名池,刷新域名池
刷新证书,刷新证书
请选择域名池中的域名,请选择域名池中的域名
到期时间,到期时间
颁发机构,颁发机构
证书详情,证书详情
基础信息,基础信息
路径与状态,路径与状态
以下内容仅限受信管理员查看。复制私钥后请妥善保管，避免泄露。,以下内容仅限受信管理员查看。复制私钥后请妥善保管，避免泄露。
证书内容,证书内容
复制证书,复制证书
证书链,证书链
复制证书链,复制证书链
私钥内容,私钥内容
复制私钥,复制私钥
待申请,待申请
已吊销,已吊销
手动导入,手动导入
域名池加载失败,域名池加载失败
域名池请求失败,域名池请求失败
暂无证书数据,暂无证书数据
本地域名证书不允许删除,本地域名证书不允许删除
详情,详情
续签,续签
证书列表加载失败,证书列表加载失败
证书列表请求失败,证书列表请求失败
正在加载证书详情...,正在加载证书详情...
证书详情加载失败,证书详情加载失败
证书类型,证书类型
颁发时间,颁发时间
主题域名,主题域名
网站ID,网站ID
"HTTPS 已启用","HTTPS 已启用"
自动续签,自动续签
最后续签时间,最后续签时间
证书路径,证书路径
私钥路径,私钥路径
证书链路径,证书链路径
"PEM 可用性","PEM 可用性"
证书,证书
私钥,私钥
续签错误,续签错误
暂无证书内容,暂无证书内容
暂无证书链内容,暂无证书链内容
暂无私钥内容,暂无私钥内容
证书详情请求失败,证书详情请求失败
请先从域名池选择域名并填写邮箱,请先从域名池选择域名并填写邮箱
申请成功,申请成功
申请失败,申请失败
申请请求失败,申请请求失败
确认立即续签该证书吗？,确认立即续签该证书吗？
续签证书,续签证书
续签成功,续签成功
续签失败,续签失败
续签请求失败,续签请求失败
确认删除该证书吗？,确认删除该证书吗？
暂无,暂无
当前没有可复制的证书内容,当前没有可复制的证书内容
复制成功,复制成功
复制失败，请手动选择内容后复制,复制失败，请手动选择内容后复制
HTTPS状态已更新,HTTPS状态已更新
更新失败,更新失败
搜索（邮箱/电话）,搜索（邮箱/电话）
输入邮箱或电话,输入邮箱或电话
全部页面,全部页面
开始日期,开始日期
结束日期,结束日期
额外字段,额外字段
选择字段,选择字段
字段值,字段值
筛选,筛选
导出CSV,导出CSV
提交记录列表,提交记录列表
ID,ID
邮箱,邮箱
电话,电话
IP地址,IP地址
提交时间,提交时间
查看详情,查看详情
确定要删除这条记录吗？,确定要删除这条记录吗？
暂无提交记录,暂无提交记录
提交ID,提交ID
关联页面,关联页面
未提供,未提供
字段名,字段名
请求信息,请求信息
"User Agent","User Agent"
来源页面,来源页面
删除记录,删除记录
模板配置预览,模板配置预览
搜索模板,搜索模板
输入模板名称、代码或描述...,输入模板名称、代码或描述...
测试页面,测试页面
用于配置预览的页面数据,用于配置预览的页面数据
预览图管理,预览图管理
为缺少预览图的模板生成预览,为缺少预览图的模板生成预览
生成缺失,生成缺失
强制刷新所有模板的预览图,强制刷新所有模板的预览图
全部刷新,全部刷新
模板列表,模板列表
"共 %1 个模板","共 %1 个模板"
"搜索: %1","搜索: %1"
未找到匹配的模板,未找到匹配的模板
暂无模板,暂无模板
"关键词: %1","关键词: %1"
请尝试其他关键词或清空搜索条件,请尝试其他关键词或清空搜索条件
"🔍 放大预览","🔍 放大预览"
"🔄 刷新预览","🔄 刷新预览"
"🌐 新窗口预览","🌐 新窗口预览"
暂无预览图,暂无预览图
生成预览,生成预览
新窗口预览,新窗口预览
模板代码,模板代码
"✓ 已有预览图","✓ 已有预览图"
有预览,有预览
"✗ 缺少预览图","✗ 缺少预览图"
无预览,无预览
"ID: %1","ID: %1"
取消发布后，新建页面时将无法选择此模板,取消发布后，新建页面时将无法选择此模板
发布后，新建页面时可以选择此模板,发布后，新建页面时可以选择此模板
取消发布,取消发布
确定要发布此模板吗？发布后，新建页面时将可以选择此模板。,确定要发布此模板吗？发布后，新建页面时将可以选择此模板。
确定要取消发布此模板吗？取消发布后，新建页面时将无法选择此模板。,确定要取消发布此模板吗？取消发布后，新建页面时将无法选择此模板。
此模板还没有预览图，发布前需要先生成预览图。是否立即生成？,此模板还没有预览图，发布前需要先生成预览图。是否立即生成？
正在生成预览图...,正在生成预览图...
请稍候，正在自动生成模板预览图,请稍候，正在自动生成模板预览图
预览图生成成功，正在完成发布...,预览图生成成功，正在完成发布...
预览图生成失败：,预览图生成失败：
请手动生成预览图后再发布,请手动生成预览图后再发布
操作失败，请稍后重试,操作失败，请稍后重试
预览图加载失败,预览图加载失败
生成预览图失败：,生成预览图失败：
放大预览图,放大预览图
刷新预览图,刷新预览图
在新窗口预览,在新窗口预览
确定要强制刷新所有模板的预览图吗？这可能需要较长时间。,确定要强制刷新所有模板的预览图吗？这可能需要较长时间。
确定要为缺少预览图的模板生成预览吗？,确定要为缺少预览图的模板生成预览吗？
所有模板都已有预览图，无需生成。,所有模板都已有预览图，无需生成。
批量生成完成！成功：,批量生成完成！成功：
，失败：,，失败：
批量生成失败：,批量生成失败：
刷新配置界面,刷新配置界面
可视化网站构建器,可视化网站构建器
自定义布局,自定义布局
恢复原始,恢复原始
保存布局,保存布局
返回编辑,返回编辑
页面预览,页面预览
"点击添加 Header 组件","点击添加 Header 组件"
拖入组件到此处,拖入组件到此处
"点击添加 Footer 组件","点击添加 Footer 组件"
当前模板,当前模板
共享组件,共享组件
跨模板组件,跨模板组件
暂无组件,暂无组件
共享组件可在任何模板中使用，样式自动适配,共享组件可在任何模板中使用，样式自动适配
暂无跨模板组件,暂无跨模板组件
站点与后台用户一对一分配,站点与后台用户一对一分配
每个站点同一时间只能分配给一个后台用户，将站点分配给新的用户后，会自动取消原有用户的归属关系。,每个站点同一时间只能分配给一个后台用户，将站点分配给新的用户后，会自动取消原有用户的归属关系。
"当前还没有可分配的站点，请先在 Websites 模块中创建站点。","当前还没有可分配的站点，请先在 Websites 模块中创建站点。"
站点代码,站点代码
站点URL,站点URL
当前分配用户,当前分配用户
未分配（任何用户不可见）,未分配（任何用户不可见）
提示：拥有“站点分配”权限的用户可以看到所有站点并修改归属关系，普通用户仅能看到分配给自己的站点。,提示：拥有“站点分配”权限的用户可以看到所有站点并修改归属关系，普通用户仅能看到分配给自己的站点。
保存分配,保存分配
仅显示可建站且未被其他站点使用的域名；编辑时当前站点已绑定的域名会显示在列表中，可取消绑定。当前站点的访问路径由下方子路径统一控制,仅显示可建站且未被其他站点使用的域名；编辑时当前站点已绑定的域名会显示在列表中，可取消绑定。当前站点的访问路径由下方子路径统一控制
请输入网站名称,请输入网站名称
网站代码,网站代码
请输入网站代码,请输入网站代码
网站子路径,网站子路径
可选；留空表示直接使用域名根路径，填写后会应用到当前选择的所有域名。,可选；留空表示直接使用域名根路径，填写后会应用到当前选择的所有域名。
默认货币,默认货币
不设置则从关联货币中选择第一个作为默认值,不设置则从关联货币中选择第一个作为默认值
不设置则从关联语言中选择第一个作为默认值,不设置则从关联语言中选择第一个作为默认值
默认时区,默认时区
输入关键词搜索时区，或直接在下拉列表中选择,输入关键词搜索时区，或直接在下拉列表中选择
请选择默认时区,请选择默认时区
关联货币,关联货币
不设置则使用所有启用的货币（按住Ctrl或Cmd键可多选）,不设置则使用所有启用的货币（按住Ctrl或Cmd键可多选）
关联语言,关联语言
不设置则使用i18n支持的所有语言（按住Ctrl或Cmd键可多选）,不设置则使用i18n支持的所有语言（按住Ctrl或Cmd键可多选）
编辑网站,编辑网站
"已选择 %{1} 个域名","已选择 %{1} 个域名"
点击选择域名（可多选）,点击选择域名（可多选）
"业务范围 (Scope)","业务范围 (Scope)"
"PageBuilder 内固定为 page_builder，不可修改","PageBuilder 内固定为 page_builder，不可修改"
"PageBuilder 内固定为 page_builder，用于标识站点来源。","PageBuilder 内固定为 page_builder，用于标识站点来源。"
搜索时区...,搜索时区...
未绑定,未绑定
绑定后将自动提交sitemap到该SEO账户的搜索引擎,绑定后将自动提交sitemap到该SEO账户的搜索引擎
SEO账户管理请前往：,SEO账户管理请前往：
网站管理,网站管理
关于网站管理,关于网站管理
网站,网站
代表一个独立的站点，拥有独立的域名、语言、货币等配置,代表一个独立的站点，拥有独立的域名、语言、货币等配置
关联域名,关联域名
一个网站可绑定多个域名，主域名以「主」标识，点击域名可新窗口打开,一个网站可绑定多个域名，主域名以「主」标识，点击域名可新窗口打开
"唯一标识符，用于程序中识别网站，如 default、en_us 等","唯一标识符，用于程序中识别网站，如 default、en_us 等"
关联语言和货币,关联语言和货币
配置该网站支持的语言和货币选项,配置该网站支持的语言和货币选项
SEO账户绑定,SEO账户绑定
绑定后可自动提交sitemap到搜索引擎,绑定后可自动提交sitemap到搜索引擎
个网站,个网站
搜索到,搜索到
个结果,个结果
搜索名称、代码或URL,搜索名称、代码或URL
清除搜索条件,清除搜索条件
正在搜索...,正在搜索...
搜索失败,搜索失败
搜索出错，请刷新页面重试,搜索出错，请刷新页面重试
时区,时区
暂无网站,暂无网站
点击上方「新建站点」添加第一个网站,点击上方「新建站点」添加第一个网站
主,主
访问,访问
在新标签页打开网站,在新标签页打开网站
您确定要删除此网站吗？删除后不可恢复。,您确定要删除此网站吗？删除后不可恢复。
删除网站,删除网站
注意：,注意：
此页面还没有当前语言的翻译版本，显示的是默认语言内容。,此页面还没有当前语言的翻译版本，显示的是默认语言内容。
切换语言：,切换语言：
"⚠️ 表示该语言版本尚未翻译","⚠️ 表示该语言版本尚未翻译"
保留所有权利。,保留所有权利。
年行业经验,年行业经验
满意客户,满意客户
团队成员,团队成员
服务国家,服务国家
我们的故事,我们的故事
从小小的梦想开始，到如今的全球业务,从小小的梦想开始，到如今的全球业务
我们的价值观,我们的价值观
这些核心价值观定义了我们是谁以及我们如何工作,这些核心价值观定义了我们是谁以及我们如何工作
创新,创新
我们不断挑战现状，寻找更好的解决方案，推动行业发展。,我们不断挑战现状，寻找更好的解决方案，推动行业发展。
诚信,诚信
诚实和透明是我们与客户、合作伙伴建立信任的基础。,诚实和透明是我们与客户、合作伙伴建立信任的基础。
卓越,卓越
我们追求每一个细节的完美，为客户提供超越期望的体验。,我们追求每一个细节的完美，为客户提供超越期望的体验。
领导团队,领导团队
认识推动我们前进的人,认识推动我们前进的人
首席执行官,首席执行官
首席技术官,首席技术官
产品总监,产品总监
设计总监,设计总监
准备好开始了吗？,准备好开始了吗？
加入我们，一起创造美好的未来。我们期待与您合作！,加入我们，一起创造美好的未来。我们期待与您合作！
我们致力于为客户提供卓越的产品和服务，以创新和诚信为基础，共同创造更美好的未来。,我们致力于为客户提供卓越的产品和服务，以创新和诚信为基础，共同创造更美好的未来。
我们的故事始于对卓越的追求。多年来，我们始终坚持以客户为中心，不断创新和进步，致力于为每一位客户提供最优质的产品和服务。,我们的故事始于对卓越的追求。多年来，我们始终坚持以客户为中心，不断创新和进步，致力于为每一位客户提供最优质的产品和服务。
从最初的小团队发展到如今的国际化企业，我们的核心价值观从未改变：诚信、创新、卓越。这些价值观指引着我们的每一个决策，帮助我们与客户建立长期的信任关系。,从最初的小团队发展到如今的国际化企业，我们的核心价值观从未改变：诚信、创新、卓越。这些价值观指引着我们的每一个决策，帮助我们与客户建立长期的信任关系。
展望未来，我们将继续秉承初心，不断探索新的可能，为客户创造更多价值，为社会做出更大贡献。,展望未来，我们将继续秉承初心，不断探索新的可能，为客户创造更多价值，为社会做出更大贡献。
"Category Posts","Category Posts"
"Browse articles by category","Browse articles by category"
该分类下暂时还没有文章，稍后再来看看吧～,该分类下暂时还没有文章，稍后再来看看吧～
返回博客列表,返回博客列表
"Read More","Read More"
Categories,Categories
"Recent Posts","Recent Posts"
"Article Not Found","Article Not Found"
"The article you are looking for does not exist or has been removed.","The article you are looking for does not exist or has been removed."
"Back to Blog","Back to Blog"
Home,Home
Blog,Blog
views,views
Tags:,Tags:
Share:,Share:
"Related Articles","Related Articles"
"Link copied to clipboard!","Link copied to clipboard!"
"Latest Blog Posts","Latest Blog Posts"
"Stay updated with our latest news and articles","Stay updated with our latest news and articles"
暂时还没有博客文章，稍后再来看看吧～,暂时还没有博客文章，稍后再来看看吧～
上海市浦东新区XX路XXX号,上海市浦东新区XX路XXX号
"周一至周五 9:00-18:00","周一至周五 9:00-18:00"
发送消息,发送消息
感谢您的留言，我们会尽快回复！,感谢您的留言，我们会尽快回复！
我们很乐意听取您的意见。请随时与我们联系，我们将尽快回复您。,我们很乐意听取您的意见。请随时与我们联系，我们将尽快回复您。
联系方式,联系方式
您可以通过以下方式联系我们，或填写右侧的表单，我们将在24小时内回复。,您可以通过以下方式联系我们，或填写右侧的表单，我们将在24小时内回复。
中国上海市浦东新区世纪大道100号,中国上海市浦东新区世纪大道100号
电子邮件,电子邮件
工作时间,工作时间
关注我们,关注我们
您的姓名,您的姓名
请输入您的姓名,请输入您的姓名
请输入您的邮箱,请输入您的邮箱
请输入您的电话,请输入您的电话
咨询类型,咨询类型
一般咨询,一般咨询
销售咨询,销售咨询
技术支持,技术支持
商务合作,商务合作
您的留言,您的留言
请详细描述您的需求...,请详细描述您的需求...
我们的位置,我们的位置
地图将在此处显示,地图将在此处显示
常见问题,常见问题
你们的工作时间是什么时候？,你们的工作时间是什么时候？
"我们的工作时间是周一至周五 9:00-18:00（中国标准时间）。节假日除外。","我们的工作时间是周一至周五 9:00-18:00（中国标准时间）。节假日除外。"
通常多久会收到回复？,通常多久会收到回复？
我们会尽力在24个工作小时内回复所有询问。对于紧急事项，建议您直接致电。,我们会尽力在24个工作小时内回复所有询问。对于紧急事项，建议您直接致电。
如何获取技术支持？,如何获取技术支持？
"您可以通过上方的联系表单选择""技术支持""类型，或直接发送邮件至 support@example.com。","您可以通过上方的联系表单选择""技术支持""类型，或直接发送邮件至 support@example.com。"
摘要,摘要
本Cookie政策说明了我们如何使用Cookie和类似技术来识别您访问我们的网站。它解释了这些技术是什么以及我们为什么使用它们，以及您控制我们使用它们的权利。,本Cookie政策说明了我们如何使用Cookie和类似技术来识别您访问我们的网站。它解释了这些技术是什么以及我们为什么使用它们，以及您控制我们使用它们的权利。
什么是Cookie？,什么是Cookie？
Cookie是当您访问网站时放置在您的计算机或移动设备上的小型数据文件。Cookie被网站所有者广泛使用，以使其网站正常运行或更有效地工作，以及提供报告信息。,Cookie是当您访问网站时放置在您的计算机或移动设备上的小型数据文件。Cookie被网站所有者广泛使用，以使其网站正常运行或更有效地工作，以及提供报告信息。
我们使用的Cookie类型,我们使用的Cookie类型
目的,目的
有效期,有效期
必要,必要
这些Cookie是网站运行所必需的，无法在我们的系统中关闭。,这些Cookie是网站运行所必需的，无法在我们的系统中关闭。
会话,会话
分析,分析
帮助我们了解访问者如何与网站互动，以改善用户体验。,帮助我们了解访问者如何与网站互动，以改善用户体验。
1-2年,1-2年
功能,功能
使网站能够提供增强的功能和个性化设置。,使网站能够提供增强的功能和个性化设置。
1年,1年
营销,营销
用于跟踪网站访问者以显示相关广告。,用于跟踪网站访问者以显示相关广告。
如何管理Cookie,如何管理Cookie
您可以通过浏览器设置来控制和管理Cookie。请注意，删除或阻止Cookie可能会影响您的用户体验，并且我们网站的某些部分可能无法完全访问。,您可以通过浏览器设置来控制和管理Cookie。请注意，删除或阻止Cookie可能会影响您的用户体验，并且我们网站的某些部分可能无法完全访问。
浏览器设置,浏览器设置
"设置 > 隐私和安全 > Cookie和其他网站数据","设置 > 隐私和安全 > Cookie和其他网站数据"
"选项 > 隐私与安全 > Cookie和网站数据","选项 > 隐私与安全 > Cookie和网站数据"
"偏好设置 > 隐私 > 管理网站数据","偏好设置 > 隐私 > 管理网站数据"
"设置 > Cookie和网站权限","设置 > Cookie和网站权限"
您的权利,您的权利
根据GDPR和CCPA等隐私法规，您有权：,根据GDPR和CCPA等隐私法规，您有权：
了解我们收集的关于您的信息,了解我们收集的关于您的信息
请求删除您的个人数据,请求删除您的个人数据
选择退出某些类型的Cookie,选择退出某些类型的Cookie
撤回您之前给予的同意,撤回您之前给予的同意
如果您对本Cookie政策有任何疑问，请通过我们网站上的联系方式与我们联系。,如果您对本Cookie政策有任何疑问，请通过我们网站上的联系方式与我们联系。
品牌名称,品牌名称
立即咨询,立即咨询
"Premium Experience","Premium Experience"
菜单,菜单
"EXCLUSIVE LUXURY","EXCLUSIVE LUXURY"
点击选择语言（可多选）,点击选择语言（可多选）
点击选择语言,点击选择语言
搜索国家、语言或代码...,搜索国家、语言或代码...
仅展示,仅展示
未分组国家,未分组国家
移除,移除
清空选择,清空选择
未找到匹配服务商,未找到匹配服务商
