不存在的编译资源类型：%{1}，支持的资源类型：%{2},不存在的编译资源类型：%{1}，支持的资源类型：%{2}
开始编译器工作。,开始编译器工作。
编译中...,编译中...
编译器工作已完成。,编译器工作已完成。
编译less静态资源！,编译less静态资源！
静态文件：weline.modules.js编译文件！,静态文件：weline.modules.js编译文件！
编译主题资源（less、weline.modules.js等）,编译主题资源（less、weline.modules.js等）
已激活,已激活
未激活,未激活
当前主题:,当前主题:
安装状态:已安装！,安装状态:已安装！
激活状态:,激活状态:
无需再次激活,无需再次激活
正在激活...,正在激活...
已成功激活主题：,已成功激活主题：
当前主题未安装：激活失败！,当前主题未安装：激活失败！
主题,主题
当前主题：%{1},当前主题：%{1}
路径：%{1},路径：%{1}
系统未安装任何主题！,系统未安装任何主题！
"设置了 -n/--name 参数，但没有提供主题名称！","设置了 -n/--name 参数，但没有提供主题名称！"
"设置了 -p/--parent 参数，但没有提供父主题名称！","设置了 -p/--parent 参数，但没有提供父主题名称！"
"设置了 -v/--version 参数，但没有提供版本号！","设置了 -v/--version 参数，但没有提供版本号！"
"设置了 -d/--description 参数，但没有提供描述信息！","设置了 -d/--description 参数，但没有提供描述信息！"
主题名称只能包含字母、数字、下划线和连字符！,主题名称只能包含字母、数字、下划线和连字符！
"父主题 ""%{1}"" 不存在！请先创建父主题或使用已存在的主题名称。","父主题 ""%{1}"" 不存在！请先创建父主题或使用已存在的主题名称。"
正在创建主题目录结构...,正在创建主题目录结构...
"主题 ""%{1}"" 创建成功！","主题 ""%{1}"" 创建成功！"
配置文件已迁移到主题目录：%{1},配置文件已迁移到主题目录：%{1}
配置已更新：%{1},配置已更新：%{1}
配置已保存到：%{1},配置已保存到：%{1}
配置文件已移动到主题目录：%{1},配置文件已移动到主题目录：%{1}
配置文件已复制到主题目录：%{1},配置文件已复制到主题目录：%{1}
"=== 已配置内容摘要 ===","=== 已配置内容摘要 ==="
"=== 继续之前的操作 ===","=== 继续之前的操作 ==="
当前状态：,当前状态：
主题目录：%{1},主题目录：%{1}
已创建,已创建
未创建,未创建
默认模板：%{1},默认模板：%{1}
主题目录不存在，需要创建主题,主题目录不存在，需要创建主题
主题目录已存在，但默认模板未创建,主题目录已存在，但默认模板未创建
是否现在创建默认模板？(y/n，默认：y),是否现在创建默认模板？(y/n，默认：y)
主题已完整创建！,主题已完整创建！
您可以：,您可以：
是否进入操作菜单？(y/n，默认：n),是否进入操作菜单？(y/n，默认：n)
"=== 主题操作菜单 ===","=== 主题操作菜单 ==="
主题：%{1},主题：%{1}
状态：%{1},状态：%{1}
目录：%{1},目录：%{1}
请选择操作：,请选择操作：
"1. 重新创建主题（根据配置重新创建所有文件）","1. 重新创建主题（根据配置重新创建所有文件）"
"2. 创建默认模板文件","2. 创建默认模板文件"
"3. 查看主题配置","3. 查看主题配置"
"4. 修改主题信息","4. 修改主题信息"
"5. 继续完成创建流程","5. 继续完成创建流程"
"6. 提取并翻译i18n词典（高级选项）","6. 提取并翻译i18n词典（高级选项）"
"7. 继承模块（从其他模块拷贝view目录）","7. 继承模块（从其他模块拷贝view目录）"
"8. 检查主题完整性","8. 检查主题完整性"
"9. 注册主题到数据库","9. 注册主题到数据库"
"10. 卸载主题（从数据库移除）","10. 卸载主题（从数据库移除）"
"11. 重装主题（卸载后重新安装）","11. 重装主题（卸载后重新安装）"
"0. 退出","0. 退出"
退出操作,退出操作
无效选项，请重新选择,无效选项，请重新选择
确认重新创建主题？这将覆盖现有文件。(y/n，默认：n),确认重新创建主题？这将覆盖现有文件。(y/n，默认：n)
已取消操作,已取消操作
主题目录不存在：%{1},主题目录不存在：%{1}
完整配置：,完整配置：
"=== 修改主题信息 ===","=== 修改主题信息 ==="
当前版本：%{1},当前版本：%{1}
请输入新版本号（留空不修改）,请输入新版本号（留空不修改）
当前描述：%{1},当前描述：%{1}
请输入新描述（留空不修改）,请输入新描述（留空不修改）
当前父主题：%{1},当前父主题：%{1}
是否修改父主题？(y/n，默认：n),是否修改父主题？(y/n，默认：n)
可用的父主题：,可用的父主题：
"%{1}. %{2}","%{1}. %{2}"
请输入父主题名称（留空表示无父主题）,请输入父主题名称（留空表示无父主题）
"父主题 ""%{1}"" 不存在！","父主题 ""%{1}"" 不存在！"
主题信息已更新,主题信息已更新
"Hello World!","Hello World!"
"欢迎使用 %{1} 主题","欢迎使用 %{1} 主题"
这是一个默认的模板文件，您可以在此基础上进行开发。,这是一个默认的模板文件，您可以在此基础上进行开发。
"已创建默认模板文件: %{1}","已创建默认模板文件: %{1}"
"已创建注册文件: %{1}","已创建注册文件: %{1}"
═══════════════════════════════════════════════════════,═══════════════════════════════════════════════════════
主题创建成功！,主题创建成功！
"主题名称: %{1}","主题名称: %{1}"
"主题路径: %{1}","主题路径: %{1}"
"模块名称: Weline_%{1}","模块名称: Weline_%{1}"
"继承自: %{1} 主题","继承自: %{1} 主题"
"继承自: 无（独立主题）","继承自: 无（独立主题）"
"版本: %{1}","版本: %{1}"
"描述: %{1}","描述: %{1}"
下一步操作:,下一步操作:
创建新主题,创建新主题
"=== 主题创建向导 ===","=== 主题创建向导 ==="
请输入主题名称（只能包含字母、数字、下划线和连字符，例如：my-theme）,请输入主题名称（只能包含字母、数字、下划线和连字符，例如：my-theme）
主题名称不能为空,主题名称不能为空
"检测到主题 %{1} 之前的操作记录","检测到主题 %{1} 之前的操作记录"
创建时间：%{1},创建时间：%{1}
最后更新：%{1},最后更新：%{1}
"1. 继续之前的操作（从上次中断的地方继续）","1. 继续之前的操作（从上次中断的地方继续）"
"2. 重新开始（保留配置但重新走完流程）","2. 重新开始（保留配置但重新走完流程）"
"3. 进入二次操作菜单","3. 进入二次操作菜单"
"4. 取消","4. 取消"
将使用之前的配置作为默认值，您可以修改,将使用之前的配置作为默认值，您可以修改
"检测到主题 ""%{1}"" 已存在！","检测到主题 ""%{1}"" 已存在！"
"- 主题已在数据库中注册","- 主题已在数据库中注册"
"- 主题目录已存在: %{1}","- 主题目录已存在: %{1}"
"1. 进入二次操作菜单（推荐）","1. 进入二次操作菜单（推荐）"
"2. 继续完成创建流程","2. 继续完成创建流程"
已退出,已退出
请输入版本号（默认：%{1}）,请输入版本号（默认：%{1}）
请输入主题描述（可选，当前：%{1}）,请输入主题描述（可选，当前：%{1}）
请输入主题描述（可选）,请输入主题描述（可选）
是否要继承父主题？(y/n，默认：n),是否要继承父主题？(y/n，默认：n)
请输入父主题名称（从列表中选择或直接输入名称）,请输入父主题名称（从列表中选择或直接输入名称）
请输入父主题名称,请输入父主题名称
是否要创建默认模板文件？(y/n，默认：y),是否要创建默认模板文件？(y/n，默认：y)
"直接回车将创建默认 helloworld 模板文件","直接回车将创建默认 helloworld 模板文件"
请确认以下信息：,请确认以下信息：
"创建默认模板: %{1}","创建默认模板: %{1}"
是,是
否,否
"创建位置: %{1}","创建位置: %{1}"
确认创建？(y/n，默认：y),确认创建？(y/n，默认：y)
已取消创建,已取消创建
主题特性,主题特性
支持交互式创建模式，不提供参数时自动进入向导,支持交互式创建模式，不提供参数时自动进入向导
支持二次操作模式，记住创建进程，可继续操作,支持二次操作模式，记住创建进程，可继续操作
"主题将创建在: app/design/Weline/<主题名称>/","主题将创建在: app/design/Weline/<主题名称>/"
"模块名称格式: Weline_<PascalCase主题名称>","模块名称格式: Weline_<PascalCase主题名称>"
支持主题继承，可以指定父主题,支持主题继承，可以指定父主题
"自动生成 register.php 注册文件","自动生成 register.php 注册文件"
"自动创建基础目录结构（view/templates, view/statics等）","自动创建基础目录结构（view/templates, view/statics等）"
二次操作模式,二次操作模式
支持重新创建主题、创建模板文件、查看和修改配置等操作,支持重新创建主题、创建模板文件、查看和修改配置等操作
"=== 提取并翻译i18n词典 ===","=== 提取并翻译i18n词典 ==="
请输入目标语言代码（例如：en_US，多个语言用逗号分隔，默认：zh_Hans_CN）,请输入目标语言代码（例如：en_US，多个语言用逗号分隔，默认：zh_Hans_CN）
将处理以下语言：%{1},将处理以下语言：%{1}
正在扫描主题目录下的模块...,正在扫描主题目录下的模块...
未找到任何模块，请确保主题目录下有模块（如：Weline/Demo）,未找到任何模块，请确保主题目录下有模块（如：Weline/Demo）
"找到 %{1} 个模块","找到 %{1} 个模块"
"- %{1} (%{2})","- %{1} (%{2})"
正在处理模块：%{1},正在处理模块：%{1}
"模块 %{1} 未找到翻译词","模块 %{1} 未找到翻译词"
"模块 %{1} 提取到 %{2} 条翻译词","模块 %{1} 提取到 %{2} 条翻译词"
未找到任何翻译词,未找到任何翻译词
"所有模块共提取到 %{1} 条翻译词（去重后）","所有模块共提取到 %{1} 条翻译词（去重后）"
"=== 处理语言：%{1} ===","=== 处理语言：%{1} ==="
正在从数据库词典中查找已翻译的词汇...,正在从数据库词典中查找已翻译的词汇...
从数据库词典查找翻译时出错：%{1},从数据库词典查找翻译时出错：%{1}
"从数据库词典中找到 %{1} 条已翻译的词汇","从数据库词典中找到 %{1} 条已翻译的词汇"
所有词汇都已翻译！,所有词汇都已翻译！
"还有 %{1} 条词汇需要翻译","还有 %{1} 条词汇需要翻译"
是否尝试使用AI翻译服务？(y/n，默认：y),是否尝试使用AI翻译服务？(y/n，默认：y)
"AI翻译完成，成功翻译 %{1} 条词汇","AI翻译完成，成功翻译 %{1} 条词汇"
已保存到：%{1},已保存到：%{1}
无法写入文件：%{1},无法写入文件：%{1}
"以下 %{1} 条词汇需要手动翻译：","以下 %{1} 条词汇需要手动翻译："
"请手动编辑文件 %{1}，将以下词汇的占位符替换为正确的翻译：","请手动编辑文件 %{1}，将以下词汇的占位符替换为正确的翻译："
"... 还有 %{1} 条词汇未显示","... 还有 %{1} 条词汇未显示"
"语言 %{1} 的所有词汇都已翻译完成！","语言 %{1} 的所有词汇都已翻译完成！"
所有语言处理完成！,所有语言处理完成！
模块目录不存在：%{1},模块目录不存在：%{1}
模块i18n目录不存在：%{1},模块i18n目录不存在：%{1}
AI翻译服务未找到，请确保AI模块已安装,AI翻译服务未找到，请确保AI模块已安装
"正在使用AI翻译服务翻译 %{1} 条词汇...","正在使用AI翻译服务翻译 %{1} 条词汇..."
AI翻译服务调用失败：%{1},AI翻译服务调用失败：%{1}
已保存翻译到：%{1},已保存翻译到：%{1}
"=== 继承模块 ===","=== 继承模块 ==="
请输入要继承的模块名称（例如：Weline_Demo，支持模糊搜索）,请输入要继承的模块名称（例如：Weline_Demo，支持模糊搜索）
模块名称不能为空,模块名称不能为空
未找到匹配的模块,未找到匹配的模块
找到模块：%{1},找到模块：%{1}
"找到 %{1} 个匹配的模块：","找到 %{1} 个匹配的模块："
请选择模块（输入序号）,请选择模块（输入序号）
无效的选择,无效的选择
"模块 %{1} 没有 view 目录","模块 %{1} 没有 view 目录"
"模块 %{1} 的 view 目录结构：","模块 %{1} 的 view 目录结构："
"view 目录为空","view 目录为空"
[目录],[目录]
[文件],[文件]
"%{1}. %{2} %{3}","%{1}. %{2} %{3}"
"请选择要继承的目录（输入序号，多个用逗号分隔，输入 all 继承全部目录）","请选择要继承的目录（输入序号，多个用逗号分隔，输入 all 继承全部目录）"
注意：只能选择目录，文件会随目录一起拷贝,注意：只能选择目录，文件会随目录一起拷贝
跳过文件：%{1}（只能选择目录）,跳过文件：%{1}（只能选择目录）
未选择任何目录,未选择任何目录
将拷贝以下目录到：%{1},将拷贝以下目录到：%{1}
"- %{1}","- %{1}"
确认拷贝？(y/n，默认：y),确认拷贝？(y/n，默认：y)
已拷贝：%{1},已拷贝：%{1}
拷贝失败：%{1},拷贝失败：%{1}
"成功拷贝 %{1} 个目录","成功拷贝 %{1} 个目录"
"=== 主题管理 ===","=== 主题管理 ==="
已存在的主题：,已存在的主题：
[已注册],[已注册]
[有目录],[有目录]
输入序号：选择已存在的主题进行操作,输入序号：选择已存在的主题进行操作
"输入 new：创建新主题","输入 new：创建新主题"
"输入 0 或直接回车：创建新主题","输入 0 或直接回车：创建新主题"
已选择主题：%{1},已选择主题：%{1}
无效的选择，将创建新主题,无效的选择，将创建新主题
未找到已存在的主题，将创建新主题,未找到已存在的主题，将创建新主题
"=== 检查主题完整性 ===","=== 检查主题完整性 ==="
正在检查主题：%{1},正在检查主题：%{1}
"❌ 主题目录不存在","❌ 主题目录不存在"
"✓ 主题目录存在","✓ 主题目录存在"
"缺少 register.php 文件","缺少 register.php 文件"
"❌ 缺少 register.php 文件","❌ 缺少 register.php 文件"
"✓ register.php 文件存在","✓ register.php 文件存在"
"register.php 文件为空","register.php 文件为空"
"❌ register.php 文件为空","❌ register.php 文件为空"
"❌ register.php 文件格式不正确","❌ register.php 文件格式不正确"
"✓ register.php 文件格式正确","✓ register.php 文件格式正确"
"缺少 README.md 文件（可选）","缺少 README.md 文件（可选）"
"⚠ 缺少 README.md 文件（可选）","⚠ 缺少 README.md 文件（可选）"
"✓ README.md 文件存在","✓ README.md 文件存在"
"view 目录（模板目录）","view 目录（模板目录）"
"view/templates 目录","view/templates 目录"
"view/statics 目录","view/statics 目录"
"view/statics/css 目录","view/statics/css 目录"
"view/statics/js 目录","view/statics/js 目录"
"view/statics/images 目录","view/statics/images 目录"
"缺少 %{1}","缺少 %{1}"
"⚠ 缺少 %{1}","⚠ 缺少 %{1}"
"✓ %{1} 存在","✓ %{1} 存在"
主题未在数据库中注册,主题未在数据库中注册
"⚠ 主题未在数据库中注册","⚠ 主题未在数据库中注册"
"✓ 主题已在数据库中注册","✓ 主题已在数据库中注册"
"数据库中的路径与目录路径不匹配：%{1} vs %{2}","数据库中的路径与目录路径不匹配：%{1} vs %{2}"
"⚠ 数据库路径与目录路径不匹配","⚠ 数据库路径与目录路径不匹配"
缺少主题配置文件：%{1},缺少主题配置文件：%{1}
"⚠ 缺少主题配置文件","⚠ 缺少主题配置文件"
"✓ 主题配置文件存在","✓ 主题配置文件存在"
"✓ 发现 %{1} 个模块目录","✓ 发现 %{1} 个模块目录"
"- %{1} (有 view 目录)","- %{1} (有 view 目录)"
"- %{1} (缺少 view 目录)","- %{1} (缺少 view 目录)"
"=== 检查结果摘要 ===","=== 检查结果摘要 ==="
"✓ 正常项：%{1}","✓ 正常项：%{1}"
"⚠ 警告项：%{1}","⚠ 警告项：%{1}"
"❌ 错误项：%{1}","❌ 错误项：%{1}"
主题完整性检查通过！所有项目正常。,主题完整性检查通过！所有项目正常。
主题基本完整，但有一些可选的警告项。,主题基本完整，但有一些可选的警告项。
主题存在一些问题，请修复后再使用。,主题存在一些问题，请修复后再使用。
未找到任何主题,未找到任何主题
请选择要检查的主题：,请选择要检查的主题：
"请输入序号（输入 0 取消）","请输入序号（输入 0 取消）"
"=== 注册主题到数据库 ===","=== 注册主题到数据库 ==="
主题注册文件不存在：%{1},主题注册文件不存在：%{1}
"请先创建 register.php 文件","请先创建 register.php 文件"
"主题 %{1} 已经注册到数据库","主题 %{1} 已经注册到数据库"
当前状态：%{1},当前状态：%{1}
是否重新注册（更新）？(y/n，默认：n),是否重新注册（更新）？(y/n，默认：n)
正在注册主题：%{1},正在注册主题：%{1}
"主题 %{1} 注册成功！","主题 %{1} 注册成功！"
主题状态：%{1},主题状态：%{1}
主题路径：%{1},主题路径：%{1}
"主题注册可能未完成，请检查 register.php 文件","主题注册可能未完成，请检查 register.php 文件"
注册主题时出错：%{1},注册主题时出错：%{1}
"=== 卸载主题 ===","=== 卸载主题 ==="
"主题 %{1} 未在数据库中注册","主题 %{1} 未在数据库中注册"
主题名称：%{1},主题名称：%{1}
警告：当前主题处于激活状态，卸载后系统将没有激活的主题！,警告：当前主题处于激活状态，卸载后系统将没有激活的主题！
"确认要卸载主题 %{1} 吗？(y/n，默认：n)","确认要卸载主题 %{1} 吗？(y/n，默认：n)"
注意：此操作只会从数据库移除主题记录，不会删除主题文件,注意：此操作只会从数据库移除主题记录，不会删除主题文件
卸载前将自动备份主题文件,卸载前将自动备份主题文件
"步骤 1/2：正在备份主题文件...","步骤 1/2：正在备份主题文件..."
主题备份成功,主题备份成功
备份路径：%{1},备份路径：%{1}
主题备份失败：%{1},主题备份失败：%{1}
未知错误,未知错误
"步骤 2/2：正在卸载主题：%{1}","步骤 2/2：正在卸载主题：%{1}"
"主题 %{1} 卸载成功！","主题 %{1} 卸载成功！"
主题文件仍然保留在：%{1},主题文件仍然保留在：%{1}
备份文件已保存到：%{1},备份文件已保存到：%{1}
"如需重新注册，请使用选项 9：注册主题到数据库","如需重新注册，请使用选项 9：注册主题到数据库"
主题卸载失败,主题卸载失败
卸载主题时出错：%{1},卸载主题时出错：%{1}
主题目录不存在，跳过备份：%{1},主题目录不存在，跳过备份：%{1}
备份文件大小：%{1},备份文件大小：%{1}
备份文件创建失败,备份文件创建失败
备份主题时出错：%{1},备份主题时出错：%{1}
"=== 重装主题 ===","=== 重装主题 ==="
主题当前状态：已注册，%{1},主题当前状态：已注册，%{1}
主题当前状态：未注册,主题当前状态：未注册
重装操作将：,重装操作将：
"1. 从数据库卸载主题（如果已注册）","1. 从数据库卸载主题（如果已注册）"
"2. 重新注册主题到数据库","2. 重新注册主题到数据库"
注意：重装后主题将变为未激活状态，需要手动激活,注意：重装后主题将变为未激活状态，需要手动激活
"确认要重装主题 %{1} 吗？(y/n，默认：n)","确认要重装主题 %{1} 吗？(y/n，默认：n)"
"步骤 1/2：正在卸载主题...","步骤 1/2：正在卸载主题..."
主题卸载成功,主题卸载成功
主题卸载可能失败，但将继续尝试重新注册,主题卸载可能失败，但将继续尝试重新注册
"步骤 %{1}/2：正在重新注册主题...","步骤 %{1}/2：正在重新注册主题..."
"主题 %{1} 重装成功！","主题 %{1} 重装成功！"
提示：主题已重装，但当前为未激活状态,提示：主题已重装，但当前为未激活状态
"主题重装失败，请检查 register.php 文件","主题重装失败，请检查 register.php 文件"
重装主题时出错：%{1},重装主题时出错：%{1}
"设置了 -t/--theme 参数，但没有提供主题名称！","设置了 -t/--theme 参数，但没有提供主题名称！"
"=== 主题安装 ===","=== 主题安装 ==="
未找到可安装的主题,未找到可安装的主题
主题应该位于：%{1},主题应该位于：%{1}
找到以下可安装的主题：,找到以下可安装的主题：
[已安装],[已安装]
[未安装],[未安装]
"请选择要安装的主题（输入序号，或输入 0 取消）","请选择要安装的主题（输入序号，或输入 0 取消）"
无效选择,无效选择
"主题 %{1} 已经安装","主题 %{1} 已经安装"
是否重新安装？(y/n，默认：n),是否重新安装？(y/n，默认：n)
扫描主题目录时出错：%{1},扫描主题目录时出错：%{1}
正在安装主题：%{1},正在安装主题：%{1}
未找到主题：%{1},未找到主题：%{1}
"主题 %{1} 安装成功！","主题 %{1} 安装成功！"
提示：使用以下命令激活主题：,提示：使用以下命令激活主题：
"主题安装可能未完成，请检查 register.php 文件","主题安装可能未完成，请检查 register.php 文件"
安装主题时出错：%{1},安装主题时出错：%{1}
"主题 %{1} 未安装，无法激活","主题 %{1} 未安装，无法激活"
"主题 %{1} 已激活！","主题 %{1} 已激活！"
激活主题时出错：%{1},激活主题时出错：%{1}
安装主题到系统,安装主题到系统
【已激活】,【已激活】
查看主题列表,查看主题列表
正在卸载主题...,正在卸载主题...
正在压缩备份文件...,正在压缩备份文件...
当前主题未安装：卸载失败！,当前主题未安装：卸载失败！
卸载主题,卸载主题
"设置了 -t 参数，但却没有-t参数值！","设置了 -t 参数，但却没有-t参数值！"
收集,收集
主题文件...,主题文件...
开始搬迁文件...,开始搬迁文件...
更新主题文件！,更新主题文件！
请选择主题,请选择主题
请选择组件,请选择组件
主题不存在,主题不存在
参数保存成功,参数保存成功
参数保存失败,参数保存失败
保存失败：%{error},保存失败：%{error}
布局类型不存在：%{type},布局类型不存在：%{type}
布局选项无效：%{type}/%{option},布局选项无效：%{type}/%{option}
配置保存成功,配置保存成功
主题ID缺失,主题ID缺失
未发现上传文件,未发现上传文件
不支持的文件类型,不支持的文件类型
文件太大，请限制在5MB以内,文件太大，请限制在5MB以内
上传成功,上传成功
文件保存失败,文件保存失败
"上传出错: %{error}","上传出错: %{error}"
目录路径不能为空,目录路径不能为空
目录配置保存成功,目录配置保存成功
参数不完整,参数不完整
获取成功,获取成功
色系文件不存在：%{file},色系文件不存在：%{file}
无法读取色系文件,无法读取色系文件
变量格式错误,变量格式错误
无法创建备份文件,无法创建备份文件
保存失败,保存失败
请选择色盘,请选择色盘
色盘选择已保存,色盘选择已保存
"已保存 %{count} 个变量","已保存 %{count} 个变量"
请选择变量文件,请选择变量文件
"已保存 %{count} 个参数","已保存 %{count} 个参数"
色盘不存在,色盘不存在
变量文件不存在,变量文件不存在
组件不存在,组件不存在
"未找到对应的 Meta 配置：","未找到对应的 Meta 配置："
"加载 Meta 配置失败：","加载 Meta 配置失败："
参数已保存,参数已保存
保存失败：,保存失败：
参数不存在：,参数不存在：
加载翻译失败：,加载翻译失败：
翻译已保存,翻译已保存
保存翻译失败：,保存翻译失败：
"Partials 选项无效：%{type}/%{option}","Partials 选项无效：%{type}/%{option}"
重置操作缺少参数键,重置操作缺少参数键
重置成功,重置成功
保存成功,保存成功
无效的模式,无效的模式
同步成功,同步成功
同步失败：,同步失败：
"参数不完整：category 不能为空","参数不完整：category 不能为空"
参数错误,参数错误
保存失败:,保存失败:
预览已刷新,预览已刷新
刷新失败:,刷新失败:
色盘应用成功,色盘应用成功
应用失败:,应用失败:
主题管理,主题管理
主题激活成功,主题激活成功
激活失败：%{1},激活失败：%{1}
"主题 ID %{1} 不存在！请选择有效的主题。","主题 ID %{1} 不存在！请选择有效的主题。"
系统没有激活的主题！请先选择或激活一个主题。,系统没有激活的主题！请先选择或激活一个主题。
无法加载主题！请检查主题配置。,无法加载主题！请检查主题配置。
"主题 ID %{1} 不存在","主题 ID %{1} 不存在"
"缺少 slot_id 参数","缺少 slot_id 参数"
该部件不能放置在此区域,该部件不能放置在此区域
缺少布局ID,缺少布局ID
配置已保存,配置已保存
删除成功,删除成功
删除失败,删除失败
"已删除 %{count} 个孤儿部件","已删除 %{count} 个孤儿部件"
未找到需要删除的孤儿部件（可能已被删除）,未找到需要删除的孤儿部件（可能已被删除）
移动成功,移动成功
移动失败,移动失败
排序数据为空,排序数据为空
排序已更新,排序已更新
更新失败,更新失败
位置已交换,位置已交换
交换失败,交换失败
布局已保存,布局已保存
发布布局失败,发布布局失败
主题已发布,主题已发布
生成缓存失败，但布局已发布,生成缓存失败，但布局已发布
"（已清理 %{count} 个无效部件）","（已清理 %{count} 个无效部件）"
草稿已撤销,草稿已撤销
撤销失败,撤销失败
缺少部件模块或代码,缺少部件模块或代码
缺少部件参数,缺少部件参数
部件不存在,部件不存在
该部件没有配置项,该部件没有配置项
配置数据格式错误,配置数据格式错误
"已保存 %{locale} 语言的配置","已保存 %{locale} 语言的配置"
缺少主题ID,缺少主题ID
"已保存为 %{name}","已保存为 %{name}"
已切换到选定版本,已切换到选定版本
切换版本失败,切换版本失败
已恢复到原始布局,已恢复到原始布局
"已备份为 %{name}","已备份为 %{name}"
版本已发布,版本已发布
发布失败,发布失败
缺少版本ID,缺少版本ID
版本已删除,版本已删除
无法删除当前版本或已发布版本,无法删除当前版本或已发布版本
版本已重命名,版本已重命名
重命名失败,重命名失败
预览已启动,预览已启动
"缺少预览 Token","缺少预览 Token"
已退出预览模式,已退出预览模式
退出预览失败,退出预览失败
"预览 Token 已过期或无效","预览 Token 已过期或无效"
"Token 中缺少主题信息","Token 中缺少主题信息"
已释放编辑锁定,已释放编辑锁定
释放锁定失败,释放锁定失败
缺少必要参数,缺少必要参数
CSS/JS提取功能测试,CSS/JS提取功能测试
首页,首页
上一页,上一页
下一页,下一页
末页,末页
主题通知事件,主题通知事件
"构建预览 URL 事件","构建预览 URL 事件"
"Theme 查询器不支持的操作：%{1}","Theme 查询器不支持的操作：%{1}"
主题查询,主题查询
提供当前主题、配置值、模板路径等查询能力,提供当前主题、配置值、模板路径等查询能力
获取当前激活的主题信息,获取当前激活的主题信息
获取主题配置值,获取主题配置值
获取主题配置的模板路径,获取主题配置的模板路径
扫描当前主题中指定类型的布局选项,扫描当前主题中指定类型的布局选项
"默认 frontend","默认 frontend"
"严重错误：在 after_render 事件中检测到PHP代码\n\n位置信息：\n  源文件: %{1}\n  来源标识: %{2}\n\n错误说明：\n  在 after_render 事件中，PHP代码应该已经执行，渲染后的HTML中不应该再包含PHP标签。\n  如果仍然看到PHP代码，说明提取的内容来自编译后的模板文件，而不是渲染后的HTML。\n\n解决方案：\n  1. 确保在 after_render 事件中只处理渲染后的HTML内容\n  2. 不要从文件系统读取编译后的模板文件\n  3. 如果 script 标签包含PHP代码，请添加 data-no-extract=""true"" 属性，不提取该标签","严重错误：在 after_render 事件中检测到PHP代码\n\n位置信息：\n  源文件: %{1}\n  来源标识: %{2}\n\n错误说明：\n  在 after_render 事件中，PHP代码应该已经执行，渲染后的HTML中不应该再包含PHP标签。\n  如果仍然看到PHP代码，说明提取的内容来自编译后的模板文件，而不是渲染后的HTML。\n\n解决方案：\n  1. 确保在 after_render 事件中只处理渲染后的HTML内容\n  2. 不要从文件系统读取编译后的模板文件\n  3. 如果 script 标签包含PHP代码，请添加 data-no-extract=""true"" 属性，不提取该标签"
"严重错误：发现内联样式或脚本残留\n\n位置信息：\n  源文件: %{1}\n  标签类型: <%{2}>\n  行号: 第 %{3} 行，第 %{4} 列\n  字符位置: %{5}\n\n问题代码片段：\n%{6}\n\n错误说明：\n  所有内联样式和脚本都应该被提取到外部文件中。\n  如果某些脚本需要保留在HTML中，请添加 data-no-extract=""true"" 属性。\n\n解决方案：\n  1. 检查为什么该标签没有被提取（可能是提取逻辑问题）\n  2. 如果确实需要保留在HTML中，添加 data-no-extract=""true"" 属性\n  3. 确保标签格式正确，可以被正则表达式匹配","严重错误：发现内联样式或脚本残留\n\n位置信息：\n  源文件: %{1}\n  标签类型: <%{2}>\n  行号: 第 %{3} 行，第 %{4} 列\n  字符位置: %{5}\n\n问题代码片段：\n%{6}\n\n错误说明：\n  所有内联样式和脚本都应该被提取到外部文件中。\n  如果某些脚本需要保留在HTML中，请添加 data-no-extract=""true"" 属性。\n\n解决方案：\n  1. 检查为什么该标签没有被提取（可能是提取逻辑问题）\n  2. 如果确实需要保留在HTML中，添加 data-no-extract=""true"" 属性\n  3. 确保标签格式正确，可以被正则表达式匹配"
"严重错误：编译后的%{1}文件中检测到PHP代码，这是不允许的\n\n位置信息：\n  源文件: %{2}\n  来源标识: %{3}\n  %{1}内容中的行号: 第 %{4} 行\n  PHP代码位置: 字符位置 %{5}\n\n问题代码片段：\n%{6}\n\n错误说明：\n  主题布局内不允许存在编译后还有PHP代码。\n  编译后的%{1}文件必须是纯%{1}，不能包含任何PHP代码。\n\n正确的做法：\n  1. 使用CSS变量：在模板中定义CSS变量，然后在CSS中使用 var()\n  2. 使用data属性：在HTML元素上设置data属性，然后在JS中读取\n  3. 使用window对象：在模板中设置 window.config = {...}，然后在JS中使用\n  4. 使用标签系统：使用框架提供的标签系统传递数据\n  5. 如果确实需要PHP代码，请添加 data-no-extract=""true"" 属性，不提取该标签","严重错误：编译后的%{1}文件中检测到PHP代码，这是不允许的\n\n位置信息：\n  源文件: %{2}\n  来源标识: %{3}\n  %{1}内容中的行号: 第 %{4} 行\n  PHP代码位置: 字符位置 %{5}\n\n问题代码片段：\n%{6}\n\n错误说明：\n  主题布局内不允许存在编译后还有PHP代码。\n  编译后的%{1}文件必须是纯%{1}，不能包含任何PHP代码。\n\n正确的做法：\n  1. 使用CSS变量：在模板中定义CSS变量，然后在CSS中使用 var()\n  2. 使用data属性：在HTML元素上设置data属性，然后在JS中读取\n  3. 使用window对象：在模板中设置 window.config = {...}，然后在JS中使用\n  4. 使用标签系统：使用框架提供的标签系统传递数据\n  5. 如果确实需要PHP代码，请添加 data-no-extract=""true"" 属性，不提取该标签"
页脚之前,页脚之前
在渲染页脚组件之前触发，允许其他模块在页脚开始处注入内容。,在渲染页脚组件之前触发，允许其他模块在页脚开始处注入内容。
页脚内容之前,页脚内容之前
在渲染页脚主要内容之前触发，允许其他模块在页脚内容开始处注入内容。,在渲染页脚主要内容之前触发，允许其他模块在页脚内容开始处注入内容。
页脚区块之前,页脚区块之前
在渲染页脚区块之前触发，允许其他模块在页脚区块开始处注入内容。,在渲染页脚区块之前触发，允许其他模块在页脚区块开始处注入内容。
页脚区块之后,页脚区块之后
在渲染页脚区块之后触发，允许其他模块在页脚区块结束处注入内容。,在渲染页脚区块之后触发，允许其他模块在页脚区块结束处注入内容。
页脚内容之后,页脚内容之后
在渲染页脚主要内容之后触发，允许其他模块在页脚内容结束处注入内容。,在渲染页脚主要内容之后触发，允许其他模块在页脚内容结束处注入内容。
页脚链接内容,页脚链接内容
覆盖页脚链接内容，允许其他模块完全替换页脚的链接区域。,覆盖页脚链接内容，允许其他模块完全替换页脚的链接区域。
页脚社交媒体内容,页脚社交媒体内容
覆盖页脚社交媒体内容，允许其他模块完全替换页脚的社交媒体区域。,覆盖页脚社交媒体内容，允许其他模块完全替换页脚的社交媒体区域。
页脚社交媒体之前,页脚社交媒体之前
在渲染页脚社交媒体链接之前触发，允许其他模块在社交媒体区域开始处注入内容。,在渲染页脚社交媒体链接之前触发，允许其他模块在社交媒体区域开始处注入内容。
页脚社交媒体链接之前,页脚社交媒体链接之前
在渲染页脚社交媒体链接列表之前触发，允许其他模块在链接列表开始处注入内容。,在渲染页脚社交媒体链接列表之前触发，允许其他模块在链接列表开始处注入内容。
页脚社交媒体链接之后,页脚社交媒体链接之后
在渲染页脚社交媒体链接列表之后触发，允许其他模块在链接列表结束处注入内容。,在渲染页脚社交媒体链接列表之后触发，允许其他模块在链接列表结束处注入内容。
页脚社交媒体之后,页脚社交媒体之后
在渲染页脚社交媒体链接之后触发，允许其他模块在社交媒体区域结束处注入内容。,在渲染页脚社交媒体链接之后触发，允许其他模块在社交媒体区域结束处注入内容。
页脚版权信息之前,页脚版权信息之前
在渲染页脚版权信息之前触发，允许其他模块在版权信息开始处注入内容。,在渲染页脚版权信息之前触发，允许其他模块在版权信息开始处注入内容。
页脚版权信息之后,页脚版权信息之后
在渲染页脚版权信息之后触发，允许其他模块在版权信息结束处注入内容。,在渲染页脚版权信息之后触发，允许其他模块在版权信息结束处注入内容。
页脚之后,页脚之后
在渲染页脚组件之后触发，允许其他模块在页脚结束处注入内容。,在渲染页脚组件之后触发，允许其他模块在页脚结束处注入内容。
页头之前,页头之前
在渲染页头组件之前触发，允许其他模块在页头开始处注入内容。,在渲染页头组件之前触发，允许其他模块在页头开始处注入内容。
"页头 Logo 之前","页头 Logo 之前"
"在渲染页头 Logo 之前触发，允许其他模块在 Logo 开始处注入内容。","在渲染页头 Logo 之前触发，允许其他模块在 Logo 开始处注入内容。"
"页头 Logo 之后","页头 Logo 之后"
"在渲染页头 Logo 之后触发，允许其他模块在 Logo 结束处注入内容。","在渲染页头 Logo 之后触发，允许其他模块在 Logo 结束处注入内容。"
页头分类菜单之前,页头分类菜单之前
在渲染页头分类菜单之前触发，允许其他模块在分类菜单开始处注入内容。,在渲染页头分类菜单之前触发，允许其他模块在分类菜单开始处注入内容。
页头分类菜单之后,页头分类菜单之后
在渲染页头分类菜单之后触发，允许其他模块在分类菜单结束处注入内容。,在渲染页头分类菜单之后触发，允许其他模块在分类菜单结束处注入内容。
页头导航之前,页头导航之前
在渲染页头导航菜单之前触发，允许其他模块在导航菜单开始处注入内容。,在渲染页头导航菜单之前触发，允许其他模块在导航菜单开始处注入内容。
页头导航之后,页头导航之后
在渲染页头导航菜单之后触发，允许其他模块在导航菜单结束处注入内容。,在渲染页头导航菜单之后触发，允许其他模块在导航菜单结束处注入内容。
页头搜索之前,页头搜索之前
在渲染页头搜索框之前触发，允许其他模块在搜索框开始处注入内容。,在渲染页头搜索框之前触发，允许其他模块在搜索框开始处注入内容。
页头搜索表单之前,页头搜索表单之前
在渲染页头搜索表单之前触发，允许其他模块在搜索表单开始处注入内容（如分类下拉菜单等）。,在渲染页头搜索表单之前触发，允许其他模块在搜索表单开始处注入内容（如分类下拉菜单等）。
页头搜索之后,页头搜索之后
在渲染页头搜索框之后触发，允许其他模块在搜索框结束处注入内容。,在渲染页头搜索框之后触发，允许其他模块在搜索框结束处注入内容。
页头操作按钮之前,页头操作按钮之前
在渲染页头操作按钮（如购物车、用户菜单等）之前触发，允许其他模块在操作按钮区域开始处注入内容。,在渲染页头操作按钮（如购物车、用户菜单等）之前触发，允许其他模块在操作按钮区域开始处注入内容。
页头操作按钮之后,页头操作按钮之后
在渲染页头操作按钮（如购物车、用户菜单等）之后触发，允许其他模块在操作按钮区域结束处注入内容。,在渲染页头操作按钮（如购物车、用户菜单等）之后触发，允许其他模块在操作按钮区域结束处注入内容。
页头之后,页头之后
在渲染页头组件之后触发，允许其他模块在页头结束处注入内容。,在渲染页头组件之后触发，允许其他模块在页头结束处注入内容。
"Head 模块声明","Head 模块声明"
"在 head 中 theme.js 加载之后触发，允许其他模块注入 JS 模块声明。使用 Weline.declare() 声明需要加载的模块。","在 head 中 theme.js 加载之后触发，允许其他模块注入 JS 模块声明。使用 Weline.declare() 声明需要加载的模块。"
面包屑自定义内容（items）,面包屑自定义内容（items）
"覆盖前台主题的面包屑节点列表，允许其他模块输出自定义的面包屑结构（如基于分类层级、搜索结果等动态生成路径）。如果未实现此 Hook，将回退到主题默认的面包屑渲染逻辑。","覆盖前台主题的面包屑节点列表，允许其他模块输出自定义的面包屑结构（如基于分类层级、搜索结果等动态生成路径）。如果未实现此 Hook，将回退到主题默认的面包屑渲染逻辑。"
基础布局头部之前,基础布局头部之前
"在渲染基础布局的 <head> 标签之前触发，允许其他模块在头部开始处注入内容。此 hook 适用于所有使用基础布局的页面。","在渲染基础布局的 <head> 标签之前触发，允许其他模块在头部开始处注入内容。此 hook 适用于所有使用基础布局的页面。"
基础布局头部之后,基础布局头部之后
"在渲染基础布局的 <head> 标签之后、</head> 之前触发，允许其他模块在头部结束处注入内容。此 hook 适用于所有使用基础布局的页面。","在渲染基础布局的 <head> 标签之后、</head> 之前触发，允许其他模块在头部结束处注入内容。此 hook 适用于所有使用基础布局的页面。"
"基础布局 Body 开始","基础布局 Body 开始"
"在渲染基础布局的 <body> 标签开始处触发，允许其他模块在 body 开始处注入内容。此 hook 适用于所有使用基础布局的页面。","在渲染基础布局的 <body> 标签开始处触发，允许其他模块在 body 开始处注入内容。此 hook 适用于所有使用基础布局的页面。"
"基础布局 Body 结束","基础布局 Body 结束"
"在渲染基础布局的 <body> 标签结束处触发，允许其他模块在 body 结束处注入内容。此 hook 适用于所有使用基础布局的页面。","在渲染基础布局的 <body> 标签结束处触发，允许其他模块在 body 结束处注入内容。此 hook 适用于所有使用基础布局的页面。"
基础布局页头之前,基础布局页头之前
"在渲染基础布局的页头之前触发，允许其他模块在页头开始处注入内容。此 hook 适用于所有使用基础布局的页面。","在渲染基础布局的页头之前触发，允许其他模块在页头开始处注入内容。此 hook 适用于所有使用基础布局的页面。"
基础布局页头之后,基础布局页头之后
"在渲染基础布局的页头之后触发，允许其他模块在页头结束处注入内容。此 hook 适用于所有使用基础布局的页面。","在渲染基础布局的页头之后触发，允许其他模块在页头结束处注入内容。此 hook 适用于所有使用基础布局的页面。"
基础布局内容之前,基础布局内容之前
"在渲染基础布局的主要内容之前触发，允许其他模块在内容开始处注入内容。此 hook 适用于所有使用基础布局的页面。","在渲染基础布局的主要内容之前触发，允许其他模块在内容开始处注入内容。此 hook 适用于所有使用基础布局的页面。"
基础布局内容之后,基础布局内容之后
"在渲染基础布局的主要内容之后触发，允许其他模块在内容结束处注入内容。此 hook 适用于所有使用基础布局的页面。","在渲染基础布局的主要内容之后触发，允许其他模块在内容结束处注入内容。此 hook 适用于所有使用基础布局的页面。"
基础布局页脚之前,基础布局页脚之前
"在渲染基础布局的页脚之前触发，允许其他模块在页脚开始处注入内容。此 hook 适用于所有使用基础布局的页面。","在渲染基础布局的页脚之前触发，允许其他模块在页脚开始处注入内容。此 hook 适用于所有使用基础布局的页面。"
基础布局页脚之后,基础布局页脚之后
"在渲染基础布局的页脚之后触发，允许其他模块在页脚结束处注入内容。此 hook 适用于所有使用基础布局的页面。","在渲染基础布局的页脚之后触发，允许其他模块在页脚结束处注入内容。此 hook 适用于所有使用基础布局的页面。"
首页头部之前,首页头部之前
"在渲染首页布局的 <head> 标签之前触发，允许其他模块在头部开始处注入内容。","在渲染首页布局的 <head> 标签之前触发，允许其他模块在头部开始处注入内容。"
首页头部之后,首页头部之后
"在渲染首页布局的 <head> 标签之后触发，允许其他模块在头部结束处注入内容。","在渲染首页布局的 <head> 标签之后触发，允许其他模块在头部结束处注入内容。"
"首页 Body 开始","首页 Body 开始"
"在渲染首页布局的 <body> 标签开始处触发，允许其他模块在 body 开始处注入内容。","在渲染首页布局的 <body> 标签开始处触发，允许其他模块在 body 开始处注入内容。"
首页页头之前,首页页头之前
在渲染首页布局的页头之前触发，允许其他模块在页头开始处注入内容。,在渲染首页布局的页头之前触发，允许其他模块在页头开始处注入内容。
首页页头之后,首页页头之后
在渲染首页布局的页头之后触发，允许其他模块在页头结束处注入内容。,在渲染首页布局的页头之后触发，允许其他模块在页头结束处注入内容。
首页内容之前,首页内容之前
在渲染首页布局的主要内容之前触发，允许其他模块在内容开始处注入内容。,在渲染首页布局的主要内容之前触发，允许其他模块在内容开始处注入内容。
首页内容之后,首页内容之后
在渲染首页布局的主要内容之后触发，允许其他模块在内容结束处注入内容。,在渲染首页布局的主要内容之后触发，允许其他模块在内容结束处注入内容。
首页页脚之前,首页页脚之前
在渲染首页布局的页脚之前触发，允许其他模块在页脚开始处注入内容。,在渲染首页布局的页脚之前触发，允许其他模块在页脚开始处注入内容。
首页页脚之后,首页页脚之后
在渲染首页布局的页脚之后触发，允许其他模块在页脚结束处注入内容。,在渲染首页布局的页脚之后触发，允许其他模块在页脚结束处注入内容。
"首页 Body 结束","首页 Body 结束"
"在渲染首页布局的 <body> 标签结束处触发，允许其他模块在 body 结束处注入内容。","在渲染首页布局的 <body> 标签结束处触发，允许其他模块在 body 结束处注入内容。"
首页统计数据区块之前,首页统计数据区块之前
在渲染首页布局的统计数据区块之前触发，允许其他模块在统计数据区块开始处注入内容。,在渲染首页布局的统计数据区块之前触发，允许其他模块在统计数据区块开始处注入内容。
首页统计数据区块之后,首页统计数据区块之后
在渲染首页布局的统计数据区块之后触发，允许其他模块在统计数据区块结束处注入内容。,在渲染首页布局的统计数据区块之后触发，允许其他模块在统计数据区块结束处注入内容。
首页功能特性区块之前,首页功能特性区块之前
在渲染首页布局的功能特性区块之前触发，允许其他模块在功能特性区块开始处注入内容。,在渲染首页布局的功能特性区块之前触发，允许其他模块在功能特性区块开始处注入内容。
首页功能特性区块之后,首页功能特性区块之后
在渲染首页布局的功能特性区块之后触发，允许其他模块在功能特性区块结束处注入内容。,在渲染首页布局的功能特性区块之后触发，允许其他模块在功能特性区块结束处注入内容。
首页产品推荐区块之前,首页产品推荐区块之前
在渲染首页布局的产品推荐区块之前触发，允许其他模块在产品推荐区块开始处注入内容。,在渲染首页布局的产品推荐区块之前触发，允许其他模块在产品推荐区块开始处注入内容。
首页产品推荐区块之后,首页产品推荐区块之后
在渲染首页布局的产品推荐区块之后触发，允许其他模块在产品推荐区块结束处注入内容。,在渲染首页布局的产品推荐区块之后触发，允许其他模块在产品推荐区块结束处注入内容。
首页客户评价区块之前,首页客户评价区块之前
在渲染首页布局的客户评价区块之前触发，允许其他模块在客户评价区块开始处注入内容。,在渲染首页布局的客户评价区块之前触发，允许其他模块在客户评价区块开始处注入内容。
首页客户评价区块之后,首页客户评价区块之后
在渲染首页布局的客户评价区块之后触发，允许其他模块在客户评价区块结束处注入内容。,在渲染首页布局的客户评价区块之后触发，允许其他模块在客户评价区块结束处注入内容。
首页新闻动态区块之前,首页新闻动态区块之前
在渲染首页布局的新闻动态区块之前触发，允许其他模块在新闻动态区块开始处注入内容。,在渲染首页布局的新闻动态区块之前触发，允许其他模块在新闻动态区块开始处注入内容。
首页新闻动态区块之后,首页新闻动态区块之后
在渲染首页布局的新闻动态区块之后触发，允许其他模块在新闻动态区块结束处注入内容。,在渲染首页布局的新闻动态区块之后触发，允许其他模块在新闻动态区块结束处注入内容。
首页合作伙伴区块之前,首页合作伙伴区块之前
在渲染首页布局的合作伙伴区块之前触发，允许其他模块在合作伙伴区块开始处注入内容。,在渲染首页布局的合作伙伴区块之前触发，允许其他模块在合作伙伴区块开始处注入内容。
首页合作伙伴区块之后,首页合作伙伴区块之后
在渲染首页布局的合作伙伴区块之后触发，允许其他模块在合作伙伴区块结束处注入内容。,在渲染首页布局的合作伙伴区块之后触发，允许其他模块在合作伙伴区块结束处注入内容。
首页主要内容区块之前,首页主要内容区块之前
在渲染首页布局的主要内容区块（main元素）之前触发，允许其他模块在主要内容区块开始处注入内容。,在渲染首页布局的主要内容区块（main元素）之前触发，允许其他模块在主要内容区块开始处注入内容。
首页主要内容内容之前,首页主要内容内容之前
在渲染首页布局的主要内容区块内的内容之前触发，允许其他模块在主要内容开始处注入内容。,在渲染首页布局的主要内容区块内的内容之前触发，允许其他模块在主要内容开始处注入内容。
首页主要内容,首页主要内容
覆盖首页布局的主要内容区块内容，允许其他模块完全替换主要内容区域。如果没有提供内容，将显示默认的欢迎内容和功能预览。,覆盖首页布局的主要内容区块内容，允许其他模块完全替换主要内容区域。如果没有提供内容，将显示默认的欢迎内容和功能预览。
首页主要内容内容之后,首页主要内容内容之后
在渲染首页布局的主要内容区块内的内容之后触发，允许其他模块在主要内容结束处注入内容。,在渲染首页布局的主要内容区块内的内容之后触发，允许其他模块在主要内容结束处注入内容。
首页主要内容区块之后,首页主要内容区块之后
在渲染首页布局的主要内容区块（main元素）之后触发，允许其他模块在主要内容区块结束处注入内容。,在渲染首页布局的主要内容区块（main元素）之后触发，允许其他模块在主要内容区块结束处注入内容。
默认布局头部之前,默认布局头部之前
"在渲染默认布局的 <head> 标签之前触发，允许其他模块在头部开始处注入内容。","在渲染默认布局的 <head> 标签之前触发，允许其他模块在头部开始处注入内容。"
默认布局头部之后,默认布局头部之后
"在渲染默认布局的 <head> 标签之后触发，允许其他模块在头部结束处注入内容。","在渲染默认布局的 <head> 标签之后触发，允许其他模块在头部结束处注入内容。"
"默认布局 Body 开始","默认布局 Body 开始"
"在渲染默认布局的 <body> 标签开始处触发，允许其他模块在 body 开始处注入内容。","在渲染默认布局的 <body> 标签开始处触发，允许其他模块在 body 开始处注入内容。"
默认布局内容之前,默认布局内容之前
在渲染默认布局的主要内容之前触发，允许其他模块在内容开始处注入内容。,在渲染默认布局的主要内容之前触发，允许其他模块在内容开始处注入内容。
默认布局内容之后,默认布局内容之后
在渲染默认布局的主要内容之后触发，允许其他模块在内容结束处注入内容。,在渲染默认布局的主要内容之后触发，允许其他模块在内容结束处注入内容。
"默认布局 Body 结束","默认布局 Body 结束"
"在渲染默认布局的 <body> 标签结束处触发，允许其他模块在 body 结束处注入内容。","在渲染默认布局的 <body> 标签结束处触发，允许其他模块在 body 结束处注入内容。"
账户布局头部之前,账户布局头部之前
"在渲染账户布局的 <head> 标签之前触发，允许其他模块在头部开始处注入内容。","在渲染账户布局的 <head> 标签之前触发，允许其他模块在头部开始处注入内容。"
账户布局头部之后,账户布局头部之后
"在渲染账户布局的 <head> 标签之后触发，允许其他模块在头部结束处注入内容。","在渲染账户布局的 <head> 标签之后触发，允许其他模块在头部结束处注入内容。"
"账户布局 Body 开始","账户布局 Body 开始"
"在渲染账户布局的 <body> 标签开始处触发，允许其他模块在 body 开始处注入内容。","在渲染账户布局的 <body> 标签开始处触发，允许其他模块在 body 开始处注入内容。"
账户布局侧边栏之前,账户布局侧边栏之前
在渲染账户布局的侧边栏之前触发，允许其他模块在侧边栏开始处注入内容。,在渲染账户布局的侧边栏之前触发，允许其他模块在侧边栏开始处注入内容。
账户布局侧边栏之后,账户布局侧边栏之后
在渲染账户布局的侧边栏之后触发，允许其他模块在侧边栏结束处注入内容。,在渲染账户布局的侧边栏之后触发，允许其他模块在侧边栏结束处注入内容。
账户布局内容之前,账户布局内容之前
在渲染账户布局的主要内容之前触发，允许其他模块在内容开始处注入内容。,在渲染账户布局的主要内容之前触发，允许其他模块在内容开始处注入内容。
账户布局内容之后,账户布局内容之后
在渲染账户布局的主要内容之后触发，允许其他模块在内容结束处注入内容。,在渲染账户布局的主要内容之后触发，允许其他模块在内容结束处注入内容。
"账户布局 Body 结束","账户布局 Body 结束"
"在渲染账户布局的 <body> 标签结束处触发，允许其他模块在 body 结束处注入内容。","在渲染账户布局的 <body> 标签结束处触发，允许其他模块在 body 结束处注入内容。"
产品详情布局头部之前,产品详情布局头部之前
"在渲染产品详情布局的 <head> 标签之前触发，允许其他模块在头部开始处注入内容。","在渲染产品详情布局的 <head> 标签之前触发，允许其他模块在头部开始处注入内容。"
产品详情布局头部之后,产品详情布局头部之后
"在渲染产品详情布局的 <head> 标签之后触发，允许其他模块在头部结束处注入内容。","在渲染产品详情布局的 <head> 标签之后触发，允许其他模块在头部结束处注入内容。"
"产品详情布局 Body 开始","产品详情布局 Body 开始"
"在渲染产品详情布局的 <body> 标签开始处触发，允许其他模块在 body 开始处注入内容。","在渲染产品详情布局的 <body> 标签开始处触发，允许其他模块在 body 开始处注入内容。"
产品详情布局内容之前,产品详情布局内容之前
在渲染产品详情布局的主要内容之前触发，允许其他模块在内容开始处注入内容。,在渲染产品详情布局的主要内容之前触发，允许其他模块在内容开始处注入内容。
产品详情布局内容之后,产品详情布局内容之后
在渲染产品详情布局的主要内容之后触发，允许其他模块在内容结束处注入内容。,在渲染产品详情布局的主要内容之后触发，允许其他模块在内容结束处注入内容。
"产品详情布局 Body 结束","产品详情布局 Body 结束"
"在渲染产品详情布局的 <body> 标签结束处触发，允许其他模块在 body 结束处注入内容。","在渲染产品详情布局的 <body> 标签结束处触发，允许其他模块在 body 结束处注入内容。"
产品列表布局头部之前,产品列表布局头部之前
"在渲染产品列表布局的 <head> 标签之前触发，允许其他模块在头部开始处注入内容。","在渲染产品列表布局的 <head> 标签之前触发，允许其他模块在头部开始处注入内容。"
产品列表布局头部之后,产品列表布局头部之后
"在渲染产品列表布局的 <head> 标签之后触发，允许其他模块在头部结束处注入内容。","在渲染产品列表布局的 <head> 标签之后触发，允许其他模块在头部结束处注入内容。"
"产品列表布局 Body 开始","产品列表布局 Body 开始"
"在渲染产品列表布局的 <body> 标签开始处触发，允许其他模块在 body 开始处注入内容。","在渲染产品列表布局的 <body> 标签开始处触发，允许其他模块在 body 开始处注入内容。"
产品列表布局内容之前,产品列表布局内容之前
在渲染产品列表布局的主要内容之前触发，允许其他模块在内容开始处注入内容。,在渲染产品列表布局的主要内容之前触发，允许其他模块在内容开始处注入内容。
产品列表布局内容之后,产品列表布局内容之后
在渲染产品列表布局的主要内容之后触发，允许其他模块在内容结束处注入内容。,在渲染产品列表布局的主要内容之后触发，允许其他模块在内容结束处注入内容。
"产品列表布局 Body 结束","产品列表布局 Body 结束"
"在渲染产品列表布局的 <body> 标签结束处触发，允许其他模块在 body 结束处注入内容。","在渲染产品列表布局的 <body> 标签结束处触发，允许其他模块在 body 结束处注入内容。"
产品通用布局头部之前,产品通用布局头部之前
"在渲染产品通用布局的 <head> 标签之前触发，允许其他模块在头部开始处注入内容。适用于所有产品相关页面。","在渲染产品通用布局的 <head> 标签之前触发，允许其他模块在头部开始处注入内容。适用于所有产品相关页面。"
产品通用布局头部之后,产品通用布局头部之后
"在渲染产品通用布局的 <head> 标签之后触发，允许其他模块在头部结束处注入内容。适用于所有产品相关页面。","在渲染产品通用布局的 <head> 标签之后触发，允许其他模块在头部结束处注入内容。适用于所有产品相关页面。"
"产品通用布局 Body 开始","产品通用布局 Body 开始"
"在渲染产品通用布局的 <body> 标签开始处触发，允许其他模块在 body 开始处注入内容。适用于所有产品相关页面。","在渲染产品通用布局的 <body> 标签开始处触发，允许其他模块在 body 开始处注入内容。适用于所有产品相关页面。"
产品通用布局内容之前,产品通用布局内容之前
在渲染产品通用布局的主要内容之前触发，允许其他模块在内容开始处注入内容。适用于所有产品相关页面。,在渲染产品通用布局的主要内容之前触发，允许其他模块在内容开始处注入内容。适用于所有产品相关页面。
产品通用布局内容之后,产品通用布局内容之后
在渲染产品通用布局的主要内容之后触发，允许其他模块在内容结束处注入内容。适用于所有产品相关页面。,在渲染产品通用布局的主要内容之后触发，允许其他模块在内容结束处注入内容。适用于所有产品相关页面。
"产品通用布局 Body 结束","产品通用布局 Body 结束"
"在渲染产品通用布局的 <body> 标签结束处触发，允许其他模块在 body 结束处注入内容。适用于所有产品相关页面。","在渲染产品通用布局的 <body> 标签结束处触发，允许其他模块在 body 结束处注入内容。适用于所有产品相关页面。"
分类页子分类筛选,分类页子分类筛选
在分类页左侧筛选栏中渲染子分类筛选区域，支持显示上级分类返回入口和当前分类的直接子分类列表。,在分类页左侧筛选栏中渲染子分类筛选区域，支持显示上级分类返回入口和当前分类的直接子分类列表。
分类页筛选侧栏,分类页筛选侧栏
"在分类页左侧渲染产品筛选侧栏，支持价格、品牌、颜色、评分等多维度筛选。由 WeShop_Filters 模块实现。","在分类页左侧渲染产品筛选侧栏，支持价格、品牌、颜色、评分等多维度筛选。由 WeShop_Filters 模块实现。"
分类筛选区之前,分类筛选区之前
在分类筛选区域之前触发，允许其他模块注入内容。,在分类筛选区域之前触发，允许其他模块注入内容。
分类筛选区之后,分类筛选区之后
在分类筛选区域之后触发，允许其他模块注入内容。,在分类筛选区域之后触发，允许其他模块注入内容。
页头分类菜单,页头分类菜单
在页头显示分类菜单，允许其他模块实现商品分类菜单功能。如果没有提供内容，将显示默认的分类菜单。,在页头显示分类菜单，允许其他模块实现商品分类菜单功能。如果没有提供内容，将显示默认的分类菜单。
页头语言切换器,页头语言切换器
在页头显示语言切换器，允许其他模块实现语言切换功能。,在页头显示语言切换器，允许其他模块实现语言切换功能。
页头货币切换器,页头货币切换器
在页头显示货币切换器，允许其他模块实现货币切换功能。,在页头显示货币切换器，允许其他模块实现货币切换功能。
页头购物车,页头购物车
在页头显示购物车，允许其他模块实现购物车功能。,在页头显示购物车，允许其他模块实现购物车功能。
页头用户信息,页头用户信息
在页头显示用户相关信息，允许其他模块在用户信息区域注入额外的功能（如消息通知、收藏夹等）。,在页头显示用户相关信息，允许其他模块在用户信息区域注入额外的功能（如消息通知、收藏夹等）。
页头账户菜单,页头账户菜单
"在页头显示账户菜单，允许其他模块实现账户登录/注册功能。支持 hover 展开下拉菜单。","在页头显示账户菜单，允许其他模块实现账户登录/注册功能。支持 hover 展开下拉菜单。"
页头账户菜单链接,页头账户菜单链接
在页头账户下拉菜单中显示账户相关链接，允许其他模块自定义账户菜单项。,在页头账户下拉菜单中显示账户相关链接，允许其他模块自定义账户菜单项。
页头配送地址选择器,页头配送地址选择器
在页头显示配送地址选择器，允许其他模块实现配送地址选择功能。,在页头显示配送地址选择器，允许其他模块实现配送地址选择功能。
页头订单,页头订单
在页头显示订单相关功能，允许其他模块实现订单查看、订单管理等功能。,在页头显示订单相关功能，允许其他模块实现订单查看、订单管理等功能。
页头汉堡菜单,页头汉堡菜单
在页头显示汉堡菜单（移动端侧边栏菜单），允许其他模块实现移动端导航菜单功能。如果没有提供内容，将显示默认的汉堡菜单。,在页头显示汉堡菜单（移动端侧边栏菜单），允许其他模块实现移动端导航菜单功能。如果没有提供内容，将显示默认的汉堡菜单。
页头导航链接,页头导航链接
"在页头导航区域显示横向导航链接（如今日特价、Prime Video等），允许其他模块添加自定义导航链接。","在页头导航区域显示横向导航链接（如今日特价、Prime Video等），允许其他模块添加自定义导航链接。"
页头右侧导航,页头右侧导航
在页头右侧导航区域显示内容，允许其他模块在右侧导航区域注入内容（如分类菜单等）。,在页头右侧导航区域显示内容，允许其他模块在右侧导航区域注入内容（如分类菜单等）。
页脚,页脚
在页脚区域显示内容，允许其他模块在页脚注入内容。,在页脚区域显示内容，允许其他模块在页脚注入内容。
账户侧边栏,账户侧边栏
在账户页面的侧边栏导航中注入内容，允许其他模块添加自定义导航项。,在账户页面的侧边栏导航中注入内容，允许其他模块添加自定义导航项。
账户侧边栏内容,账户侧边栏内容
在账户页面的侧边栏内容区域注入内容，允许其他模块添加自定义内容。,在账户页面的侧边栏内容区域注入内容，允许其他模块添加自定义内容。
分类页,分类页
产品页,产品页
产品列表页,产品列表页
CMS页面,CMS页面
购物车,购物车
结算页,结算页
账户中心,账户中心
搜索页,搜索页
默认布局,默认布局
头部区域,头部区域
横幅区域,横幅区域
左侧栏,左侧栏
内容区域,内容区域
右侧栏,右侧栏
底部区域,底部区域
草稿,草稿
已发布,已发布
手动保存,手动保存
自动备份,自动备份
恢复原始,恢复原始
发布快照,发布快照
"LayoutAssetsGenerator: 开始执行","LayoutAssetsGenerator: 开始执行"
"LayoutAssetsGenerator: eventData不是DataObject实例，跳过处理","LayoutAssetsGenerator: eventData不是DataObject实例，跳过处理"
"LayoutAssetsGenerator: layoutType为空，跳过处理","LayoutAssetsGenerator: layoutType为空，跳过处理"
"LayoutAssetsGenerator: content为空，跳过处理","LayoutAssetsGenerator: content为空，跳过处理"
"LayoutAssetsGenerator: layoutType=%{1}, content长度=%{2}","LayoutAssetsGenerator: layoutType=%{1}, content长度=%{2}"
"LayoutAssetsGenerator: 模板实例中没有theme数据，跳过处理","LayoutAssetsGenerator: 模板实例中没有theme数据，跳过处理"
"LayoutAssetsGenerator: 无法获取主题对象，跳过处理","LayoutAssetsGenerator: 无法获取主题对象，跳过处理"
"LayoutAssetsGenerator: 开始处理布局资源 - area: %{1}, layoutType: %{2}, layoutOption: %{3}, CSS URL: %{4}, JS URL: %{5}","LayoutAssetsGenerator: 开始处理布局资源 - area: %{1}, layoutType: %{2}, layoutOption: %{3}, CSS URL: %{4}, JS URL: %{5}"
"LayoutAssetsGenerator: 提取结果 - CSS长度: %{1}, JS长度: %{2}","LayoutAssetsGenerator: 提取结果 - CSS长度: %{1}, JS长度: %{2}"
"LayoutAssetsGenerator: 处理完成，内容长度: %{1}","LayoutAssetsGenerator: 处理完成，内容长度: %{1}"
"布局资源生成失败: %{1}","布局资源生成失败: %{1}"
"LayoutAssetsGenerator: 文件生成完成 - CSS: %{1}, JS: %{2}","LayoutAssetsGenerator: 文件生成完成 - CSS: %{1}, JS: %{2}"
"严重错误：%{1}内容中包含PHP代码，禁止提取\n\n错误说明：\n  布局%{1}文件必须是纯%{1}，不能包含任何PHP代码。\n\n解决方案：\n  1. 如果style/script标签包含PHP代码，请添加 data-no-extract=""true"" 属性\n  2. 使用CSS变量：在模板中定义CSS变量，然后在CSS中使用 var()\n  3. 将动态值通过PHP变量注入到CSS变量中，而不是直接在CSS中写PHP代码","严重错误：%{1}内容中包含PHP代码，禁止提取\n\n错误说明：\n  布局%{1}文件必须是纯%{1}，不能包含任何PHP代码。\n\n解决方案：\n  1. 如果style/script标签包含PHP代码，请添加 data-no-extract=""true"" 属性\n  2. 使用CSS变量：在模板中定义CSS变量，然后在CSS中使用 var()\n  3. 将动态值通过PHP变量注入到CSS变量中，而不是直接在CSS中写PHP代码"
"JS压缩失败，使用原始内容: %{1}","JS压缩失败，使用原始内容: %{1}"
"创建目录失败: %{1}","创建目录失败: %{1}"
"写入文件失败: %{1}","写入文件失败: %{1}"
"LayoutAssetsGenerator: 已添加CSS链接 - %{1}","LayoutAssetsGenerator: 已添加CSS链接 - %{1}"
"LayoutAssetsGenerator: 未找到</head>标签，无法添加CSS链接 - %{1}","LayoutAssetsGenerator: 未找到</head>标签，无法添加CSS链接 - %{1}"
"LayoutAssetsGenerator: CSS链接已存在，跳过添加 - %{1}","LayoutAssetsGenerator: CSS链接已存在，跳过添加 - %{1}"
"LayoutAssetsGenerator: 已添加JS链接 - %{1}","LayoutAssetsGenerator: 已添加JS链接 - %{1}"
"LayoutAssetsGenerator: JS链接已存在，跳过添加 - %{1}","LayoutAssetsGenerator: JS链接已存在，跳过添加 - %{1}"
"LayoutAssetsGenerator: 未找到</body>标签，无法添加JS链接 - %{1}","LayoutAssetsGenerator: 未找到</body>标签，无法添加JS链接 - %{1}"
"LayoutAssetsGenerator: 已更新编译文件 - %{1}","LayoutAssetsGenerator: 已更新编译文件 - %{1}"
"LayoutAssetsGenerator: 已更新内容模板编译文件 - %{1}","LayoutAssetsGenerator: 已更新内容模板编译文件 - %{1}"
"LayoutAssetsGenerator: 更新内容模板编译文件失败 - %{1}","LayoutAssetsGenerator: 更新内容模板编译文件失败 - %{1}"
"LayoutAssetsGenerator: 更新编译文件失败 - %{1}","LayoutAssetsGenerator: 更新编译文件失败 - %{1}"
主题异常：,主题异常：
"父主题：%{1} 不存在！","父主题：%{1} 不存在！"
安装,安装
主题更新...,主题更新...
更新,更新
主题注册失败！,主题注册失败！
布局收集失败:,布局收集失败:
继续编辑,继续编辑
"%{1} 正在编辑此页面","%{1} 正在编辑此页面"
其他用户,其他用户
已锁定编辑,已锁定编辑
您已持有编辑锁定,您已持有编辑锁定
"已发送接管请求，等待 %{1} 响应","已发送接管请求，等待 %{1} 响应"
当前用户,当前用户
请先发送接管请求,请先发送接管请求
您不是接管请求者,您不是接管请求者
"当前用户仍在活跃，请等待 %{1} 秒后重试","当前用户仍在活跃，请等待 %{1} 秒后重试"
已成功接管编辑,已成功接管编辑
结算成功页,结算成功页
结算失败页,结算失败页
账户认证,账户认证
退出登录,退出登录
订单列表,订单列表
个人资料,个人资料
政策页面,政策页面
活动页,活动页
测试页,测试页
"主题 %{1} 的 %{2} 页面已成功发布","主题 %{1} 的 %{2} 页面已成功发布"
"主题 %{1} 的 %{2} 页面发布失败：%{3}","主题 %{1} 的 %{2} 页面发布失败：%{3}"
"CDN 缓存刷新失败（域名：%{1}）：%{2}","CDN 缓存刷新失败（域名：%{1}）：%{2}"
主题发布通知,主题发布通知
备份,备份
恢复原始布局前的自动备份,恢复原始布局前的自动备份
来自版本,来自版本
原始布局,原始布局
恢复到主题模板的原始状态,恢复到主题模板的原始状态
发布时自动创建,发布时自动创建
初始版本,初始版本
请选择,请选择
暂无数据,暂无数据
加载中...,加载中...
清空,清空
搜索...,搜索...
预设颜色,预设颜色
开始日期,开始日期
结束日期,结束日期
至,至
今天,今天
昨天,昨天
最近7天,最近7天
最近30天,最近30天
本月,本月
上月,上月
今年,今年
选择图标,选择图标
搜索图标...,搜索图标...
没有找到匹配的图标,没有找到匹配的图标
全部,全部
关闭,关闭
请选择或搜索...,请选择或搜索...
没有找到匹配的结果,没有找到匹配的结果
搜索中...,搜索中...
加载失败,加载失败
输入关键词搜索,输入关键词搜索
"w:slot 标签缺少必填属性 id","w:slot 标签缺少必填属性 id"
"w:slot 标签 id 格式无效: ""%{id}""，只允许字母开头，包含字母、数字、下划线、连字符","w:slot 标签 id 格式无效: ""%{id}""，只允许字母开头，包含字母、数字、下划线、连字符"
"w:slot 标签 id 重复: ""%{id}""","w:slot 标签 id 重复: ""%{id}"""
"已存在于: %{location}","已存在于: %{location}"
"当前位置: %{location}","当前位置: %{location}"
"w:slot 标签 position 属性值无效: ""%{value}""","w:slot 标签 position 属性值无效: ""%{value}"""
"允许的值: %{values}","允许的值: %{values}"
"w:slot 标签属性冲突 - exclusive 和 multiple 不能同时为 true","w:slot 标签属性冲突 - exclusive 和 multiple 不能同时为 true"
"w:slot 标签属性冲突 - append 和 prepend 不能同时为 true","w:slot 标签属性冲突 - append 和 prepend 不能同时为 true"
"w:slot 标签属性冲突 - exclusive 模式下不能使用 append 或 prepend","w:slot 标签属性冲突 - exclusive 模式下不能使用 append 或 prepend"
"w:slot id=""%{id}"" accept 和 reject 包含相同的部件类型: %{types}","w:slot id=""%{id}"" accept 和 reject 包含相同的部件类型: %{types}"
"w:slot 标签 max 属性必须是 >= -1 的整数，当前值: ""%{value}""","w:slot 标签 max 属性必须是 >= -1 的整数，当前值: ""%{value}"""
"w:slot 标签 min 属性必须是 >= 0 的整数，当前值: ""%{value}""","w:slot 标签 min 属性必须是 >= 0 的整数，当前值: ""%{value}"""
"w:slot 标签 min (%{min}) 不能大于 max (%{max})","w:slot 标签 min (%{min}) 不能大于 max (%{max})"
致命错误,致命错误
"文件: %{file}","文件: %{file}"
"行数: %{line}","行数: %{line}"
"示例: %{example}","示例: %{example}"
警告,警告
任务进度,任务进度
等待中,等待中
执行中,执行中
成功,成功
失败,失败
已跳过,已跳过
正在连接...,正在连接...
已连接,已连接
已断开,已断开
就绪,就绪
复制,复制
已复制,已复制
终端输出,终端输出
连接错误,连接错误
连接失败（可能为网络问题或服务端异常），请查看下方日志或服务器终端。,连接失败（可能为网络问题或服务端异常），请查看下方日志或服务器终端。
停止,停止
开始,开始
输入后按回车添加,输入后按回车添加
移除,移除
已达到最大标签数量,已达到最大标签数量
标签已存在,标签已存在
标签太短,标签太短
标签太长,标签太长
已切换到:,已切换到:
搜索配置项,搜索配置项
组件预览,组件预览
暂无可用布局,暂无可用布局
配置参数,配置参数
暂无可用色系,暂无可用色系
暂无可用部件,暂无可用部件
暂无可用变量,暂无可用变量
暂无可用组件,暂无可用组件
获取参数失败,获取参数失败
参数配置,参数配置
配置色系,配置色系
点击色盘选择色系，点击齿轮图标配置色系变量,点击色盘选择色系，点击齿轮图标配置色系变量
提示,提示
请先选择主题,请先选择主题
确定,确定
配置色系变量,配置色系变量
正在加载色盘变量...,正在加载色盘变量...
加载弹窗失败,加载弹窗失败
网络错误,网络错误
参数,参数
配置进度,配置进度
"点击""配置参数""按钮编辑组件的参数值","点击""配置参数""按钮编辑组件的参数值"
配置组件参数,配置组件参数
正在加载组件参数...,正在加载组件参数...
变量,变量
配置变量,配置变量
"点击""配置变量""按钮编辑变量文件中的变量值","点击""配置变量""按钮编辑变量文件中的变量值"
配置变量文件,配置变量文件
正在加载变量数据...,正在加载变量数据...
区域,区域
组件,组件
名称,名称
描述,描述
组件参数,组件参数
必填,必填
"JSON格式，例如：[""item1"", ""item2""]","JSON格式，例如：[""item1"", ""item2""]"
默认值：%{value},默认值：%{value}
默认值,默认值
保存参数,保存参数
重置,重置
保存中...,保存中...
请重试,请重试
保存失败，请重试,保存失败，请重试
这是一个成功提示信息示例,这是一个成功提示信息示例
按钮,按钮
卡片标题,卡片标题
这是卡片内容示例,这是卡片内容示例
卡片底部,卡片底部
目录路径,目录路径
当前配置的目录路径,当前配置的目录路径
选择布局,选择布局
选择部件,选择部件
选择色系,选择色系
选择组件,选择组件
选择配置,选择配置
点击色盘选择色系，选中的色系将应用到当前主题,点击色盘选择色系，选中的色系将应用到当前主题
已选中,已选中
点击卡片选择布局文件，选中的布局将应用到当前主题,点击卡片选择布局文件，选中的布局将应用到当前主题
点击卡片选择部件文件，选中的部件将应用到当前主题,点击卡片选择部件文件，选中的部件将应用到当前主题
点击卡片选择组件文件，选中的组件将应用到当前主题,点击卡片选择组件文件，选中的组件将应用到当前主题
点击卡片选择文件，选中的文件将应用到当前主题,点击卡片选择文件，选中的文件将应用到当前主题
请输入变量值,请输入变量值
输入变量值，这些值将应用到当前主题,输入变量值，这些值将应用到当前主题
该目录下没有可用的布局文件,该目录下没有可用的布局文件
该目录下没有可用的部件文件,该目录下没有可用的部件文件
该目录下没有可用的色系文件,该目录下没有可用的色系文件
该目录下没有可用的组件文件,该目录下没有可用的组件文件
该目录下没有可用的变量文件,该目录下没有可用的变量文件
该目录下没有可用的配置项,该目录下没有可用的配置项
正在读取颜色变量...,正在读取颜色变量...
取消,取消
保存配置,保存配置
未找到颜色变量,未找到颜色变量
输入目录描述信息（可选）,输入目录描述信息（可选）
主题配置编辑,主题配置编辑
系统,系统
主题配置,主题配置
Scope,Scope
加载,加载
前端,前端
后端,后端
布局,布局
色系,色系
部件,部件
展开/收缩预览,展开/收缩预览
主题预览,主题预览
自动登录,自动登录
亮色,亮色
暗色,暗色
电脑,电脑
平板,平板
手机,手机
刷新,刷新
全屏,全屏
正在加载预览...,正在加载预览...
请先选择一个主题以开始配置。,请先选择一个主题以开始配置。
暂无可用色盘,暂无可用色盘
暂无可用变量文件,暂无可用变量文件
主题布局配置,主题布局配置
主题：%{name},主题：%{name}
前端配置,前端配置
布局配置,布局配置
该主题暂无前端布局选项,该主题暂无前端布局选项
后端配置,后端配置
该主题暂无后端布局选项,该主题暂无后端布局选项
返回,返回
该色盘没有可配置的变量,该色盘没有可配置的变量
搜索变量名...,搜索变量名...
所有分类,所有分类
重置为默认值,重置为默认值
保存并预览,保存并预览
该组件没有可配置的参数,该组件没有可配置的参数
"JSON格式，例如：[""item1"", ""item2""] 或 {""key"": ""value""}","JSON格式，例如：[""item1"", ""item2""] 或 {""key"": ""value""}"
该变量文件没有可配置的变量,该变量文件没有可配置的变量
保存,保存
"主题 Partials 配置","主题 Partials 配置"
"前端 Partials","前端 Partials"
"该主题暂无前端 partials 选项","该主题暂无前端 partials 选项"
"后端 Partials","后端 Partials"
"该主题暂无后端 partials 选项","该主题暂无后端 partials 选项"
"主题 Meta 配置","主题 Meta 配置"
变量文件配置,变量文件配置
扫描变量文件,扫描变量文件
变量数量：,变量数量：
已配置：,已配置：
扫描完成,扫描完成
扫描失败,扫描失败
主题：,主题：
区域：,区域：
作用域：,作用域：
默认：,默认：
保存所有配置,保存所有配置
保存成功，预览已更新,保存成功，预览已更新
CSS变量配置,CSS变量配置
选择色盘：,选择色盘：
不使用色盘,不使用色盘
应用色盘,应用色盘
应用失败,应用失败
主题可视化编辑器,主题可视化编辑器
"Weline Admin","Weline Admin"
未选择主题,未选择主题
桌面端,桌面端
切换亮色/暗色模式,切换亮色/暗色模式
选择语言,选择语言
退出,退出
保存更改,保存更改
结构视图,结构视图
收起,收起
页面布局,页面布局
搜索布局...,搜索布局...
页面结构,页面结构
"页头 (Header)","页头 (Header)"
"主体内容 (Body)","主体内容 (Body)"
"页脚 (Footer)","页脚 (Footer)"
全局设置,全局设置
全局配色,全局配色
全局变量,全局变量
预览,预览
属性配置,属性配置
请在左侧点击一个区域进行配置,请在左侧点击一个区域进行配置
设置,设置
应用更改,应用更改
最近使用,最近使用
暂无主题,暂无主题
系统中还没有安装任何主题,系统中还没有安装任何主题
继承自,继承自
激活,激活
预览主题,预览主题
可视化编辑,可视化编辑
编辑,编辑
该部件暂无可配置参数,该部件暂无可配置参数
启用,启用
"-- 请选择 --","-- 请选择 --"
图片URL或点击选择,图片URL或点击选择
JSON格式数组,JSON格式数组
请使用JSON格式输入,请使用JSON格式输入
主题编辑器,主题编辑器
"-- 选择主题 --","-- 选择主题 --"
选择页面布局类型,选择页面布局类型
前端/后端主题,前端/后端主题
版本历史,版本历史
保存新版本,保存新版本
"点击""切换""可恢复到历史版本继续编辑","点击""切换""可恢复到历史版本继续编辑"
后台预览,后台预览
在真实前端页面中预览，可查看完整效果,在真实前端页面中预览，可查看完整效果
前端预览,前端预览
保存当前布局为新版本,保存当前布局为新版本
保存版本,保存版本
发布当前版本到前台,发布当前版本到前台
发布,发布
部件配置,部件配置
点击预览区域中的部件进行配置,点击预览区域中的部件进行配置
实时预览,实时预览
恢复到主题模板原始布局（自动创建备份）,恢复到主题模板原始布局（自动创建备份）
恢复原始布局,恢复原始布局
刷新预览,刷新预览
全屏预览,全屏预览
页面插槽,页面插槽
Header,Header
拖入头部部件（Logo、导航、搜索等）,拖入头部部件（Logo、导航、搜索等）
拖入头部部件,拖入头部部件
Logo,Logo
导航,导航
搜索,搜索
账户,账户
Content,Content
拖入任意部件或容器,拖入任意部件或容器
拖拽部件或容器到此处,拖拽部件或容器到此处
行布局,行布局
列布局,列布局
Banner,Banner
轮播,轮播
产品,产品
Footer,Footer
拖入底部部件（链接、版权、社交等）,拖入底部部件（链接、版权、社交等）
拖入底部部件,拖入底部部件
链接,链接
订阅,订阅
社交,社交
版权,版权
部件库,部件库
搜索部件...,搜索部件...
容器部件,容器部件
独占部件,独占部件
响应式,响应式
宽度,宽度
加载预览...,加载预览...
请选择一个主题,请选择一个主题
在左上角选择要编辑的主题，开始可视化编辑,在左上角选择要编辑的主题，开始可视化编辑
删除,删除
点击配置此部件,点击配置此部件
无模板,无模板
确认操作,确认操作
查询失败,查询失败
发送通知失败,发送通知失败
立即重试,立即重试
"将在 %{seconds} 秒后自动重试...","将在 %{seconds} 秒后自动重试..."
服务器错误,服务器错误
服务器内部错误，请稍后重试。,服务器内部错误，请稍后重试。
无法连接到服务器，请检查网络连接。,无法连接到服务器，请检查网络连接。
打印,打印
"Weline Admin 管理面板","Weline Admin 管理面板"
"Weline Framework - 后台管理系统","Weline Framework - 后台管理系统"
"Weline, Framework, Admin, PHP","Weline, Framework, Admin, PHP"
管理后台,管理后台
后台Logo,后台Logo
我的账户,我的账户
提交中...,提交中...
网络错误，请重试,网络错误，请重试
已选择,已选择
项,项
取消选择,取消选择
请配置列信息,请配置列信息
数据列表,数据列表
"共 %{1} 条","共 %{1} 条"
精彩活动进行中,精彩活动进行中
"这里是活动专题默认页面，你可以通过 PageBuilder 自由配置 Banner、活动亮点和活动商品区块。","这里是活动专题默认页面，你可以通过 PageBuilder 自由配置 Banner、活动亮点和活动商品区块。"
活动亮点示例,活动亮点示例
在这里展示活动的核心卖点，比如满减、折扣、限时抢购、会员专享等信息。,在这里展示活动的核心卖点，比如满减、折扣、限时抢购、会员专享等信息。
活动商品示例,活动商品示例
在这里展示参与活动的商品列表或商品推荐组件，为用户提供快速选购入口。,在这里展示参与活动的商品列表或商品推荐组件，为用户提供快速选购入口。
继续购物,继续购物
购物车是空的,购物车是空的
您的购物车是空的,您的购物车是空的
筛选条件,筛选条件
关闭筛选,关闭筛选
分类,分类
结账,结账
订单提交失败,订单提交失败
很抱歉，您的订单提交失败，请稍后重试。,很抱歉，您的订单提交失败，请稍后重试。
错误代码：,错误代码：
重试提交,重试提交
返回购物车,返回购物车
联系客服,联系客服
温馨提示：,温馨提示：
请检查您的网络连接是否正常,请检查您的网络连接是否正常
请确认您的支付信息是否正确,请确认您的支付信息是否正确
如问题持续存在，请联系客服寻求帮助,如问题持续存在，请联系客服寻求帮助
订单确认,订单确认
订单提交成功！,订单提交成功！
订单号：,订单号：
查看订单,查看订单
"Cookie 政策","Cookie 政策"
"本页面向您说明我们如何在本网站中使用 Cookie 及相关技术，以及您对 Cookie 的管理选择。","本页面向您说明我们如何在本网站中使用 Cookie 及相关技术，以及您对 Cookie 的管理选择。"
"一、什么是 Cookie？","一、什么是 Cookie？"
"Cookie 是当您访问网站时，由网站服务器存储在您设备上的小型文本文件。Cookie 有助于网站识别您的设备，记住您的偏好设置，并改进服务体验。","Cookie 是当您访问网站时，由网站服务器存储在您设备上的小型文本文件。Cookie 有助于网站识别您的设备，记住您的偏好设置，并改进服务体验。"
"二、我们如何使用 Cookie？","二、我们如何使用 Cookie？"
"我们使用 Cookie 和类似技术（如 LocalStorage、SessionStorage 等），主要用于以下目的：","我们使用 Cookie 和类似技术（如 LocalStorage、SessionStorage 等），主要用于以下目的："
（1）身份识别与登录状态维护：用于识别您的账户身份，保持登录状态，避免频繁重复登录。,（1）身份识别与登录状态维护：用于识别您的账户身份，保持登录状态，避免频繁重复登录。
（2）偏好设置记忆：记录您的语言、地区、显示设置等偏好，提升浏览体验。,（2）偏好设置记忆：记录您的语言、地区、显示设置等偏好，提升浏览体验。
（3）安全与风控：用于识别异常登录、保障交易安全、防范欺诈行为。,（3）安全与风控：用于识别异常登录、保障交易安全、防范欺诈行为。
（4）统计与分析：用于了解网站访问量、来源渠道、使用习惯，以便优化产品和服务。,（4）统计与分析：用于了解网站访问量、来源渠道、使用习惯，以便优化产品和服务。
"三、我们使用的 Cookie 类型","三、我们使用的 Cookie 类型"
"根据用途不同，我们可能会使用以下类型的 Cookie：","根据用途不同，我们可能会使用以下类型的 Cookie："
"（1）严格必要类 Cookie：用于实现网站基本功能，例如账号登录、购物车、订单结算等。若缺少此类 Cookie，网站功能将无法正常运行。","（1）严格必要类 Cookie：用于实现网站基本功能，例如账号登录、购物车、订单结算等。若缺少此类 Cookie，网站功能将无法正常运行。"
"（2）功能性 Cookie：用于记住您的偏好设置，如语言、地区等，以便为您提供更加个性化的服务。","（2）功能性 Cookie：用于记住您的偏好设置，如语言、地区等，以便为您提供更加个性化的服务。"
"（3）统计与性能 Cookie：用于收集网站访问数据，帮助我们了解网站性能并进行改进。","（3）统计与性能 Cookie：用于收集网站访问数据，帮助我们了解网站性能并进行改进。"
"（4）营销与广告 Cookie（如有）：用于向您展示更匹配您兴趣的内容或广告。","（4）营销与广告 Cookie（如有）：用于向您展示更匹配您兴趣的内容或广告。"
"四、第三方 Cookie","四、第三方 Cookie"
"在某些情况下，我们可能会使用第三方提供的服务（例如统计分析工具、支付服务、社交媒体插件等），这些第三方也可能在您的设备上设置或读取 Cookie。","在某些情况下，我们可能会使用第三方提供的服务（例如统计分析工具、支付服务、社交媒体插件等），这些第三方也可能在您的设备上设置或读取 Cookie。"
"第三方 Cookie 的使用受其各自的隐私政策约束，我们建议您查阅相关第三方的隐私政策以了解详细信息。","第三方 Cookie 的使用受其各自的隐私政策约束，我们建议您查阅相关第三方的隐私政策以了解详细信息。"
"五、您如何管理 Cookie？","五、您如何管理 Cookie？"
"您可以通过以下方式管理或删除 Cookie：","您可以通过以下方式管理或删除 Cookie："
"（1）浏览器设置：大多数浏览器均提供禁用或删除 Cookie 的选项，您可以在“设置”“隐私”或“安全”等菜单中进行管理。","（1）浏览器设置：大多数浏览器均提供禁用或删除 Cookie 的选项，您可以在“设置”“隐私”或“安全”等菜单中进行管理。"
"（2）清除浏览数据：您可以在浏览器中清除缓存和 Cookie，以删除已存储的 Cookie。","（2）清除浏览数据：您可以在浏览器中清除缓存和 Cookie，以删除已存储的 Cookie。"
"（3）选择退出部分第三方服务：部分第三方提供 Cookie 选择退订机制，具体以第三方说明为准。","（3）选择退出部分第三方服务：部分第三方提供 Cookie 选择退订机制，具体以第三方说明为准。"
"请注意，如您禁用或删除 Cookie，可能会导致本网站部分功能无法正常使用或体验下降。","请注意，如您禁用或删除 Cookie，可能会导致本网站部分功能无法正常使用或体验下降。"
"六、Cookie 政策的更新","六、Cookie 政策的更新"
"我们可能会根据法律法规变化或业务需要对本 Cookie 政策进行更新。更新后的内容将发布在本页面，并自公布之日起生效。","我们可能会根据法律法规变化或业务需要对本 Cookie 政策进行更新。更新后的内容将发布在本页面，并自公布之日起生效。"
网站政策说明,网站政策说明
本页面用于展示网站的隐私政策、服务条款、退款政策等重要法律文本，请在使用本网站前仔细阅读。,本页面用于展示网站的隐私政策、服务条款、退款政策等重要法律文本，请在使用本网站前仔细阅读。
一、总则,一、总则
"1.1 本政策适用于您在本网站的访问和使用行为，旨在保护您的合法权益并说明我们的责任与义务。","1.1 本政策适用于您在本网站的访问和使用行为，旨在保护您的合法权益并说明我们的责任与义务。"
"1.2 在使用本网站服务前，请您仔细阅读本政策的全部内容。如您不同意本政策的任何内容，或无法准确理解相关条款的含义，请不要进行后续操作。","1.2 在使用本网站服务前，请您仔细阅读本政策的全部内容。如您不同意本政策的任何内容，或无法准确理解相关条款的含义，请不要进行后续操作。"
"1.3 当您使用本网站提供的服务时，即表示您已充分理解并同意接受本政策的全部内容。","1.3 当您使用本网站提供的服务时，即表示您已充分理解并同意接受本政策的全部内容。"
"1.4 我们有权根据法律法规的变化及业务发展需要，对本政策进行修订。修订后的政策将在本网站公布，自公布之日起生效。","1.4 我们有权根据法律法规的变化及业务发展需要，对本政策进行修订。修订后的政策将在本网站公布，自公布之日起生效。"
二、信息收集与使用,二、信息收集与使用
"2.1 我们会在合法、正当、必要的前提下收集和使用您的个人信息，并采取合理的安全措施予以保护。","2.1 我们会在合法、正当、必要的前提下收集和使用您的个人信息，并采取合理的安全措施予以保护。"
"2.2 我们可能收集的信息包括但不限于：","2.2 我们可能收集的信息包括但不限于："
（1）账户信息：用户名、密码、邮箱地址、手机号码等；,（1）账户信息：用户名、密码、邮箱地址、手机号码等；
（2）交易信息：订单信息、支付信息、收货地址等；,（2）交易信息：订单信息、支付信息、收货地址等；
（3）设备信息：设备型号、操作系统、浏览器类型、IP地址等；,（3）设备信息：设备型号、操作系统、浏览器类型、IP地址等；
（4）日志信息：访问时间、访问页面、搜索关键词等；,（4）日志信息：访问时间、访问页面、搜索关键词等；
（5）其他信息：您主动提供的其他个人信息。,（5）其他信息：您主动提供的其他个人信息。
"2.3 我们收集信息的目的包括：提供、维护和改进服务；处理您的订单和交易；发送重要通知；进行数据分析；保护网站安全等。","2.3 我们收集信息的目的包括：提供、维护和改进服务；处理您的订单和交易；发送重要通知；进行数据分析；保护网站安全等。"
"2.4 我们不会向第三方出售、出租或以其他方式披露您的个人信息，除非获得您的明确同意或法律法规另有规定。","2.4 我们不会向第三方出售、出租或以其他方式披露您的个人信息，除非获得您的明确同意或法律法规另有规定。"
三、用户权利与义务,三、用户权利与义务
"3.1 您在使用本网站服务时应遵守相关法律法规，不得利用本网站从事违法违规活动。","3.1 您在使用本网站服务时应遵守相关法律法规，不得利用本网站从事违法违规活动。"
"3.2 您享有以下权利：","3.2 您享有以下权利："
（1）查询权：您有权查询我们收集的您的个人信息；,（1）查询权：您有权查询我们收集的您的个人信息；
（2）更正权：您有权要求我们更正不准确的个人信息；,（2）更正权：您有权要求我们更正不准确的个人信息；
（3）删除权：在符合法律法规规定的情况下，您有权要求我们删除您的个人信息；,（3）删除权：在符合法律法规规定的情况下，您有权要求我们删除您的个人信息；
（4）撤回同意权：您有权撤回对个人信息处理的同意；,（4）撤回同意权：您有权撤回对个人信息处理的同意；
（5）投诉举报权：您有权向相关监管部门投诉举报我们的个人信息处理行为。,（5）投诉举报权：您有权向相关监管部门投诉举报我们的个人信息处理行为。
"3.3 您应承担以下义务：","3.3 您应承担以下义务："
（1）提供真实、准确、完整的个人信息；,（1）提供真实、准确、完整的个人信息；
（2）妥善保管账户信息，不得将账户出借、转让或授权他人使用；,（2）妥善保管账户信息，不得将账户出借、转让或授权他人使用；
（3）不得利用本网站从事任何违法、违规或损害他人合法权益的行为；,（3）不得利用本网站从事任何违法、违规或损害他人合法权益的行为；
（4）遵守本政策及本网站的其他规则和制度。,（4）遵守本政策及本网站的其他规则和制度。
四、服务条款,四、服务条款
"4.1 本网站提供的服务包括但不限于：商品展示、在线交易、订单管理、客户服务等。","4.1 本网站提供的服务包括但不限于：商品展示、在线交易、订单管理、客户服务等。"
"4.2 我们有权根据业务发展需要，调整、变更或终止部分或全部服务，无需事先通知您。","4.2 我们有权根据业务发展需要，调整、变更或终止部分或全部服务，无需事先通知您。"
"4.3 您理解并同意，本网站可能因系统维护、升级等原因暂停服务，我们将尽力减少对您的影响。","4.3 您理解并同意，本网站可能因系统维护、升级等原因暂停服务，我们将尽力减少对您的影响。"
"4.4 我们不对因不可抗力、网络故障、系统维护等原因导致的服务中断或数据丢失承担责任。","4.4 我们不对因不可抗力、网络故障、系统维护等原因导致的服务中断或数据丢失承担责任。"
"4.5 您在使用本网站服务时，应遵守相关法律法规，不得发布违法、虚假、侵权等信息。","4.5 您在使用本网站服务时，应遵守相关法律法规，不得发布违法、虚假、侵权等信息。"
五、退款政策,五、退款政策
"5.1 在符合法律法规和本网站规定的情况下，您可以申请退款。","5.1 在符合法律法规和本网站规定的情况下，您可以申请退款。"
"5.2 退款申请条件：","5.2 退款申请条件："
（1）商品存在质量问题或与描述不符；,（1）商品存在质量问题或与描述不符；
（2）未收到商品或商品在运输过程中损坏；,（2）未收到商品或商品在运输过程中损坏；
（3）在规定的退货期限内提出申请；,（3）在规定的退货期限内提出申请；
（4）商品保持原状，未使用、未损坏；,（4）商品保持原状，未使用、未损坏；
（5）其他符合法律法规规定的情形。,（5）其他符合法律法规规定的情形。
"5.3 退款流程：您需要在订单管理页面提交退款申请，我们将在收到申请后7个工作日内完成审核。审核通过后，退款将在3-15个工作日内原路退回。","5.3 退款流程：您需要在订单管理页面提交退款申请，我们将在收到申请后7个工作日内完成审核。审核通过后，退款将在3-15个工作日内原路退回。"
"5.4 以下情况不予退款：","5.4 以下情况不予退款："
（1）超过退货期限的商品；,（1）超过退货期限的商品；
（2）已使用、损坏或影响二次销售的商品；,（2）已使用、损坏或影响二次销售的商品；
（3）定制类商品或特殊商品；,（3）定制类商品或特殊商品；
（4）因用户原因导致的退款申请。,（4）因用户原因导致的退款申请。
六、知识产权,六、知识产权
"6.1 本网站的所有内容，包括但不限于文字、图片、音频、视频、软件、程序、版面设计等，均受知识产权法律法规保护。","6.1 本网站的所有内容，包括但不限于文字、图片、音频、视频、软件、程序、版面设计等，均受知识产权法律法规保护。"
"6.2 本网站的所有知识产权归我们或相关权利人所有，未经授权，任何人不得复制、传播、展示、镜像、上传、下载或以其他方式使用。","6.2 本网站的所有知识产权归我们或相关权利人所有，未经授权，任何人不得复制、传播、展示、镜像、上传、下载或以其他方式使用。"
"6.3 您在使用本网站服务时上传、发布的内容，您应保证拥有相应的知识产权或已获得合法授权，并授予我们在本网站范围内使用、展示、传播的权利。","6.3 您在使用本网站服务时上传、发布的内容，您应保证拥有相应的知识产权或已获得合法授权，并授予我们在本网站范围内使用、展示、传播的权利。"
"6.4 如发现本网站内容侵犯您的知识产权，请及时联系我们，我们将依法处理。","6.4 如发现本网站内容侵犯您的知识产权，请及时联系我们，我们将依法处理。"
七、免责声明,七、免责声明
"7.1 本网站不对因以下原因导致的任何损失承担责任：","7.1 本网站不对因以下原因导致的任何损失承担责任："
（1）不可抗力因素，如自然灾害、战争、罢工等；,（1）不可抗力因素，如自然灾害、战争、罢工等；
（2）网络故障、系统维护、升级等原因导致的服务中断；,（2）网络故障、系统维护、升级等原因导致的服务中断；
（3）用户违反本政策或相关法律法规导致的损失；,（3）用户违反本政策或相关法律法规导致的损失；
（4）第三方原因导致的损失；,（4）第三方原因导致的损失；
（5）其他超出我们合理控制范围的原因。,（5）其他超出我们合理控制范围的原因。
"7.2 本网站不对用户发布的信息的真实性、准确性、完整性负责，用户应自行判断并承担相应风险。","7.2 本网站不对用户发布的信息的真实性、准确性、完整性负责，用户应自行判断并承担相应风险。"
"7.3 本网站不对第三方网站的内容、服务或链接负责，您访问第三方网站的风险由您自行承担。","7.3 本网站不对第三方网站的内容、服务或链接负责，您访问第三方网站的风险由您自行承担。"
"7.4 在法律允许的范围内，我们对因使用或无法使用本网站服务而产生的任何直接、间接、偶然、特殊或后果性损失不承担责任。","7.4 在法律允许的范围内，我们对因使用或无法使用本网站服务而产生的任何直接、间接、偶然、特殊或后果性损失不承担责任。"
八、争议解决,八、争议解决
"8.1 因本政策引起的或与本政策有关的任何争议，双方应友好协商解决。","8.1 因本政策引起的或与本政策有关的任何争议，双方应友好协商解决。"
"8.2 如协商不成，任何一方均可向本网站所在地有管辖权的人民法院提起诉讼。","8.2 如协商不成，任何一方均可向本网站所在地有管辖权的人民法院提起诉讼。"
"8.3 本政策的解释权归本网站所有。","8.3 本政策的解释权归本网站所有。"
九、其他条款,九、其他条款
"9.1 本政策自发布之日起生效，并持续有效，直至被修订或终止。","9.1 本政策自发布之日起生效，并持续有效，直至被修订或终止。"
"9.2 如本政策的任何条款被认定为无效或不可执行，不影响其他条款的效力。","9.2 如本政策的任何条款被认定为无效或不可执行，不影响其他条款的效力。"
"9.3 我们保留对本政策的最终解释权，并有权根据法律法规和业务发展需要对本政策进行修订。","9.3 我们保留对本政策的最终解释权，并有权根据法律法规和业务发展需要对本政策进行修订。"
"9.4 如您对本政策有任何疑问，可通过本网站提供的联系方式与我们联系。","9.4 如您对本政策有任何疑问，可通过本网站提供的联系方式与我们联系。"
最后更新时间：,最后更新时间：
免责声明,免责声明
本免责声明说明了本网站在提供服务过程中的责任限制和免责情形。请您在使用本网站服务前仔细阅读本声明。,本免责声明说明了本网站在提供服务过程中的责任限制和免责情形。请您在使用本网站服务前仔细阅读本声明。
一、服务中断与数据丢失,一、服务中断与数据丢失
"1.1 本网站不对因以下原因导致的服务中断或数据丢失承担责任：","1.1 本网站不对因以下原因导致的服务中断或数据丢失承担责任："
（1）不可抗力因素，如自然灾害、战争、罢工、政府行为等；,（1）不可抗力因素，如自然灾害、战争、罢工、政府行为等；
（2）网络故障、系统维护、升级、故障等原因；,（2）网络故障、系统维护、升级、故障等原因；
（3）黑客攻击、病毒入侵、恶意程序等安全威胁；,（3）黑客攻击、病毒入侵、恶意程序等安全威胁；
（4）用户操作不当或违反使用规范；,（4）用户操作不当或违反使用规范；
"1.2 我们将尽力保障服务的稳定性和数据安全，但不对服务的绝对连续性、无中断性做出保证。","1.2 我们将尽力保障服务的稳定性和数据安全，但不对服务的绝对连续性、无中断性做出保证。"
二、信息内容免责,二、信息内容免责
"2.1 本网站不对用户发布的信息的真实性、准确性、完整性、合法性负责。用户应自行判断并承担相应风险。","2.1 本网站不对用户发布的信息的真实性、准确性、完整性、合法性负责。用户应自行判断并承担相应风险。"
"2.2 本网站展示的商品信息由商家提供，我们不对商品信息的真实性、准确性、完整性负责。商品的实际质量、性能、规格等以实物为准。","2.2 本网站展示的商品信息由商家提供，我们不对商品信息的真实性、准确性、完整性负责。商品的实际质量、性能、规格等以实物为准。"
"2.3 本网站可能包含第三方提供的内容或链接，我们不对第三方内容或链接的准确性、合法性、安全性负责。","2.3 本网站可能包含第三方提供的内容或链接，我们不对第三方内容或链接的准确性、合法性、安全性负责。"
三、交易风险免责,三、交易风险免责
"3.1 本网站仅为交易双方提供信息发布和交易撮合服务，不对交易双方之间的交易行为承担责任。","3.1 本网站仅为交易双方提供信息发布和交易撮合服务，不对交易双方之间的交易行为承担责任。"
"3.2 交易双方应自行承担交易风险，包括但不限于商品质量、交付、支付等风险。","3.2 交易双方应自行承担交易风险，包括但不限于商品质量、交付、支付等风险。"
"3.3 如发生交易纠纷，交易双方应自行协商解决。本网站可提供必要的协助，但不承担任何责任。","3.3 如发生交易纠纷，交易双方应自行协商解决。本网站可提供必要的协助，但不承担任何责任。"
四、第三方服务免责,四、第三方服务免责
"4.1 本网站可能使用第三方提供的服务（如支付服务、物流服务、数据分析服务等），我们不对第三方服务的质量、安全性、可靠性负责。","4.1 本网站可能使用第三方提供的服务（如支付服务、物流服务、数据分析服务等），我们不对第三方服务的质量、安全性、可靠性负责。"
"4.2 如因第三方服务导致的问题或损失，您应直接与第三方协商解决，我们可提供必要的协助。","4.2 如因第三方服务导致的问题或损失，您应直接与第三方协商解决，我们可提供必要的协助。"
五、责任限制,五、责任限制
"5.1 在法律允许的范围内，我们对因使用或无法使用本网站服务而产生的任何直接、间接、偶然、特殊或后果性损失不承担责任。","5.1 在法律允许的范围内，我们对因使用或无法使用本网站服务而产生的任何直接、间接、偶然、特殊或后果性损失不承担责任。"
"5.2 我们的责任总额不超过您因使用本网站服务而向我们支付的费用总额。","5.2 我们的责任总额不超过您因使用本网站服务而向我们支付的费用总额。"
"5.3 本免责声明不影响法律法规规定的强制性责任，也不影响因我们的故意或重大过失导致的责任。","5.3 本免责声明不影响法律法规规定的强制性责任，也不影响因我们的故意或重大过失导致的责任。"
六、用户行为免责,六、用户行为免责
"6.1 如因用户违反法律法规、本网站服务条款或使用规范导致的问题或损失，由用户自行承担责任。","6.1 如因用户违反法律法规、本网站服务条款或使用规范导致的问题或损失，由用户自行承担责任。"
"6.2 如因用户提供虚假信息、恶意操作、侵犯他人权益等行为导致的问题或损失，由用户自行承担责任，我们保留追究法律责任的权利。","6.2 如因用户提供虚假信息、恶意操作、侵犯他人权益等行为导致的问题或损失，由用户自行承担责任，我们保留追究法律责任的权利。"
七、其他,七、其他
"7.1 本免责声明构成服务条款的一部分，与服务条款具有同等法律效力。","7.1 本免责声明构成服务条款的一部分，与服务条款具有同等法律效力。"
"7.2 我们保留对本免责声明的最终解释权，并有权根据法律法规和业务发展需要对本声明进行修订。","7.2 我们保留对本免责声明的最终解释权，并有权根据法律法规和业务发展需要对本声明进行修订。"
"7.3 如本免责声明的任何条款被认定为无效或不可执行，不影响其他条款的效力。","7.3 如本免责声明的任何条款被认定为无效或不可执行，不影响其他条款的效力。"
隐私政策,隐私政策
我们非常重视您的隐私保护。本隐私政策说明了我们如何收集、使用、存储和保护您的个人信息。请您仔细阅读本政策，以了解我们对您个人信息的处理方式。,我们非常重视您的隐私保护。本隐私政策说明了我们如何收集、使用、存储和保护您的个人信息。请您仔细阅读本政策，以了解我们对您个人信息的处理方式。
一、信息收集,一、信息收集
"1.1 我们会在合法、正当、必要的前提下收集您的个人信息。我们可能收集的信息包括：","1.1 我们会在合法、正当、必要的前提下收集您的个人信息。我们可能收集的信息包括："
（1）账户信息：用户名、密码、邮箱地址、手机号码、实名认证信息等；,（1）账户信息：用户名、密码、邮箱地址、手机号码、实名认证信息等；
（2）交易信息：订单信息、支付信息、收货地址、发票信息等；,（2）交易信息：订单信息、支付信息、收货地址、发票信息等；
（3）设备信息：设备型号、操作系统、浏览器类型、IP地址、设备标识符等；,（3）设备信息：设备型号、操作系统、浏览器类型、IP地址、设备标识符等；
（4）日志信息：访问时间、访问页面、搜索关键词、点击记录等；,（4）日志信息：访问时间、访问页面、搜索关键词、点击记录等；
（5）位置信息：在您授权的情况下，我们可能收集您的地理位置信息；,（5）位置信息：在您授权的情况下，我们可能收集您的地理位置信息；
（6）其他信息：您主动提供的其他个人信息。,（6）其他信息：您主动提供的其他个人信息。
二、信息使用,二、信息使用
"2.1 我们收集信息的目的包括：","2.1 我们收集信息的目的包括："
（1）提供、维护和改进服务：处理您的订单、提供客户支持、优化用户体验；,（1）提供、维护和改进服务：处理您的订单、提供客户支持、优化用户体验；
（2）身份验证与安全：验证您的身份、保障账户安全、防范欺诈行为；,（2）身份验证与安全：验证您的身份、保障账户安全、防范欺诈行为；
（3）个性化服务：根据您的偏好提供个性化内容和推荐；,（3）个性化服务：根据您的偏好提供个性化内容和推荐；
（4）营销与推广：向您发送促销信息、活动通知（您可随时退订）；,（4）营销与推广：向您发送促销信息、活动通知（您可随时退订）；
（5）数据分析：进行统计分析，改进产品和服务质量；,（5）数据分析：进行统计分析，改进产品和服务质量；
（6）法律合规：遵守法律法规要求，配合监管机构调查。,（6）法律合规：遵守法律法规要求，配合监管机构调查。
三、信息共享与披露,三、信息共享与披露
"3.1 我们不会向第三方出售、出租或以其他方式披露您的个人信息，除非：","3.1 我们不会向第三方出售、出租或以其他方式披露您的个人信息，除非："
（1）获得您的明确同意；,（1）获得您的明确同意；
（2）法律法规规定或司法机关、行政机关依法要求提供；,（2）法律法规规定或司法机关、行政机关依法要求提供；
（3）为履行服务协议或提供服务所必需，向我们的关联公司、合作伙伴或服务提供商共享（我们要求其承担保密义务）；,（3）为履行服务协议或提供服务所必需，向我们的关联公司、合作伙伴或服务提供商共享（我们要求其承担保密义务）；
（4）在紧急情况下，为保护用户或公众的生命、财产安全；,（4）在紧急情况下，为保护用户或公众的生命、财产安全；
四、信息存储与安全,四、信息存储与安全
"4.1 我们采用行业标准的安全措施保护您的个人信息，包括但不限于数据加密、访问控制、安全审计等。","4.1 我们采用行业标准的安全措施保护您的个人信息，包括但不限于数据加密、访问控制、安全审计等。"
"4.2 您的个人信息将存储在中华人民共和国境内。如需跨境传输，我们将依法进行安全评估并获得您的同意。","4.2 您的个人信息将存储在中华人民共和国境内。如需跨境传输，我们将依法进行安全评估并获得您的同意。"
"4.3 我们仅在实现本政策所述目的所必需的期间内保留您的个人信息。超出保留期限后，我们将删除或匿名化处理您的个人信息。","4.3 我们仅在实现本政策所述目的所必需的期间内保留您的个人信息。超出保留期限后，我们将删除或匿名化处理您的个人信息。"
五、您的权利,五、您的权利
根据相关法律法规，您享有以下权利：,根据相关法律法规，您享有以下权利：
（5）复制权：您有权获取您的个人信息副本；,（5）复制权：您有权获取您的个人信息副本；
（6）投诉举报权：您有权向相关监管部门投诉举报我们的个人信息处理行为。,（6）投诉举报权：您有权向相关监管部门投诉举报我们的个人信息处理行为。
您可以通过账户设置或联系我们行使上述权利。,您可以通过账户设置或联系我们行使上述权利。
六、未成年人保护,六、未成年人保护
"6.1 我们非常重视未成年人的个人信息保护。如果您是未满18周岁的未成年人，请在您的父母或监护人的陪同下阅读本政策，并在征得您的父母或监护人同意后使用我们的服务。","6.1 我们非常重视未成年人的个人信息保护。如果您是未满18周岁的未成年人，请在您的父母或监护人的陪同下阅读本政策，并在征得您的父母或监护人同意后使用我们的服务。"
"6.2 如果我们发现自己在未事先获得可证实的父母或监护人同意的情况下收集了未成年人的个人信息，我们会设法尽快删除相关数据。","6.2 如果我们发现自己在未事先获得可证实的父母或监护人同意的情况下收集了未成年人的个人信息，我们会设法尽快删除相关数据。"
七、政策更新,七、政策更新
"7.1 我们可能会根据法律法规变化或业务需要对本隐私政策进行更新。更新后的内容将发布在本页面，并自公布之日起生效。","7.1 我们可能会根据法律法规变化或业务需要对本隐私政策进行更新。更新后的内容将发布在本页面，并自公布之日起生效。"
"7.2 如发生重大变更，我们可能会通过显著方式（如网站公告、邮件通知等）向您告知。","7.2 如发生重大变更，我们可能会通过显著方式（如网站公告、邮件通知等）向您告知。"
八、联系我们,八、联系我们
如您对本隐私政策有任何疑问、意见或建议，或需要行使您的权利，请通过本网站提供的联系方式与我们联系。我们将在合理期限内回复您的请求。,如您对本隐私政策有任何疑问、意见或建议，或需要行使您的权利，请通过本网站提供的联系方式与我们联系。我们将在合理期限内回复您的请求。
退款政策,退款政策
为了保障您的权益，我们制定了完善的退款、退货、换货政策。请您仔细阅读以下内容，了解退款条件和流程。,为了保障您的权益，我们制定了完善的退款、退货、换货政策。请您仔细阅读以下内容，了解退款条件和流程。
一、退款条件,一、退款条件
在符合以下条件的情况下，您可以申请退款：,在符合以下条件的情况下，您可以申请退款：
（3）在规定的退货期限内提出申请（通常为收到商品后7-15天内）；,（3）在规定的退货期限内提出申请（通常为收到商品后7-15天内）；
（4）商品保持原状，未使用、未损坏、未影响二次销售；,（4）商品保持原状，未使用、未损坏、未影响二次销售；
（5）提供完整的商品、包装、配件、赠品等；,（5）提供完整的商品、包装、配件、赠品等；
（6）其他符合法律法规规定的情形。,（6）其他符合法律法规规定的情形。
二、不予退款的情况,二、不予退款的情况
以下情况不予退款：,以下情况不予退款：
（3）定制类商品或特殊商品（如个性化定制、数字产品等）；,（3）定制类商品或特殊商品（如个性化定制、数字产品等）；
（4）因用户原因导致的退款申请（如选错规格、颜色等）；,（4）因用户原因导致的退款申请（如选错规格、颜色等）；
（5）特价商品、清仓商品（如商品页面明确标注不支持退货）；,（5）特价商品、清仓商品（如商品页面明确标注不支持退货）；
（6）其他不符合退款条件的情形。,（6）其他不符合退款条件的情形。
三、退款流程,三、退款流程
"3.1 提交申请：您需要在订单管理页面或联系客服提交退款申请，并提供相关证明材料（如商品照片、问题描述等）。","3.1 提交申请：您需要在订单管理页面或联系客服提交退款申请，并提供相关证明材料（如商品照片、问题描述等）。"
"3.2 审核处理：我们将在收到申请后1-3个工作日内完成审核。审核通过后，我们会通知您退货地址和注意事项。","3.2 审核处理：我们将在收到申请后1-3个工作日内完成审核。审核通过后，我们会通知您退货地址和注意事项。"
"3.3 退回商品：您需要按照要求将商品退回指定地址，并保留物流凭证。建议使用可追踪的物流方式。","3.3 退回商品：您需要按照要求将商品退回指定地址，并保留物流凭证。建议使用可追踪的物流方式。"
"3.4 确认退款：我们收到退回商品并确认无误后，将在3-15个工作日内完成退款。退款将原路退回至您的支付账户。","3.4 确认退款：我们收到退回商品并确认无误后，将在3-15个工作日内完成退款。退款将原路退回至您的支付账户。"
四、退款金额,四、退款金额
"4.1 退款金额包括：商品实际支付金额、运费（如因商品问题导致的退货，运费由我们承担）。","4.1 退款金额包括：商品实际支付金额、运费（如因商品问题导致的退货，运费由我们承担）。"
"4.2 退款金额不包括：已使用的优惠券、积分、赠品等（如赠品已使用或损坏，可能需要扣除相应费用）。","4.2 退款金额不包括：已使用的优惠券、积分、赠品等（如赠品已使用或损坏，可能需要扣除相应费用）。"
"4.3 如因用户原因导致的退货，运费由用户承担，退款金额将扣除运费。","4.3 如因用户原因导致的退货，运费由用户承担，退款金额将扣除运费。"
五、换货政策,五、换货政策
"5.1 如商品存在质量问题，您可以选择换货。换货流程与退货类似，需要提交换货申请并退回原商品。","5.1 如商品存在质量问题，您可以选择换货。换货流程与退货类似，需要提交换货申请并退回原商品。"
"5.2 换货商品需与原商品规格、型号一致。如无相同商品，我们可能建议您选择退款。","5.2 换货商品需与原商品规格、型号一致。如无相同商品，我们可能建议您选择退款。"
"5.3 换货产生的运费，如因商品质量问题，由我们承担；如因用户原因，由用户承担。","5.3 换货产生的运费，如因商品质量问题，由我们承担；如因用户原因，由用户承担。"
六、退款时效,六、退款时效
"6.1 退款申请审核：1-3个工作日；","6.1 退款申请审核：1-3个工作日；"
"6.2 商品退回确认：收到退回商品后1-2个工作日；","6.2 商品退回确认：收到退回商品后1-2个工作日；"
"6.3 退款到账：确认无误后3-15个工作日（具体到账时间以支付平台为准）。","6.3 退款到账：确认无误后3-15个工作日（具体到账时间以支付平台为准）。"
"6.4 如遇节假日或特殊情况，退款时间可能相应延长，我们会及时通知您。","6.4 如遇节假日或特殊情况，退款时间可能相应延长，我们会及时通知您。"
七、特殊说明,七、特殊说明
"7.1 数字产品、虚拟商品、服务类商品等特殊商品，如无质量问题，一般不支持退款，具体以商品页面说明为准。","7.1 数字产品、虚拟商品、服务类商品等特殊商品，如无质量问题，一般不支持退款，具体以商品页面说明为准。"
"7.2 如商品存在安全隐患或严重质量问题，我们将立即处理，不受退货期限限制。","7.2 如商品存在安全隐患或严重质量问题，我们将立即处理，不受退货期限限制。"
"7.3 如您对退款处理结果有异议，可以联系客服或通过其他渠道申诉。","7.3 如您对退款处理结果有异议，可以联系客服或通过其他渠道申诉。"
如您对退款政策有任何疑问，或需要申请退款、退货、换货，请通过本网站提供的联系方式与我们联系。我们将竭诚为您服务。,如您对退款政策有任何疑问，或需要申请退款、退货、换货，请通过本网站提供的联系方式与我们联系。我们将竭诚为您服务。
服务条款,服务条款
欢迎使用本网站服务。在使用本网站提供的服务前，请您仔细阅读本服务条款。使用本网站即表示您已充分理解并同意接受本条款的全部内容。,欢迎使用本网站服务。在使用本网站提供的服务前，请您仔细阅读本服务条款。使用本网站即表示您已充分理解并同意接受本条款的全部内容。
一、服务说明,一、服务说明
"1.1 本网站提供的服务包括但不限于：商品展示、在线交易、订单管理、客户服务、信息发布等。","1.1 本网站提供的服务包括但不限于：商品展示、在线交易、订单管理、客户服务、信息发布等。"
"1.2 我们有权根据业务发展需要，调整、变更或终止部分或全部服务，无需事先通知您。","1.2 我们有权根据业务发展需要，调整、变更或终止部分或全部服务，无需事先通知您。"
"1.3 您理解并同意，本网站可能因系统维护、升级等原因暂停服务，我们将尽力减少对您的影响。","1.3 您理解并同意，本网站可能因系统维护、升级等原因暂停服务，我们将尽力减少对您的影响。"
二、用户账户,二、用户账户
"2.1 您需要注册账户才能使用本网站的某些服务。注册时，您应提供真实、准确、完整的个人信息。","2.1 您需要注册账户才能使用本网站的某些服务。注册时，您应提供真实、准确、完整的个人信息。"
"2.2 您有责任妥善保管账户信息，不得将账户出借、转让或授权他人使用。因您保管不当导致的损失，由您自行承担。","2.2 您有责任妥善保管账户信息，不得将账户出借、转让或授权他人使用。因您保管不当导致的损失，由您自行承担。"
"2.3 如发现账户被盗用或存在安全风险，您应立即通知我们，我们将协助您采取相应措施。","2.3 如发现账户被盗用或存在安全风险，您应立即通知我们，我们将协助您采取相应措施。"
三、使用规范,三、使用规范
"3.1 您在使用本网站服务时，应遵守相关法律法规，不得利用本网站从事违法违规活动。","3.1 您在使用本网站服务时，应遵守相关法律法规，不得利用本网站从事违法违规活动。"
"3.2 您不得从事以下行为：","3.2 您不得从事以下行为："
（1）发布违法、虚假、侵权、骚扰、威胁、诽谤、色情、暴力等不当内容；,（1）发布违法、虚假、侵权、骚扰、威胁、诽谤、色情、暴力等不当内容；
（2）侵犯他人知识产权、隐私权、名誉权等合法权益；,（2）侵犯他人知识产权、隐私权、名誉权等合法权益；
（3）干扰、破坏本网站的正常运行或安全；,（3）干扰、破坏本网站的正常运行或安全；
（4）利用技术手段恶意注册、刷单、作弊等；,（4）利用技术手段恶意注册、刷单、作弊等；
（5）其他违反法律法规或本条款的行为。,（5）其他违反法律法规或本条款的行为。
"3.3 如您违反上述规定，我们有权立即终止向您提供服务，并保留追究法律责任的权利。","3.3 如您违反上述规定，我们有权立即终止向您提供服务，并保留追究法律责任的权利。"
四、商品与交易,四、商品与交易
"4.1 本网站展示的商品信息由商家提供，我们不对商品信息的真实性、准确性、完整性负责。","4.1 本网站展示的商品信息由商家提供，我们不对商品信息的真实性、准确性、完整性负责。"
"4.2 商品价格、库存等信息可能随时变动，以实际下单时的信息为准。","4.2 商品价格、库存等信息可能随时变动，以实际下单时的信息为准。"
"4.3 您在下单时，应仔细核对商品信息、价格、数量等，确认无误后再提交订单。","4.3 您在下单时，应仔细核对商品信息、价格、数量等，确认无误后再提交订单。"
"4.4 订单提交成功后，您应按照约定支付款项。如未在规定时间内支付，订单可能被自动取消。","4.4 订单提交成功后，您应按照约定支付款项。如未在规定时间内支付，订单可能被自动取消。"
五、知识产权,五、知识产权
"5.1 本网站的所有内容，包括但不限于文字、图片、音频、视频、软件、程序、版面设计等，均受知识产权法律法规保护。","5.1 本网站的所有内容，包括但不限于文字、图片、音频、视频、软件、程序、版面设计等，均受知识产权法律法规保护。"
"5.2 本网站的所有知识产权归我们或相关权利人所有，未经授权，任何人不得复制、传播、展示、镜像、上传、下载或以其他方式使用。","5.2 本网站的所有知识产权归我们或相关权利人所有，未经授权，任何人不得复制、传播、展示、镜像、上传、下载或以其他方式使用。"
"5.3 您在使用本网站服务时上传、发布的内容，您应保证拥有相应的知识产权或已获得合法授权。","5.3 您在使用本网站服务时上传、发布的内容，您应保证拥有相应的知识产权或已获得合法授权。"
六、免责声明,六、免责声明
"6.1 本网站不对因不可抗力、网络故障、系统维护等原因导致的服务中断或数据丢失承担责任。","6.1 本网站不对因不可抗力、网络故障、系统维护等原因导致的服务中断或数据丢失承担责任。"
"6.2 本网站不对用户发布的信息的真实性、准确性、完整性负责，用户应自行判断并承担相应风险。","6.2 本网站不对用户发布的信息的真实性、准确性、完整性负责，用户应自行判断并承担相应风险。"
"6.3 本网站不对第三方网站的内容、服务或链接负责，您访问第三方网站的风险由您自行承担。","6.3 本网站不对第三方网站的内容、服务或链接负责，您访问第三方网站的风险由您自行承担。"
七、争议解决,七、争议解决
"7.1 因本条款引起的或与本条款有关的任何争议，双方应友好协商解决。","7.1 因本条款引起的或与本条款有关的任何争议，双方应友好协商解决。"
"7.2 如协商不成，任何一方均可向本网站所在地有管辖权的人民法院提起诉讼。","7.2 如协商不成，任何一方均可向本网站所在地有管辖权的人民法院提起诉讼。"
八、其他,八、其他
"8.1 本条款自发布之日起生效，并持续有效，直至被修订或终止。","8.1 本条款自发布之日起生效，并持续有效，直至被修订或终止。"
"8.2 如本条款的任何条款被认定为无效或不可执行，不影响其他条款的效力。","8.2 如本条款的任何条款被认定为无效或不可执行，不影响其他条款的效力。"
"8.3 我们保留对本条款的最终解释权，并有权根据法律法规和业务发展需要对本条款进行修订。","8.3 我们保留对本条款的最终解释权，并有权根据法律法规和业务发展需要对本条款进行修订。"
示例分类,示例分类
当前页面,当前页面
了解我们,了解我们
关于我们,关于我们
职业机会,职业机会
新闻中心,新闻中心
投资者关系,投资者关系
设备与服务,设备与服务
赚钱,赚钱
在网站上销售,在网站上销售
销售您的应用,销售您的应用
成为合作伙伴,成为合作伙伴
广告,广告
自助出版,自助出版
付款产品,付款产品
商店卡,商店卡
购物积分,购物积分
货币转换器,货币转换器
礼品卡,礼品卡
需要帮助？,需要帮助？
COVID-19和网站,COVID-19和网站
您的账户,您的账户
配送率和政策,配送率和政策
退货和换货,退货和换货
管理您的内容和设备,管理您的内容和设备
帮助,帮助
法律与政策,法律与政策
微信公众号,微信公众号
微博,微博
抖音,抖音
B站,B站
小红书,小红书
关注我们,关注我们
返回顶部,返回顶部
"Weline Framework","Weline Framework"
欢迎使用WelineFramework框架！,欢迎使用WelineFramework框架！
"Weline Framework - 现代化的PHP框架","Weline Framework - 现代化的PHP框架"
"Weline, Framework, PHP","Weline, Framework, PHP"
Weline,Weline
网站Logo,网站Logo
搜索商品...,搜索商品...
切换语言,切换语言
语言,语言
切换货币,切换货币
跳转到主要内容,跳转到主要内容
选择配送地址,选择配送地址
配送至,配送至
中国大陆,中国大陆
选择分类,选择分类
全部分类,全部分类
电子产品,电子产品
服装服饰,服装服饰
家居用品,家居用品
运动户外,运动户外
图书音像,图书音像
食品饮料,食品饮料
搜索建议,搜索建议
我的,我的
我的菜单,我的菜单
账户及心愿单,账户及心愿单
我的订单,我的订单
账户设置,账户设置
简体中文,简体中文
繁體中文,繁體中文
货币,货币
ZH,ZH
语言选项,语言选项
English,English
CNY,CNY
货币选项,货币选项
账户菜单,账户菜单
"您好, 登录","您好, 登录"
退货,退货
与我的订单,与我的订单
打开购物车,打开购物车
关闭购物车,关闭购物车
总计,总计
查看购物车,查看购物车
去结算,去结算
打开所有类别菜单,打开所有类别菜单
今日特价,今日特价
"Prime Video","Prime Video"
礼品心愿单,礼品心愿单
客户服务,客户服务
更多,更多
关闭菜单,关闭菜单
分类导航,分类导航
手机通讯,手机通讯
智能手机,智能手机
功能手机,功能手机
5G手机,5G手机
折叠手机,折叠手机
手机壳,手机壳
屏幕保护膜,屏幕保护膜
充电器,充电器
数据线,数据线
移动电源,移动电源
手机耳机,手机耳机
电脑办公,电脑办公
笔记本,笔记本
游戏本,游戏本
超极本,超极本
台式机,台式机
一体机,一体机
平板电脑,平板电脑
显示器,显示器
键盘,键盘
鼠标,鼠标
摄像头,摄像头
存储设备,存储设备
智能设备,智能设备
智能手表,智能手表
运动手环,运动手环
智能音箱,智能音箱
智能照明,智能照明
智能门锁,智能门锁
智能摄像头,智能摄像头
智能家居套装,智能家居套装
可穿戴设备,可穿戴设备
影音娱乐,影音娱乐
无线耳机,无线耳机
有线耳机,有线耳机
入耳式耳机,入耳式耳机
蓝牙音响,蓝牙音响
Soundbar,Soundbar
单反相机,单反相机
微单相机,微单相机
运动相机,运动相机
游戏主机,游戏主机
游戏配件,游戏配件
男装,男装
衬衫,衬衫
T恤,T恤
Polo衫,Polo衫
长裤,长裤
短裤,短裤
外套,外套
毛衣,毛衣
皮鞋,皮鞋
运动鞋,运动鞋
皮带,皮带
手表,手表
包袋,包袋
女装,女装
连衣裙,连衣裙
上装,上装
下装,下装
半身裙,半身裙
大衣,大衣
高跟鞋,高跟鞋
平底鞋,平底鞋
靴子,靴子
手提包,手提包
斜挎包,斜挎包
首饰,首饰
童装,童装
男童装,男童装
女童装,女童装
婴儿装,婴儿装
童鞋,童鞋
童装配饰,童装配饰
校服,校服
泳装,泳装
运动服饰,运动服饰
运动装,运动装
跑步装备,跑步装备
健身服,健身服
跑鞋,跑鞋
篮球鞋,篮球鞋
户外装备,户外装备
露营装备,露营装备
家具,家具
沙发,沙发
沙发床,沙发床
餐桌,餐桌
茶几,茶几
椅子,椅子
办公椅,办公椅
床具,床具
衣柜,衣柜
书柜,书柜
家纺,家纺
床上用品,床上用品
床单被套,床单被套
枕头,枕头
被子,被子
窗帘,窗帘
毛巾,毛巾
地毯,地毯
靠垫,靠垫
厨房用品,厨房用品
锅具,锅具
刀具,刀具
餐具,餐具
杯具,杯具
收纳,收纳
厨房工具,厨房工具
小家电,小家电
装饰用品,装饰用品
墙饰,墙饰
花瓶,花瓶
灯具,灯具
镜子,镜子
绿植,绿植
2026春季新品上市,2026春季新品上市
探索最新时尚潮流,探索最新时尚潮流
立即选购,立即选购
限时特惠,限时特惠
全场满300减50,全场满300减50
查看详情,查看详情
品质生活,品质生活
精选优质好物,精选优质好物
开始探索,开始探索
上一张,上一张
下一张,下一张
第%d张,第%d张
限时特惠！全场满300减50,限时特惠！全场满300减50
剩余,剩余
天,天
时,时
分,分
秒,秒
面包屑导航,面包屑导航
"轮播产品 %d","轮播产品 %d"
加入收藏,加入收藏
加入购物车,加入购物车
热门分类,热门分类
浏览我们的商品分类,浏览我们的商品分类
服装鞋帽,服装鞋帽
家居生活,家居生活
美妆个护,美妆个护
食品生鲜,食品生鲜
母婴用品,母婴用品
图书文具,图书文具
件商品,件商品
商品分类,商品分类
清除全部,清除全部
"100 - 299 元","100 - 299 元"
价格区间,价格区间
"0 - 99 元","0 - 99 元"
"300 元以上","300 元以上"
配送方式,配送方式
"Prime 极速达","Prime 极速达"
免运费,免运费
当日/次日达,当日/次日达
品牌,品牌
颜色,颜色
黑色,黑色
白色,白色
蓝色,蓝色
用户评分,用户评分
及以上,及以上
合作品牌,合作品牌
限时活动,限时活动
活动已结束,活动已结束
安全支付,安全支付
SSL加密保护,SSL加密保护
无忧退款,无忧退款
30天无理由退货,30天无理由退货
免费配送,免费配送
满额包邮,满额包邮
全天候客服,全天候客服
7×24小时在线,7×24小时在线
SSL安全,SSL安全
数据加密传输,数据加密传输
认证商家,认证商家
正品保证,正品保证
常见问题,常见问题
如何下单购买？,如何下单购买？
您可以浏览商品，选择心仪的产品加入购物车，然后前往结算页面完成支付即可。,您可以浏览商品，选择心仪的产品加入购物车，然后前往结算页面完成支付即可。
支持哪些支付方式？,支持哪些支付方式？
我们支持支付宝、微信支付、银联卡、信用卡等多种支付方式。,我们支持支付宝、微信支付、银联卡、信用卡等多种支付方式。
多久可以收到商品？,多久可以收到商品？
一般情况下，付款后1-3个工作日发货，根据您的地址不同，快递时间为1-5天。,一般情况下，付款后1-3个工作日发货，根据您的地址不同，快递时间为1-5天。
如何申请退换货？,如何申请退换货？
收到商品7天内，如有质量问题或其他原因需要退换，请联系客服申请退换货。,收到商品7天内，如有质量问题或其他原因需要退换，请联系客服申请退换货。
如何联系客服？,如何联系客服？
您可以通过在线客服、客服电话或邮件联系我们，客服工作时间为每天9:00-21:00。,您可以通过在线客服、客服电话或邮件联系我们，客服工作时间为每天9:00-21:00。
搜索问题...,搜索问题...
公司简介,公司简介
联系我们,联系我们
加入我们,加入我们
帮助中心,帮助中心
配送说明,配送说明
退换政策,退换政策
购物指南,购物指南
如何购物,如何购物
支付方式,支付方式
售后服务,售后服务
法律条款,法律条款
使用条款,使用条款
Cookie政策,Cookie政策
我的收藏,我的收藏
地址管理,地址管理
欢迎回来,欢迎回来
登录,登录
注册,注册
欢迎光临！免费配送满,欢迎光临！免费配送满
订单跟踪,订单跟踪
收藏,收藏
菜单,菜单
美妆护肤,美妆护肤
特色推荐,特色推荐
新品上市,新品上市
品牌精选,品牌精选
热卖,热卖
新品,新品
促销活动,促销活动
示例商品名称,示例商品名称
小计,小计
配件,配件
商品,商品
新品上架,新品上架
热销商品,热销商品
特价促销,特价促销
订阅我们的邮件,订阅我们的邮件
获取最新的优惠信息和新品资讯,获取最新的优惠信息和新品资讯
请输入您的邮箱地址,请输入您的邮箱地址
订阅获取优惠,订阅获取优惠
订阅我们的邮件，立即获得10%折扣码！,订阅我们的邮件，立即获得10%折扣码！
立即订阅,立即订阅
请输入您的邮箱,请输入您的邮箱
我们不会向您发送垃圾邮件,我们不会向您发送垃圾邮件
分页导航,分页导航
第一页,第一页
最后一页,最后一页
热销产品,热销产品
最受欢迎的商品,最受欢迎的商品
"热销产品 %d","热销产品 %d"
HOT,HOT
快速查看,快速查看
已售,已售
经常一起购买,经常一起购买
"搭配产品 %d","搭配产品 %d"
总价,总价
全部加入购物车,全部加入购物车
请至少选择一个商品,请至少选择一个商品
已添加,已添加
限时抢购，错过不再,限时抢购，错过不再
"特价产品 %d","特价产品 %d"
距离结束,距离结束
立即抢购,立即抢购
推荐产品,推荐产品
为您精选的优质商品,为您精选的优质商品
"示例产品 %d","示例产品 %d"
NEW,NEW
SALE,SALE
加入对比,加入对比
暂时缺货,暂时缺货
发现最新商品,发现最新商品
"新品产品 %d","新品产品 %d"
上架,上架
查看全部新品,查看全部新品
最近浏览,最近浏览
"浏览过的产品 %d","浏览过的产品 %d"
相关产品,相关产品
"相关产品 %d","相关产品 %d"
您可能还喜欢,您可能还喜欢
"升级产品 %d","升级产品 %d"
更大容量,更大容量
更多功能,更多功能
升级版,升级版
猜你喜欢,猜你喜欢
根据您的浏览记录推荐,根据您的浏览记录推荐
"推荐产品 %d","推荐产品 %d"
匹配,匹配
热搜,热搜
"示例商品 1","示例商品 1"
"示例商品 2","示例商品 2"
"示例商品 3","示例商品 3"
去购物,去购物
夏季促销,夏季促销
导航菜单,导航菜单
浏览历史,浏览历史
账户安全,账户安全
订阅我们,订阅我们
订阅获取最新优惠信息,订阅获取最新优惠信息
请输入邮箱地址,请输入邮箱地址
我们不会分享您的邮箱地址,我们不会分享您的邮箱地址
微信扫码关注,微信扫码关注
微信二维码,微信二维码
热门标签,热门标签
耳机,耳机
相机,相机
保护壳,保护壳
蓝牙,蓝牙
音箱,音箱
路由器,路由器
分享到,分享到
邮件,邮件
复制链接,复制链接
请使用微信扫描二维码分享,请使用微信扫描二维码分享
客户评价,客户评价
看看客户怎么说,看看客户怎么说
产品质量非常好，物流速度也很快，下次还会继续购买！,产品质量非常好，物流速度也很快，下次还会继续购买！
企业客户,企业客户
客服态度很好，有问题都能及时解决，购物体验非常满意。,客服态度很好，有问题都能及时解决，购物体验非常满意。
普通用户,普通用户
价格实惠，性价比很高，已经推荐给身边的朋友了。,价格实惠，性价比很高，已经推荐给身边的朋友了。
VIP会员,VIP会员
您的浏览器不支持视频标签。,您的浏览器不支持视频标签。
视频加载中...,视频加载中...
"Weline.Api 未加载","Weline.Api 未加载"
错误,错误
个选项,个选项
无描述,无描述
色系配置,色系配置
变量配置,变量配置
该文件没有可配置的参数,该文件没有可配置的参数
激活主题,激活主题
确定要激活主题,确定要激活主题
吗？,吗？
激活后，当前主题将被替换为新主题。,激活后，当前主题将被替换为新主题。
确认激活,确认激活
激活中...,激活中...
激活失败,激活失败
激活失败，请重试,激活失败，请重试
部件无模板,部件无模板
"渲染表单失败: %{error}","渲染表单失败: %{error}"
"渲染字段失败: %{error}","渲染字段失败: %{error}"
头部部件,头部部件
底部部件,底部部件
侧栏部件,侧栏部件
内容部件,内容部件
横幅部件,横幅部件
轮播部件,轮播部件
产品部件,产品部件
分类部件,分类部件
导航部件,导航部件
搜索部件,搜索部件
社交部件,社交部件
订阅部件,订阅部件
评价部件,评价部件
FAQ部件,FAQ部件
面包屑部件,面包屑部件
分页部件,分页部件
视频部件,视频部件
其他部件,其他部件
基本信息,基本信息
样式设置,样式设置
链接配置,链接配置
高级设置,高级设置
该部件无可配置项,该部件无可配置项
"字段 ""%s"" 的值无效","字段 ""%s"" 的值无效"
编辑多语言,编辑多语言
多语言,多语言
多语言配置,多语言配置
输入简体中文值,输入简体中文值
保存多语言,保存多语言
添加项目,添加项目
暂无项目，点击下方按钮添加,暂无项目，点击下方按钮添加
"%d / %d 项","%d / %d 项"
拖拽排序,拖拽排序
设为透明,设为透明
清除,清除
明天,明天
下周,下周
"格式: %s","格式: %s"
输入自定义图标类名,输入自定义图标类名
应用,应用
点击选择图片或输入URL,点击选择图片或输入URL
从媒体库选择,从媒体库选择
上传图片,上传图片
清除图片,清除图片
图片URL,图片URL
"最大 %s KB","最大 %s KB"
"建议比例 %s","建议比例 %s"
"范围: %s - %s","范围: %s - %s"
"最小值: %s","最小值: %s"
"最大值: %s","最大值: %s"
粗体,粗体
斜体,斜体
下划线,下划线
图片,图片
源代码,源代码
测试链接,测试链接
在新窗口打开,在新窗口打开
快捷链接:,快捷链接:
Weline_Theme:主题模型获取默认主题。,Weline_Theme:主题模型获取默认主题。
保存失败：%1,保存失败：%1
布局类型不存在：%1,布局类型不存在：%1
布局选项无效：%1/%2,布局选项无效：%1/%2
"上传出错: %1","上传出错: %1"
色系文件不存在：%1,色系文件不存在：%1
"已保存 %1 个变量","已保存 %1 个变量"
"已保存 %1 个参数","已保存 %1 个参数"
"Partials 选项无效：%1/%2","Partials 选项无效：%1/%2"
"已删除 %1 个孤儿部件","已删除 %1 个孤儿部件"
"已保存 %1 语言的配置","已保存 %1 语言的配置"
"已保存为 %1","已保存为 %1"
"已备份为 %1","已备份为 %1"
"渲染表单失败: %1","渲染表单失败: %1"
"渲染字段失败: %1","渲染字段失败: %1"
默认值：%1,默认值：%1
主题：%1,主题：%1
版本,版本
"主题 ID 不能为空","主题 ID 不能为空"
已成功恢复到原始布局,已成功恢复到原始布局
恢复原始布局失败,恢复原始布局失败
"恢复失败: %1","恢复失败: %1"
恢复到已发布的原始布局（清除当前所有草稿修改）,恢复到已发布的原始布局（清除当前所有草稿修改）
首页布局,首页布局
分类页布局,分类页布局
产品页布局,产品页布局
CMS页布局,CMS页布局
部件元数据不存在,部件元数据不存在
"拖入 Logo","拖入 Logo"
搜索框,搜索框
拖入搜索框,拖入搜索框
用户区,用户区
拖入用户部件,拖入用户部件
拖入导航菜单,拖入导航菜单
"拖拽 Banner/轮播 部件到此处","拖拽 Banner/轮播 部件到此处"
拖拽侧栏部件,拖拽侧栏部件
内容区,内容区
拖拽内容部件到此处,拖拽内容部件到此处
链接区,链接区
拖入链接部件,拖入链接部件
拖入订阅,拖入订阅
拖入社交,拖入社交
支付,支付
拖入支付,拖入支付
拖入版权,拖入版权
产品列表,产品列表
"拖拽 Header 部件到此处","拖拽 Header 部件到此处"
"拖拽 Banner 部件到此处","拖拽 Banner 部件到此处"
"拖拽 Footer 部件到此处","拖拽 Footer 部件到此处"
部件不存在或无模板,部件不存在或无模板
拖拽部件到此处,拖拽部件到此处
返回编辑器选择一个主题进行预览,返回编辑器选择一个主题进行预览
"Header 区域","Header 区域"
"Banner 区域","Banner 区域"
"Content 区域","Content 区域"
"Footer 区域","Footer 区域"
欢迎来到我们的网站,欢迎来到我们的网站
这是一个功能强大、设计精美的电商平台，为您提供优质的产品和服务体验。,这是一个功能强大、设计精美的电商平台，为您提供优质的产品和服务体验。
核心功能,核心功能
便捷购物,便捷购物
简单易用的购物流程，让您轻松选购心仪商品,简单易用的购物流程，让您轻松选购心仪商品
快速配送,快速配送
高效的物流系统，确保商品快速送达您的手中,高效的物流系统，确保商品快速送达您的手中
多种支付方式，保障您的资金安全,多种支付方式，保障您的资金安全
优质服务,优质服务
专业的客服团队，为您提供贴心的服务支持,专业的客服团队，为您提供贴心的服务支持
开始您的购物之旅,开始您的购物之旅
浏览我们的产品目录，发现更多精彩商品,浏览我们的产品目录，发现更多精彩商品
浏览商品,浏览商品
管理系统中的主题，可以激活主题、配置布局和部件。,管理系统中的主题，可以激活主题、配置布局和部件。
主题名称,主题名称
父级主题,父级主题
模块名,模块名
路径,路径
状态,状态
操作,操作
主题激活,主题激活
正在加载主题信息...,正在加载主题信息...
主题已成功激活，页面将自动刷新以应用新主题。,主题已成功激活，页面将自动刷新以应用新主题。
刷新页面,刷新页面
主题激活失败，请重试。,主题激活失败，请重试。
正在加载配置...,正在加载配置...
Meta配置,Meta配置
正在刷新预览...,正在刷新预览...
确认恢复原始布局？,确认恢复原始布局？
此操作将清除当前所有未发布的修改，恢复到已发布的原始布局。此操作不可撤销。,此操作将清除当前所有未发布的修改，恢复到已发布的原始布局。此操作不可撤销。
确认恢复,确认恢复
正在恢复原始布局...,正在恢复原始布局...
恢复失败,恢复失败
加载配置失败,加载配置失败
加载主题信息失败,加载主题信息失败
正在加载翻译...,正在加载翻译...
加载翻译失败,加载翻译失败
目标语言代码,目标语言代码
"填写要翻译到的语言代码，例如 zh_Hans_CN / en_US / es_ES 等。","填写要翻译到的语言代码，例如 zh_Hans_CN / en_US / es_ES 等。"
该组件未定义可配置参数。,该组件未定义可配置参数。
当前语言,当前语言
该参数支持多语言翻译,该参数支持多语言翻译
当前已激活,当前已激活
父主题,父主题
后端预览,后端预览
预览时自动登录测试账户,预览时自动登录测试账户
主题色系切换,主题色系切换
亮色主题,亮色主题
暗色主题,暗色主题
配置,配置
设备选择,设备选择
"电脑 (1920x1080)","电脑 (1920x1080)"
激活此主题后，当前激活的主题将被取消激活。,激活此主题后，当前激活的主题将被取消激活。
此主题当前已激活。,此主题当前已激活。
加载时间较长，可能是主题包含海外跨境请求的资源，请开启VPN或调整主题资源，以加快主题访问。,加载时间较长，可能是主题包含海外跨境请求的资源，请开启VPN或调整主题资源，以加快主题访问。
加载时间过长，请检查网络连接或预览URL,加载时间过长，请检查网络连接或预览URL
加载失败，请检查预览URL是否正确,加载失败，请检查预览URL是否正确
无法打开全屏预览窗口，请检查浏览器是否阻止了弹窗,无法打开全屏预览窗口，请检查浏览器是否阻止了弹窗
请先选择需要配置的主题,请先选择需要配置的主题
"当前 Scope","当前 Scope"
"格式示例：frontend/default 或 frontend/store1","格式示例：frontend/default 或 frontend/store1"
"布局 Meta 配置","布局 Meta 配置"
该主题暂无色系选项,该主题暂无色系选项
色系预览,色系预览
切换色系后即刻更新页面样式,切换色系后即刻更新页面样式
该主题暂无部件选项,该主题暂无部件选项
部件预览,部件预览
选中不同部件组合，右侧实时渲染效果,选中不同部件组合，右侧实时渲染效果
样式变量配置,样式变量配置
该主题暂无样式变量选项,该主题暂无样式变量选项
变量预览,变量预览
勾选的变量将在预览中即时体现,勾选的变量将在预览中即时体现
组件列表,组件列表
该主题暂无组件,该主题暂无组件
组件内容将嵌入预览页，便于快速确认样式,组件内容将嵌入预览页，便于快速确认样式
"格式示例：backend/default 或 backend/store1","格式示例：backend/default 或 backend/store1"
后台色系调整后立即刷新右侧预览,后台色系调整后立即刷新右侧预览
后台部件切换后即刻同步到右侧预览,后台部件切换后即刻同步到右侧预览
变量调整后立即渲染到预览区,变量调整后立即渲染到预览区
后台组件效果会立即应用到此预览区,后台组件效果会立即应用到此预览区
请允许弹出窗口以进行全屏预览,请允许弹出窗口以进行全屏预览
参数翻译,参数翻译
在页头显示汉堡菜单按钮，允许其他模块实现自定义的汉堡菜单。如果没有提供内容，将显示默认的汉堡菜单按钮。,在页头显示汉堡菜单按钮，允许其他模块实现自定义的汉堡菜单。如果没有提供内容，将显示默认的汉堡菜单按钮。
"在页头导航栏中显示导航链接（如今日特价、Prime Video等），允许其他模块实现自定义的导航链接。如果没有提供内容，将显示默认的导航链接。","在页头导航栏中显示导航链接（如今日特价、Prime Video等），允许其他模块实现自定义的导航链接。如果没有提供内容，将显示默认的导航链接。"
"基础布局 HTML 语言属性","基础布局 HTML 语言属性"
"在渲染基础布局的 <html> 标签的 lang 属性时触发，允许其他模块自定义语言代码。此 hook 适用于所有使用基础布局的页面。默认返回当前语言代码。","在渲染基础布局的 <html> 标签的 lang 属性时触发，允许其他模块自定义语言代码。此 hook 适用于所有使用基础布局的页面。默认返回当前语言代码。"
"基础布局 HTML 语言属性结束","基础布局 HTML 语言属性结束"
"在渲染基础布局的 <html> 标签的 lang 属性之后触发，允许其他模块在 lang 属性后注入额外内容。此 hook 适用于所有使用基础布局的页面。","在渲染基础布局的 <html> 标签的 lang 属性之后触发，允许其他模块在 lang 属性后注入额外内容。此 hook 适用于所有使用基础布局的页面。"
"首页布局 HTML 语言属性结束","首页布局 HTML 语言属性结束"
"在渲染首页布局的 <html> 标签的 lang 属性之后触发，允许其他模块在 lang 属性后注入额外内容。此 hook 仅适用于首页布局。","在渲染首页布局的 <html> 标签的 lang 属性之后触发，允许其他模块在 lang 属性后注入额外内容。此 hook 仅适用于首页布局。"
确定要重置所有变量为默认值吗？,确定要重置所有变量为默认值吗？
确定要重置所有参数为默认值吗？,确定要重置所有参数为默认值吗？
"NEW COLLECTION","NEW COLLECTION"
"Shop Now","Shop Now"
更多链接,更多链接
图书,图书
"LayoutAssetsExtractor: 收集CSS/JS - area: %{1}, layoutType: %{2}, layoutOption: %{3}, isPartial: %{4}, isLayout: %{5}, isTemplate: %{6}, 文件: %{7}","LayoutAssetsExtractor: 收集CSS/JS - area: %{1}, layoutType: %{2}, layoutOption: %{3}, isPartial: %{4}, isLayout: %{5}, isTemplate: %{6}, 文件: %{7}"
"LayoutAssetsExtractor: 无法获取激活主题","LayoutAssetsExtractor: 无法获取激活主题"
"LayoutAssetsExtractor: 提取 partials 文件失败（可能包含PHP代码）: %{1} - %{2}","LayoutAssetsExtractor: 提取 partials 文件失败（可能包含PHP代码）: %{1} - %{2}"
"布局资源提取失败\n\n位置信息：\n  模板文件: %{1}\n  错误类型: %{2}\n\n错误详情：\n%{3}%{4}\n调用堆栈：\n  %{5}","布局资源提取失败\n\n位置信息：\n  模板文件: %{1}\n  错误类型: %{2}\n\n错误详情：\n%{3}%{4}\n调用堆栈：\n  %{5}"
"LayoutAssetsGenerator: 没有收集的CSS/JS数据，跳过处理","LayoutAssetsGenerator: 没有收集的CSS/JS数据，跳过处理"
"LayoutAssetsGenerator: 收集的布局数量 - %{1}","LayoutAssetsGenerator: 收集的布局数量 - %{1}"
"LayoutAssetsGenerator: 查找布局资源 - assetKey: %{1}, 可用keys: %{2}","LayoutAssetsGenerator: 查找布局资源 - assetKey: %{1}, 可用keys: %{2}"
"LayoutAssetsGenerator: 未找到对应的布局资源数据 - %{1}","LayoutAssetsGenerator: 未找到对应的布局资源数据 - %{1}"
"严重错误：%{1}内容中包含PHP代码，禁止提取\n\n位置信息：\n  参与提取的文件:\n  %{2}\n\n错误说明：\n  布局%{1}文件必须是纯%{1}，不能包含任何PHP代码。\n\n解决方案：\n  1. 如果%{2}标签包含PHP代码，请添加 data-no-extract=""true"" 属性\n  2. 使用CSS变量：在模板中定义CSS变量，然后在CSS中使用 var()\n  3. 将动态值通过PHP变量注入到CSS变量中，而不是直接在CSS中写PHP代码","严重错误：%{1}内容中包含PHP代码，禁止提取\n\n位置信息：\n  参与提取的文件:\n  %{2}\n\n错误说明：\n  布局%{1}文件必须是纯%{1}，不能包含任何PHP代码。\n\n解决方案：\n  1. 如果%{2}标签包含PHP代码，请添加 data-no-extract=""true"" 属性\n  2. 使用CSS变量：在模板中定义CSS变量，然后在CSS中使用 var()\n  3. 将动态值通过PHP变量注入到CSS变量中，而不是直接在CSS中写PHP代码"
"LayoutAssetsGenerator: 检测到CSS URL在内容中 - %{1}","LayoutAssetsGenerator: 检测到CSS URL在内容中 - %{1}"
"LayoutAssetsGenerator: 检测到布局CSS注释和link标签","LayoutAssetsGenerator: 检测到布局CSS注释和link标签"
"LayoutAssetsGenerator: 检测到布局CSS路径在link标签中 - %{1}","LayoutAssetsGenerator: 检测到布局CSS路径在link标签中 - %{1}"
手机配件,手机配件
键盘鼠标,键盘鼠标
智能家居,智能家居
音响,音响
游戏设备,游戏设备
裤子,裤子
鞋子,鞋子
配饰,配饰
女鞋,女鞋
包包,包包
男童,男童
女童,女童
婴儿,婴儿
桌子,桌子
厨具,厨具
搜索菜单,搜索菜单
搜索菜单...,搜索菜单...
常用菜单,常用菜单
搜索结果,搜索结果
最近访问,最近访问
访问最多,访问最多
布局预设配置包,布局预设配置包
选择布局预设,选择布局预设
浅色侧边栏,浅色侧边栏
图标侧边栏,图标侧边栏
紧凑侧边栏,紧凑侧边栏
水平布局,水平布局
水平布局（深色顶部栏）,水平布局（深色顶部栏）
水平布局（盒装宽度）,水平布局（盒装宽度）
盒装布局,盒装布局
选择预设后，将自动配置所有相关布局选项,选择预设后，将自动配置所有相关布局选项
主题颜色,主题颜色
选择主题模式,选择主题模式
明亮模式,明亮模式
暗黑模式,暗黑模式
RTL模式,RTL模式
个人中心,个人中心
产品详情,产品详情
使用指南,使用指南
在线客服,在线客服
意见反馈,意见反馈
点击色系盘选择色系，选中的色系将应用到当前主题,点击色系盘选择色系，选中的色系将应用到当前主题
使用默认,使用默认
为该目录设置默认布局,为该目录设置默认布局
输入目录描述信息,输入目录描述信息
仪表盘,仪表盘
前端布局头部之前（Base通用）,前端布局头部之前（Base通用）
"在所有前端布局的 <head> 标签之前触发，允许其他模块在头部开始处注入内容。这是一个通用的 base hook，适用于所有前端布局。","在所有前端布局的 <head> 标签之前触发，允许其他模块在头部开始处注入内容。这是一个通用的 base hook，适用于所有前端布局。"
前端布局头部之后（Base通用）,前端布局头部之后（Base通用）
"在所有前端布局的 <head> 标签之后触发，允许其他模块在头部结束处注入内容。这是一个通用的 base hook，适用于所有前端布局。","在所有前端布局的 <head> 标签之后触发，允许其他模块在头部结束处注入内容。这是一个通用的 base hook，适用于所有前端布局。"
前端布局头部之前（通用）,前端布局头部之前（通用）
"在所有前端布局的 <head> 标签之前触发，允许其他模块在头部开始处注入内容。这是一个通用的 hook，适用于所有前端布局。","在所有前端布局的 <head> 标签之前触发，允许其他模块在头部开始处注入内容。这是一个通用的 hook，适用于所有前端布局。"
前端布局头部之后（通用）,前端布局头部之后（通用）
"在所有前端布局的 <head> 标签之后触发，允许其他模块在头部结束处注入内容。这是一个通用的 hook，适用于所有前端布局。","在所有前端布局的 <head> 标签之后触发，允许其他模块在头部结束处注入内容。这是一个通用的 hook，适用于所有前端布局。"
"  主题目录：%{1}","  主题目录：%{1}"
"  默认模板：%{1}","  默认模板：%{1}"
"1. 运行 php bin/w module:install 安装主题","1. 运行 php bin/w module:install 安装主题"
"2. 运行 php bin/w theme:activate %{1} 激活主题","2. 运行 php bin/w theme:activate %{1} 激活主题"
"  %{1}. %{2}","  %{1}. %{2}"
"  - 主题已在数据库中注册","  - 主题已在数据库中注册"
"  - 主题目录已存在: %{1}","  - 主题目录已存在: %{1}"
"配置已保存，您可以稍后使用 php bin/w theme:create %{1} 继续操作","配置已保存，您可以稍后使用 php bin/w theme:create %{1} 继续操作"
"运行 php bin/w theme:create <主题名> 可进入二次操作模式","运行 php bin/w theme:create <主题名> 可进入二次操作模式"
"  %{1}. %{2} %{3}","  %{1}. %{2} %{3}"
"  - %{1}","  - %{1}"
"  输入序号：选择已存在的主题进行操作","  输入序号：选择已存在的主题进行操作"
"  输入 new：创建新主题","  输入 new：创建新主题"
"  输入 0 或直接回车：创建新主题","  输入 0 或直接回车：创建新主题"
"register.php 文件格式不正确，缺少 Register::register 调用","register.php 文件格式不正确，缺少 Register::register 调用"
"请指定要删除的主题，示例：php bin/w theme:remove Weline_Default","请指定要删除的主题，示例：php bin/w theme:remove Weline_Default"
" 主题更新..."," 主题更新..."
主题{$action_string}完成!,主题{$action_string}完成!
主题{$action_string}异常!,主题{$action_string}异常!
"© ","© "
"请提供主题名称！使用 -n/--name 参数或直接作为第一个参数提供。","请提供主题名称！使用 -n/--name 参数或直接作为第一个参数提供。"
"主题 ""%{1}"" 已存在！请使用其他名称。","主题 ""%{1}"" 已存在！请使用其他名称。"
"主题目录 ""%{1}"" 已存在！","主题目录 ""%{1}"" 已存在！"
招聘信息,招聘信息
配送信息,配送信息
退换货政策,退换货政策
法律信息,法律信息
"Weline Framework. 保留所有权利","Weline Framework. 保留所有权利"
编译资源,编译资源
主题不存在！请选择有效的主题。,主题不存在！请选择有效的主题。
