source_id与parent_source不能相同！,source_id与parent_source不能相同！
系统正在升级，请稍后再试。,"System is being upgraded, please try again later."
请先登录,"Please login first"
调试信息,调试信息
调试位置,调试位置
调用位置,调用位置
调试内容,调试内容
系统加载错误：%{1},系统加载错误：%{1}
"运行失败： 非站点运行用户禁止执行！请前往 %{1} 配置user键指定网站运行用户。示例'user'=>'www'。","运行失败： 非站点运行用户禁止执行！请前往 %{1} 配置user键指定网站运行用户。示例'user'=>'www'。"
"运行失败： 非站点运行用户禁止执行！请检查当前用户：%{1} 是否与站点运行用户：%{2} 相同！","运行失败： 非站点运行用户禁止执行！请检查当前用户：%{1} 是否与站点运行用户：%{2} 相同！"
错误：%{1},错误：%{1}
开始,开始
结束,结束
无法读取模块配置文件：%{1}。错误：%{2}。请检查文件权限或是否被其他程序占用。,无法读取模块配置文件：%{1}。错误：%{2}。请检查文件权限或是否被其他程序占用。
"模块配置文件读取权限被拒绝：%{1}。\n\n可能的原因：\n1. 文件被其他程序（编辑器、杀毒软件等）锁定\n2. Web服务器进程没有读取权限\n3. 文件系统权限设置不正确\n\n解决方案：\n1. 关闭可能锁定该文件的程序\n2. 检查文件权限，确保Web服务器进程有读取权限\n3. 以管理员身份运行Web服务器","模块配置文件读取权限被拒绝：%{1}。\n\n可能的原因：\n1. 文件被其他程序（编辑器、杀毒软件等）锁定\n2. Web服务器进程没有读取权限\n3. 文件系统权限设置不正确\n\n解决方案：\n1. 关闭可能锁定该文件的程序\n2. 检查文件权限，确保Web服务器进程有读取权限\n3. 以管理员身份运行Web服务器"
"exec() 函数需要解禁: 请到 php.ini 中找到 disable_function 删除 exec","exec() 函数需要解禁: 请到 php.ini 中找到 disable_function 删除 exec"
致命错误：,致命错误：
文件：,文件：
行数：,行数：
消息：,消息：
系统SERVER缺少key：%{1},系统SERVER缺少key：%{1}
系统错误：%{1},系统错误：%{1}
模块缓存清理中...,模块缓存清理中...
模块缓存,模块缓存
框架缓存清理中...,框架缓存清理中...
框架缓存,框架缓存
没有任何类型的缓存需要清理！,没有任何类型的缓存需要清理！
"%{1} 清理完成","%{1} 清理完成"
"📊 缓存类: %{1} 个","📊 缓存类: %{1} 个"
"📁 缓存文件: %{1} 个","📁 缓存文件: %{1} 个"
"💾 缓存项: %{1} 个","💾 缓存项: %{1} 个"
"🗂️  释放空间: %{1}","🗂️  释放空间: %{1}"
"%{1} 无需清理","%{1} 无需清理"
缓存清理完成！,缓存清理完成！
"📊 总计缓存类: %{1} 个","📊 总计缓存类: %{1} 个"
"📁 总计缓存文件: %{1} 个","📁 总计缓存文件: %{1} 个"
"💾 总计缓存项: %{1} 个","💾 总计缓存项: %{1} 个"
"🗂️  总计释放空间: %{1}","🗂️  总计释放空间: %{1}"
所有缓存都是最新的，无需清理,所有缓存都是最新的，无需清理
"缓存目录不存在: %{1}","缓存目录不存在: %{1}"
没有找到需要清理的缓存目录,没有找到需要清理的缓存目录
过期缓存清理中...,过期缓存清理中...
"清理 %{1} 缓存失败: %{2}","清理 %{1} 缓存失败: %{2}"
过期缓存清理完成！,过期缓存清理完成！
"📁 清理文件: %{1} 个","📁 清理文件: %{1} 个"
"📊 处理目录: %{1} 个","📊 处理目录: %{1} 个"
没有发现过期的缓存文件,没有发现过期的缓存文件
"清理过程中出现 %{1} 个错误:","清理过程中出现 %{1} 个错误:"
缓存刷新。清理掉过期的缓存文件。,缓存刷新。清理掉过期的缓存文件。
缓存已清理！,缓存已清理！
不存在的缓存标识：,不存在的缓存标识：
缓存状态总览,缓存状态总览
"📱 模块缓存","📱 模块缓存"
"🔧 框架缓存","🔧 框架缓存"
"📊 总体统计","📊 总体统计"
"📁 缓存目录位置: %{1}","📁 缓存目录位置: %{1}"
总缓存数,总缓存数
已启用,已启用
已禁用,已禁用
总占用空间,总占用空间
指定缓存状态,指定缓存状态
未找到的缓存标识:,未找到的缓存标识:
标识,标识
状态,Status
占用空间,占用空间
可清理,可清理
描述,Description
启用,Enable
禁用,Disable
缓存标识,缓存标识
可清理空间,可清理空间
文件数量,文件数量
"缓存状态。[enable/disable]:开启/关闭 [identify...]:缓存识别名","缓存状态。[enable/disable]:开启/关闭 [identify...]:缓存识别名"
开始清理拓展全页缓存：,开始清理拓展全页缓存：
模块,模块
不存在！,不存在！
"已清理 %{1} 个模块的模板缓存","已清理 %{1} 个模块的模板缓存"
没有需要清理的模板缓存,没有需要清理的模板缓存
清理完成：%{1},清理完成：%{1}
请指定memcached的配置项，示例：%{1},请指定memcached的配置项，示例：%{1}
"framework.view.block.class_not_found %{1}","framework.view.block.class_not_found %{1}"
调试输出,调试输出
调用栈信息,调用栈信息
文件,文件
类,类
函数,函数
数据内容,数据内容
对象类型,对象类型
执行时间,执行时间
毫秒,毫秒
秒,秒
源数据,源数据
"调试输出 (d函数)","调试输出 (d函数)"
"调试输出 (dd函数) - 将终止执行","调试输出 (dd函数) - 将终止执行"
程序已终止,程序已终止
"调试输出 (w函数)","调试输出 (w函数)"
轻量级调试输出,轻量级调试输出
调用方法,调用方法
调用函数,调用函数
快速调试输出,快速调试输出
彩色调试输出,彩色调试输出
表格调试输出,表格调试输出
数据为空,数据为空
JSON调试输出,JSON调试输出
JSON编码失败,JSON编码失败
性能监控,性能监控
SQL调试输出,SQL调试输出
执行命令：,执行命令：
命令查找功能,命令查找功能
用法,用法
说明,说明
直接输入关键词即可在命令名称、描述中搜索,直接输入关键词即可在命令名称、描述中搜索
示例,示例
"搜索包含 ""cache"" 的命令","搜索包含 ""cache"" 的命令"
"搜索包含 ""module"" 的命令","搜索包含 ""module"" 的命令"
"搜索描述中包含 ""清理"" 的命令","搜索描述中包含 ""清理"" 的命令"
"没有找到包含 ""%{1}"" 的命令","没有找到包含 ""%{1}"" 的命令"
"💡 提示：尝试使用更短的关键词，或使用命令的一部分进行搜索","💡 提示：尝试使用更短的关键词，或使用命令的一部分进行搜索"
"搜索 ""%{1}"" 找到 %{2} 个命令","搜索 ""%{1}"" 找到 %{2} 个命令"
没有找到匹配的命令,没有找到匹配的命令
"🎯 找到以下匹配的命令","🎯 找到以下匹配的命令"
"💡 提示：可以使用短命令形式，如 u:r 匹配 user:reset:password","💡 提示：可以使用短命令形式，如 u:r 匹配 user:reset:password"
命令,命令
简述,简述
获取命令帮助信息失败,获取命令帮助信息失败
使用方法,使用方法
选项,选项
参数,参数
安装模式：扫描所有模块命令（包括未激活的模块）,安装模式：扫描所有模块命令（包括未激活的模块）
所有命令已更新！,所有命令已更新！
"命令类：%{1} 必须继承：%{2}","命令类：%{1} 必须继承：%{2}"
"无法注册命令别名：%{1} - %{2}","无法注册命令别名：%{1} - %{2}"
请指定设置类型:,请指定设置类型:
请指定设置类型：%{1},请指定设置类型：%{1}
错误的设置类型：%{1},错误的设置类型：%{1}
"请设置类型 %{1} 的值","请设置类型 %{1} 的值"
"类型 %{1} 的值仅接受：0或1","类型 %{1} 的值仅接受：0或1"
"类型 %{1} 设置为：%{1}","类型 %{1} 设置为：%{1}"
设置静态文件是否末尾添加随机字符，以保证浏览器不缓存文件而得到实时响应修改。接受值：0或1,设置静态文件是否末尾添加随机字符，以保证浏览器不缓存文件而得到实时响应修改。接受值：0或1
"当前部署模式为prod(生产模式)，请谨慎操作！你确认要切换到 %{1} 模式么？","当前部署模式为prod(生产模式)，请谨慎操作！你确认要切换到 %{1} 模式么？"
已为您取消操作！,已为您取消操作！
命令行信息不存在,命令行信息不存在
正在美化代码...,正在美化代码...
代码美化完成...,代码美化完成...
未开启代码美化工具。,未开启代码美化工具。
成功关闭随机静态文件版本号！,成功关闭随机静态文件版本号！
成功开启随机静态文件版本号！,成功开启随机静态文件版本号！
开始预编译反射元数据与编译型工厂...,开始预编译反射元数据与编译型工厂...
没有找到活跃的模块,没有找到活跃的模块
反射元数据与编译型工厂预编译完成！,反射元数据与编译型工厂预编译完成！
"反射元数据类数: %{1}","反射元数据类数: %{1}"
"热点类数（正则发现）: %{1}","热点类数（正则发现）: %{1}"
"编译工厂数: %{1}","编译工厂数: %{1}"
"跳过类数: %{1}（使用 -v 查看详情）","跳过类数: %{1}（使用 -v 查看详情）"
"输出文件: %{1}","输出文件: %{1}"
"编译工厂: %{1}","编译工厂: %{1}"
"预编译反射元数据（加速 ObjectManager 依赖注入）","预编译反射元数据（加速 ObjectManager 依赖注入）"
显示详细编译信息,显示详细编译信息
显示帮助信息,显示帮助信息
基本用法,基本用法
详细模式,详细模式
不存在的编译资源类型：%{1}，支持的资源类型：%{2},不存在的编译资源类型：%{1}，支持的资源类型：%{2}
开始编译静态资源...,开始编译静态资源...
编译中...,编译中...
静态资源编译完成！,静态资源编译完成！
"%{1} 编译完成","%{1} 编译完成"
"未找到资源类型 %{1} 的编译器","未找到资源类型 %{1} 的编译器"
"编译 %{1} 时出错：%{2}","编译 %{1} 时出错：%{2}"
"编译 weline.modules.js 模块配置文件","编译 weline.modules.js 模块配置文件"
"编译 Less 样式文件","编译 Less 样式文件"
"编译静态资源（weline.modules.js、less 等）","编译静态资源（weline.modules.js、less 等）"
可选，指定要编译的资源类型（welineModules、less）。如果不指定，将编译所有资源类型。,可选，指定要编译的资源类型（welineModules、less）。如果不指定，将编译所有资源类型。
编译所有资源,编译所有资源
"只编译 weline.modules.js","只编译 weline.modules.js"
"只编译 less","只编译 less"
使用别名,使用别名
查询成功,查询成功
查询失败：%{1},查询失败：%{1}
未知,未知
环境管理,"Environment Manager"
参数不完整,"Missing parameters"
"扩展 %{name} 安装成功","Extension %{name} installed"
"扩展 %{name} 安装失败","Extension %{name} install failed"
请先安装对应扩展，函数自动可用,"Install the extension first, function will be available"
"未知类型: %{type}","Unknown type: %{type}"
"已重置所有安装记录，下次 env:install 将重新尝试","All records reset, next env:install will retry"
"从 https://pecl.php.net 或 https://windows.php.net/downloads/pecl/ 下载 php_%{ext}.dll","Download php_%{ext}.dll from https://pecl.php.net or https://windows.php.net/downloads/pecl/"
"放入 PHP 的 ext 目录: %{dir}","Place into PHP ext dir: %{dir}"
"在 php.ini 中添加: extension=%{ext}","Add to php.ini: extension=%{ext}"
"重启 PHP 服务","Restart PHP service"
"或: sudo apt-get install -y php-%{ext}","Or: sudo apt-get install -y php-%{ext}"
"或: sudo dnf install -y php-%{ext}","Or: sudo dnf install -y php-%{ext}"
请求异常！,请求异常！
消息,消息
数据,数据
进程管理器清理任务,"Process manager cleanup task"
"清理已不存活进程的索引与 PID 文件，以及 %{1} 天前的生命周期日志。","Clean index and PID files of dead processes and lifecycle logs older than %{1} days."
执行频率：每日一次。,"Runs once daily."
进程管理器清理完成。,"Process manager cleanup completed."
"日志行清理: %{1}","Log lines removed: %{1}"
"陈旧索引项: %{1}","Stale index entries removed: %{1}"
"陈旧 PID 文件: %{1}","Stale PID files removed: %{1}"
"遗留 .pid 文件: %{1}","Legacy .pid files removed: %{1}"
模型文件路径错误，无法确定数据库配置信息,模型文件路径错误，无法确定数据库配置信息
"请配置主数据库配置信息,或者主数据库配置信息设置错误","请配置主数据库配置信息,或者主数据库配置信息设置错误"
无法创建查询对象，数据库连接可能未正确初始化,无法创建查询对象，数据库连接可能未正确初始化
保存数据出错!,保存数据出错!
"消息: %{1}","消息: %{1}"
"预编译SQL: %{1}","预编译SQL: %{1}"
"执行SQL: %{1}","执行SQL: %{1}"
分页超过每页限制大小！限制每页大小：%{1},分页超过每页限制大小！限制每页大小：%{1}
上一页,Previous
下一页,Next
首页,Home
最后一页,最后一页
"一共 %{1} 页","一共 %{1} 页"
请输入页码,请输入页码
跳转页,跳转页
不支持的查询类型：%{1},不支持的查询类型：%{1}
插入的数据记录中不允许同时存在有主键和无主键的情况！,插入的数据记录中不允许同时存在有主键和无主键的情况！
请设置更新条件,请设置更新条件
更新条数大于一条时请使用示例更新,更新条数大于一条时请使用示例更新
没有要更新的字段,没有要更新的字段
"驱动不存在：%{1},可用驱动列表：%{2}，更多驱动配置请转到php.ini中开启。","驱动不存在：%{1},可用驱动列表：%{2}，更多驱动配置请转到php.ini中开启。"
"MySQL 版本校验未通过（连接已建立，升级可继续）：%{1}","MySQL 版本校验未通过（连接已建立，升级可继续）：%{1}"
没有指定table表名！,没有指定table表名！
"MySQL 单条 SQL 绑定参数数量（%{1}）超过方言安全阈值（%{2}）。请减少单次批量写入的记录数或改为分批写入。","MySQL 单条 SQL 绑定参数数量（%{1}）超过方言安全阈值（%{2}）。请减少单次批量写入的记录数或改为分批写入。"
表名不能为空,表名不能为空
表名格式错误：%{1},表名格式错误：%{1}
"Where查询异常：%{1},%{2},%{3}","Where查询异常：%{1},%{2},%{3}"
"当前错误的条件操作符：%{1} ,当前的条件数组：%{2}, 允许的条件符：%{3}","当前错误的条件操作符：%{1} ,当前的条件数组：%{2}, 允许的条件符：%{3}"
"不支持的清理类型：%{1} 支持的初始化类型：%{2}","不支持的清理类型：%{1} 支持的初始化类型：%{2}"
请先指定要操作的表，表名不能为空!,请先指定要操作的表，表名不能为空!
"：此索引的column需要array类型,当前类型","：此索引的column需要array类型,当前类型"
未知的索引类型：,未知的索引类型：
数据库SQL:%{1},数据库SQL:%{1}
更新表注释错误：%{1},更新表注释错误：%{1}
创建时间,"Create time"
更新时间,"Update time"
"PostgreSQL 驱动不存在：%{1}。可用驱动列表：%{2}。%{3}更多驱动配置请转到 php.ini 中开启。","PostgreSQL 驱动不存在：%{1}。可用驱动列表：%{2}。%{3}更多驱动配置请转到 php.ini 中开启。"
"PostgreSQL 版本校验未通过（连接已建立，升级可继续）：%{1}","PostgreSQL 版本校验未通过（连接已建立，升级可继续）：%{1}"
数据库连接未初始化,数据库连接未初始化
"插入数据和更新依据字段不匹配，请检查! 所需字段：%{1}，实际字段: %{2}","插入数据和更新依据字段不匹配，请检查! 所需字段：%{1}，实际字段: %{2}"
"检测打算要更新依据字段不匹配，请检查! 打算更新字段：%{1}，实际字段: %{2}","检测打算要更新依据字段不匹配，请检查! 打算更新字段：%{1}，实际字段: %{2}"
"IN 条件无法匹配空值数组。数组值：[]","IN 条件无法匹配空值数组。数组值：[]"
"子查询 %{1} 不存在","子查询 %{1} 不存在"
即将执行信息：,即将执行信息：
"无法回退到普通插入：SQL 准备失败","无法回退到普通插入：SQL 准备失败"
执行信息：,执行信息：
：此索引的column需要array类型,：此索引的column需要array类型
权限错误说明：,权限错误说明：
"PostgreSQL 15+ 中，普通用户默认没有 public schema 的 CREATE 权限（安全改进）。","PostgreSQL 15+ 中，普通用户默认没有 public schema 的 CREATE 权限（安全改进）。"
只有数据库所有者（owner）或已显式授权的用户才能创建表。,只有数据库所有者（owner）或已显式授权的用户才能创建表。
"当前数据库用户没有在 public schema 中创建表的权限。","当前数据库用户没有在 public schema 中创建表的权限。"
解决方案：,解决方案：
"1. 使用数据库超级用户（如 postgres）连接到数据库 ""%{1}""：","1. 使用数据库超级用户（如 postgres）连接到数据库 ""%{1}""："
"psql -U postgres -d %{1}","psql -U postgres -d %{1}"
"2. 执行以下命令授予权限：","2. 执行以下命令授予权限："
"3. 或者修改配置文件，使用数据库超级用户连接数据库。","3. 或者修改配置文件，使用数据库超级用户连接数据库。"
"编辑 app/etc/env.php，将数据库用户名改为 postgres 或其他超级用户。","编辑 app/etc/env.php，将数据库用户名改为 postgres 或其他超级用户。"
"SQLite 版本校验未通过（连接已建立，升级可继续）：%{1}","SQLite 版本校验未通过（连接已建立，升级可继续）：%{1}"
"SQLite 变量数量超过限制（最多999个变量）。请将批量操作拆分为更小的批次。SQL预览：%{1}","SQLite 变量数量超过限制（最多999个变量）。请将批量操作拆分为更小的批次。SQL预览：%{1}"
"PDO prepare 失败：%{1} (错误代码: %{2})。SQL预览：%{3}","PDO prepare 失败：%{1} (错误代码: %{2})。SQL预览：%{3}"
"错误的获取类型。fetch之前必须有操作函数，操作函数包含（find,update,delete,select,query,insert,find）函数。","错误的获取类型。fetch之前必须有操作函数，操作函数包含（find,update,delete,select,query,insert,find）函数。"
执行后信息：,执行后信息：
查询结果:,查询结果:
"SQL 准备失败：%{1}。SQL: %{2}","SQL 准备失败：%{1}。SQL: %{2}"
"检测到重复数据！根据更新依赖字段 [%{1}] 检测到重复记录：%{2}","检测到重复数据！根据更新依赖字段 [%{1}] 检测到重复记录：%{2}"
"错误的获取类型。fetch之前必须有操作函数，操作函数包含（find,update,delete,select,query,insert,find）函数。当前类型：%{1}","错误的获取类型。fetch之前必须有操作函数，操作函数包含（find,update,delete,select,query,insert,find）函数。当前类型：%{1}"
"数据库连接未设置，请先调用 setConnector() 或 setConnection()。","数据库连接未设置，请先调用 setConnector() 或 setConnection()。"
"prepareSql 方法已被各个适配器覆盖，不应该调用 trait 中的方法。请确保适配器正确实现了 prepareSql 方法。","prepareSql 方法已被各个适配器覆盖，不应该调用 trait 中的方法。请确保适配器正确实现了 prepareSql 方法。"
"数据库驱动 %{1} 不存在","数据库驱动 %{1} 不存在"
无法创建数据库连接适配器,无法创建数据库连接适配器
数据库连接器未初始化,数据库连接器未初始化
"此命令仅适用于 PostgreSQL 数据库","此命令仅适用于 PostgreSQL 数据库"
序列修复完成！,序列修复完成！
"修复失败: %{1}","修复失败: %{1}"
"正在修复表 %{1} 的序列...","正在修复表 %{1} 的序列..."
"表 %{1} 没有主键，跳过","表 %{1} 没有主键，跳过"
"序列 %{1} 不存在，跳过","序列 %{1} 不存在，跳过"
"✓ 表 %{1}: 序列 %{2} 重置为 %{3}","✓ 表 %{1}: 序列 %{2} 重置为 %{3}"
正在查找所有需要修复的序列...,正在查找所有需要修复的序列...
没有找到需要修复的表,没有找到需要修复的表
"找到 %{1} 个表","找到 %{1} 个表"
"表 %{1} 修复失败: %{2}","表 %{1} 修复失败: %{2}"
此命令仅在开发模式下可用！,此命令仅在开发模式下可用！
"请在 app/etc/env.php 中设置 debug => true 或在项目根目录创建 .dev 文件","请在 app/etc/env.php 中设置 debug => true 或在项目根目录创建 .dev 文件"
请提供SQL语句！,请提供SQL语句！
"使用 -h 或 --help 查看帮助信息","使用 -h 或 --help 查看帮助信息"
"⚠️  检测到危险操作！","⚠️  检测到危险操作！"
"SQL: %{1}","SQL: %{1}"
"输入 ""yes"" 确认执行，其他输入取消：","输入 ""yes"" 确认执行，其他输入取消："
操作已取消。,操作已取消。
"结果已限制为前 %{1} 行（共 %{2} 行）","结果已限制为前 %{1} 行（共 %{2} 行）"
"查询完成！返回 %{1} 行，耗时 %{2} ms","查询完成！返回 %{1} 行，耗时 %{2} ms"
"执行成功！影响 %{1} 行，耗时 %{2} ms","执行成功！影响 %{1} 行，耗时 %{2} ms"
"SQL执行错误: %{1}","SQL执行错误: %{1}"
"执行失败: %{1}","执行失败: %{1}"
查询结果为空,查询结果为空
索引器列表,索引器列表
数据库连接池预热任务,数据库连接池预热任务
数据库配置为空，跳过预热,数据库配置为空，跳过预热
连接池预热完成。,连接池预热完成。
"创建连接: %{1} 个","创建连接: %{1} 个"
"错误: %{1} 个","错误: %{1} 个"
详细统计:,详细统计:
"可用=%{1}, 使用中=%{2}, 总数=%{3}/%{4}, 新建=%{5}, 错误=%{6}","可用=%{1}, 使用中=%{2}, 总数=%{3}/%{4}, 新建=%{5}, 错误=%{6}"
"连接池预热失败: %{1}","连接池预热失败: %{1}"
"创建数据库连接失败: %{1}","创建数据库连接失败: %{1}"
数据库配置提供者无法初始化：%{1},数据库配置提供者无法初始化：%{1}
数据库文件不存在,数据库文件不存在
导入数据库失败,导入数据库失败
导入数据库成功,导入数据库成功
"数据库连接不存在. 请先设置数据库连接，使用setConnection方法设置.","数据库连接不存在. 请先设置数据库连接，使用setConnection方法设置."
导出文件目录不可写!,导出文件目录不可写!
"导出文件路径错误! 仅允许导出到%{1}media/export/model/目录下","导出文件路径错误! 仅允许导出到%{1}media/export/model/目录下"
"导出文件目录不可写! %{1}","导出文件目录不可写! %{1}"
Model升级,Model升级
"执行 %{1} 时表不存在，自动执行 install 安装表...","执行 %{1} 时表不存在，自动执行 install 安装表..."
数据库操作失败（%{1}）：%{2},数据库操作失败（%{1}）：%{2}
"数据库更新失败：%{1}。若为连接/版本问题，请查看 var/log/database_version.log。","数据库更新失败：%{1}。若为连接/版本问题，请查看 var/log/database_version.log。"
参数必须是LocalModel的子类或者LocalModel实例,参数必须是LocalModel的子类或者LocalModel实例
"本地化字段不能为空! %{model}中找不到%{field}字段","本地化字段不能为空! %{model}中找不到%{field}字段"
"扫描到 %{count} 个数据库适配器","扫描到 %{count} 个数据库适配器"
删除条件不能为空：确保模型存在要删除的指定主键值，或者存在查询条件!,删除条件不能为空：确保模型存在要删除的指定主键值，或者存在查询条件!
"Create New User","Create New User"
"i18n 占位符功能测试","i18n 占位符功能测试"
"User %{1} has %{2} messages","User %{1} has %{2} messages"
"%{1} + %{2} = %{3}","%{1} + %{2} = %{3}"
"User %{name} has %{count} messages","User %{name} has %{count} messages"
"%{name}，你好！我 %{age} 岁了","%{name}，你好！我 %{age} 岁了"
"Field %{field} must be at least %{min} characters","Field %{field} must be at least %{min} characters"
"Showing page %{current} of %{total} (%{per_page} per page)","Showing page %{current} of %{total} (%{per_page} per page)"
"Hello %{1}","Hello %{1}"
"Name: %{name}, Value: %{value}","Name: %{name}, Value: %{value}"
"========== 环境依赖检测 ==========","========== 环境依赖检测 =========="
正在收集环境需求...,正在收集环境需求...
正在检测环境...,正在检测环境...
收集到的需求：,收集到的需求：
"PHP 版本: %{version}","PHP 版本: %{version}"
"扩展: %{count} 个","扩展: %{count} 个"
"函数: %{count} 个","函数: %{count} 个"
"复杂依赖: %{count} 个","复杂依赖: %{count} 个"
"推荐项: %{count} 个","推荐项: %{count} 个"
"来源: %{sources}","来源: %{sources}"
"========== 检测结果 ==========","========== 检测结果 =========="
"环境检测未通过 ✖","环境检测未通过 ✖"
"PHP 版本问题: %{issue}","PHP 版本问题: %{issue}"
缺失的扩展:,缺失的扩展:
被禁用的函数:,被禁用的函数:
未满足的依赖:,未满足的依赖:
未命名,未命名
"环境检测通过 ✔","环境检测通过 ✔"
"---------- 性能优化建议 ----------","---------- 性能优化建议 ----------"
推荐安装的扩展:,推荐安装的扩展:
推荐解禁的函数:,推荐解禁的函数:
推荐安装的依赖:,推荐安装的依赖:
"提示: 推荐项为可选优化，不影响系统运行，但安装后可显著提升性能","提示: 推荐项为可选优化，不影响系统运行，但安装后可显著提升性能"
"========== 手动修复指引 ==========","========== 手动修复指引 =========="
"【PHP 版本】","【PHP 版本】"
"去什么地方: 系统 PHP 安装目录","去什么地方: 系统 PHP 安装目录"
"做什么操作: 升级 PHP 到符合要求的版本","做什么操作: 升级 PHP 到符合要求的版本"
【缺失的扩展】,【缺失的扩展】
"去什么地方: %{path}","去什么地方: %{path}"
做什么操作:,做什么操作:
"1. 安装缺失的扩展（如 pecl install %{ext}）","1. 安装缺失的扩展（如 pecl install %{ext}）"
"2. 在 php.ini 中添加 extension=%{ext}","2. 在 php.ini 中添加 extension=%{ext}"
【被禁用的函数】,【被禁用的函数】
"1. 打开 php.ini 文件","1. 打开 php.ini 文件"
"2. 找到 disable_functions 配置项","2. 找到 disable_functions 配置项"
"3. 从中移除以下函数: %{funcs}","3. 从中移除以下函数: %{funcs}"
"4. 重启 PHP/Web 服务","4. 重启 PHP/Web 服务"
【未满足的依赖】,【未满足的依赖】
请参考模块文档,请参考模块文档
"依赖: %{name}","依赖: %{name}"
"来源模块: %{module}","来源模块: %{module}"
"说明: %{desc}","说明: %{desc}"
检测当前环境是否满足框架和模块的依赖需求,检测当前环境是否满足框架和模块的依赖需求
"检测当前环境是否满足框架和模块的依赖需求，包括 PHP 版本、扩展、函数、复杂依赖项等","检测当前环境是否满足框架和模块的依赖需求，包括 PHP 版本、扩展、函数、复杂依赖项等"
"以 JSON 格式输出结果","以 JSON 格式输出结果"
基本检测,基本检测
"JSON 输出","JSON 输出"
"========== 环境依赖安装 ==========","========== 环境依赖安装 =========="
强制模式：将重试所有推荐项（忽略之前的安装记录）,"Force mode: will retry all (ignoring previous records)"
"环境检测通过，无需修复 ✔","环境检测通过，无需修复 ✔"
"必需依赖已满足 ✔","必需依赖已满足 ✔"
"即将执行以上操作（必需项 + 可选推荐项），是否继续？(y/n)","即将执行以上操作（必需项 + 可选推荐项），是否继续？(y/n)"
操作已取消,操作已取消
开始执行修复（必需项与可选推荐项）...,开始执行修复（必需项与可选推荐项）...
"========== 将尝试执行以下操作 ==========","========== 将尝试执行以下操作 =========="
【函数解禁】,【函数解禁】
"将尝试修改: %{path}","将尝试修改: %{path}"
"修改内容: 从 disable_functions 中移除: %{funcs}","修改内容: 从 disable_functions 中移除: %{funcs}"
【扩展安装】,【扩展安装】
"将尝试安装: %{exts}","将尝试安装: %{exts}"
"注意: 扩展安装可能需要系统权限，如失败请手动安装","注意: 扩展安装可能需要系统权限，如失败请手动安装"
【依赖项安装】,【依赖项安装】
"将执行脚本: %{script} --install","将执行脚本: %{script} --install"
"将执行脚本: %{script} --install（macOS）","将执行脚本: %{script} --install（macOS）"
"将尝试执行 env/script/ 下的安装脚本","将尝试执行 env/script/ 下的安装脚本"
【推荐函数】（可选，提升性能）,【推荐函数】（可选，提升性能）
"将尝试解禁: %{funcs}","将尝试解禁: %{funcs}"
【推荐扩展】（可选，提升性能）,【推荐扩展】（可选，提升性能）
【推荐依赖】（可选，提升性能）,【推荐依赖】（可选，提升性能）
没有可自动修复的问题，请参考上面的手动修复指引,没有可自动修复的问题，请参考上面的手动修复指引
"正在安装推荐扩展: %{ext}","正在安装推荐扩展: %{ext}"
"推荐扩展 %{ext} 已启用 ✔","推荐扩展 %{ext} 已启用 ✔"
"推荐扩展 %{ext} 安装失败","推荐扩展 %{ext} 安装失败"
"推荐项 %{name} 无模块路径，跳过","推荐项 %{name} 无模块路径，跳过"
"正在安装推荐项: %{name}","正在安装推荐项: %{name}"
"推荐项 %{name} 安装成功 ✔","推荐项 %{name} 安装成功 ✔"
"推荐项 %{name} 安装失败","推荐项 %{name} 安装失败"
"【步骤 1】尝试解禁函数...","【步骤 1】尝试解禁函数..."
"函数解禁成功 ✔","函数解禁成功 ✔"
"【步骤 2】尝试安装缺失的扩展...","【步骤 2】尝试安装缺失的扩展..."
"正在处理扩展: %{ext}","正在处理扩展: %{ext}"
"扩展 %{ext} 已启用 ✔","扩展 %{ext} 已启用 ✔"
"扩展 %{ext} 自动安装失败，请参考以下指引手动安装","扩展 %{ext} 自动安装失败，请参考以下指引手动安装"
"【步骤 3】执行依赖项安装脚本...","【步骤 3】执行依赖项安装脚本..."
"跳过 %{name}（无模块路径）","跳过 %{name}（无模块路径）"
"正在安装: %{name}","正在安装: %{name}"
"安装成功 ✔","安装成功 ✔"
"安装失败 ✖","安装失败 ✖"
"【步骤 4】尝试处理推荐函数（可选优化）...","【步骤 4】尝试处理推荐函数（可选优化）..."
"推荐函数 %{func} 已尝试过（%{status}），跳过","Recommended func %{func} already attempted (%{status}), skipping"
"尝试解禁函数: %{func}","尝试解禁函数: %{func}"
"已从 disable_functions 解禁","Unblocked from disable_functions"
"推荐函数 %{func} 解禁成功 ✔","Recommended func %{func} unblocked ✔"
"解禁失败，需手动编辑 php.ini","Unblock failed, manually edit php.ini"
"推荐函数 %{func} 解禁失败（不影响系统运行）","Recommended func %{func} unblock failed (not critical)"
所属扩展未安装,"Extension not installed"
"推荐函数 %{func} 不可用（所属扩展未安装）","推荐函数 %{func} 不可用（所属扩展未安装）"
"【步骤 5】尝试安装推荐扩展（可选优化）...","【步骤 5】尝试安装推荐扩展（可选优化）..."
"推荐扩展 %{ext} 已尝试过（%{status}），跳过","Recommended ext %{ext} already attempted (%{status}), skipping"
"正在处理推荐扩展: %{ext}","正在处理推荐扩展: %{ext}"
自动安装失败,"Auto install failed"
"推荐扩展 %{ext} 安装失败（不影响系统运行）","推荐扩展 %{ext} 安装失败（不影响系统运行）"
"【步骤 6】执行推荐依赖安装脚本（可选优化）...","【步骤 6】执行推荐依赖安装脚本（可选优化）..."
"推荐项 %{name} 已尝试过（%{status}），跳过","Recommended item %{name} already attempted (%{status}), skipping"
无模块路径,"No module path"
安装脚本返回失败,"Install script returned failure"
安装失败（不影响系统运行）,安装失败（不影响系统运行）
"========== 安装完成 ==========","========== 安装完成 =========="
"必需项 - 成功: %{success} 项","必需项 - 成功: %{success} 项"
"必需项 - 失败: %{fail} 项（请参考上面的手动修复指引）","必需项 - 失败: %{fail} 项（请参考上面的手动修复指引）"
"推荐项 - 成功: %{success} 项","推荐项 - 成功: %{success} 项"
"推荐项 - 未安装: %{fail} 项（可选，不影响运行）","推荐项 - 未安装: %{fail} 项（可选，不影响运行）"
"推荐项 - 已跳过: %{skip} 项（之前已尝试，使用 --force 强制重试）","Recommended - skipped: %{skip} (previously attempted, use --force to retry)"
"DLL 不存在: %{path}","DLL 不存在: %{path}"
"找到 DLL: %{path}","找到 DLL: %{path}"
"无法获取 php.ini 路径","无法获取 php.ini 路径"
"php.ini 不可写: %{path}","php.ini 不可写: %{path}"
"取消注释: extension=%{ext}","取消注释: extension=%{ext}"
"扩展已在 php.ini 中启用（可能需要重启 PHP 服务）","扩展已在 php.ini 中启用（可能需要重启 PHP 服务）"
"添加配置: %{line}","添加配置: %{line}"
"写入 php.ini 失败","写入 php.ini 失败"
"php.ini 已更新: %{path}","php.ini 已更新: %{path}"
"注意: CLI 模式已生效，Web 服务（Apache/Nginx+FPM）需要重启才能生效","注意: CLI 模式已生效，Web 服务（Apache/Nginx+FPM）需要重启才能生效"
"当前平台: %{platform}，优先尝试: %{pkg}","当前平台: %{platform}，优先尝试: %{pkg}"
"尝试: %{name}...","尝试: %{name}..."
"%{name} 执行成功","%{name} 执行成功"
优先方式未成功，回退尝试其他安装命令（仅尝试已存在的命令）...,优先方式未成功，回退尝试其他安装命令（仅尝试已存在的命令）...
"添加配置: extension=%{ext}","添加配置: extension=%{ext}"
"函数解禁失败 ✖","函数解禁失败 ✖"
【手动修复指引】,【手动修复指引】
"1. 用管理员权限打开该文件","1. 用管理员权限打开该文件"
"3. 从中移除: %{funcs}","3. 从中移除: %{funcs}"
"4. 保存并重启 PHP/Web 服务","4. 保存并重启 PHP/Web 服务"
"Windows 安装方式:","Windows 安装方式:"
"1. 从 https://pecl.php.net 下载 php_%{ext}.dll","1. 从 https://pecl.php.net 下载 php_%{ext}.dll"
"2. 放入 PHP 的 ext 目录","2. 放入 PHP 的 ext 目录"
"3. 在 php.ini 中添加 extension=%{ext}","3. 在 php.ini 中添加 extension=%{ext}"
"Linux/macOS 安装方式:","Linux/macOS 安装方式:"
"Ubuntu/Debian: sudo apt install php-%{ext}","Ubuntu/Debian: sudo apt install php-%{ext}"
"CentOS/RHEL: sudo yum install php-%{ext}","CentOS/RHEL: sudo yum install php-%{ext}"
"macOS: brew install php && pecl install %{ext}","macOS: brew install php && pecl install %{ext}"
"通用: pecl install %{ext}","通用: pecl install %{ext}"
检测并尝试自动修复环境依赖问题,检测并尝试自动修复环境依赖问题
仅在必需依赖未满足时进入安装；安装时同时尝试必需项与可选推荐项。可指定名称仅安装某推荐项。,仅在必需依赖未满足时进入安装；安装时同时尝试必需项与可选推荐项。可指定名称仅安装某推荐项。
"可选。指定推荐项名称时仅安装该项，如 event","可选。指定推荐项名称时仅安装该项，如 event"
跳过确认，直接执行,跳过确认，直接执行
强制重试推荐项（清除之前的安装记录）,强制重试推荐项（清除之前的安装记录）
必需未满足时安装（含推荐项）,必需未满足时安装（含推荐项）
仅安装指定推荐项,仅安装指定推荐项
环境初始化检测中...,环境初始化检测中...
未设置环境需求,未设置环境需求
"PHP 版本: %{version} ✔","PHP 版本: %{version} ✔"
"需要 PHP %{required}，当前 %{current}","需要 PHP %{required}，当前 %{current}"
"PHP 版本: %{version} ✖（需要 %{required}）","PHP 版本: %{version} ✖（需要 %{required}）"
"扩展 %{ext} ✔","扩展 %{ext} ✔"
"扩展 %{ext} ✖（未安装）","扩展 %{ext} ✖（未安装）"
"函数 %{func} ✖（已被禁用）","函数 %{func} ✖（已被禁用）"
"函数 %{func} ✔","函数 %{func} ✔"
未命名依赖,未命名依赖
"依赖 %{name} ✖（无法检测）","依赖 %{name} ✖（无法检测）"
"依赖 %{name} ✔","依赖 %{name} ✔"
"依赖 %{name} ✖（未满足）","依赖 %{name} ✖（未满足）"
"推荐扩展 %{ext} ✔","推荐扩展 %{ext} ✔"
"推荐扩展 %{ext} ◐（未安装，建议启用以获得最佳性能）","推荐扩展 %{ext} ◐（未安装，建议启用以获得最佳性能）"
"推荐函数 %{func} ✔","推荐函数 %{func} ✔"
"推荐函数 %{func} ◐（已被禁用，建议解禁）","推荐函数 %{func} ◐（已被禁用，建议解禁）"
"推荐函数 %{func} ◐（不可用，所属扩展未安装）","Recommended func %{func} ◐ (unavailable, extension not installed)"
"推荐依赖 %{name} ◐（无法检测）","推荐依赖 %{name} ◐（无法检测）"
"推荐依赖 %{name} ✔","推荐依赖 %{name} ✔"
"推荐依赖 %{name} ◐（未满足，建议安装以获得最佳性能）","推荐依赖 %{name} ◐（未满足，建议安装以获得最佳性能）"
未找到可执行的安装脚本,未找到可执行的安装脚本
无法启动进程,无法启动进程
无法从文件路径提取模块名：%{1},无法从文件路径提取模块名：%{1}
跳过空的事件配置文件：%{1}（文件为空，如需使用请添加有效内容）,跳过空的事件配置文件：%{1}（文件为空，如需使用请添加有效内容）
跳过格式不正确的配置文件：%{1}（请检查XML格式是否正确）,跳过格式不正确的配置文件：%{1}（请检查XML格式是否正确）
跳过缺少属性的配置文件：%{1},跳过缺少属性的配置文件：%{1}
"%{1} 事件Event未指定name属性：<event name=""eventName"">...</event>","%{1} 事件Event未指定name属性：<event name=""eventName"">...</event>"
"%{1} 事件Event的_value格式错误","%{1} 事件Event的_value格式错误"
"%{1} 事件Event缺少observer节点","%{1} 事件Event缺少observer节点"
"%{1} 观察者Observer没有设置属性：<observer name=""observerName"" instance=""instanceClass"" disabled=""false"" shared=""true"" sort=""100""/>","%{1} 观察者Observer没有设置属性：<observer name=""observerName"" instance=""instanceClass"" disabled=""false"" shared=""true"" sort=""100""/>"
"%{1} 观察者Observer没有设置name属性：<observer name=""observerName"" instance=""instanceClass"" disabled=""false"" shared=""true"" sort=""100""/>","%{1} 观察者Observer没有设置name属性：<observer name=""observerName"" instance=""instanceClass"" disabled=""false"" shared=""true"" sort=""100""/>"
"%{1} 观察者Observer没有设置instance属性：<observer name=""observerName"" instance=""instanceClass"" disabled=""false"" shared=""true"" sort=""100""/>","%{1} 观察者Observer没有设置instance属性：<observer name=""observerName"" instance=""instanceClass"" disabled=""false"" shared=""true"" sort=""100""/>"
清理完毕！,清理完毕！
清除系统事件缓存！,清除系统事件缓存！
刷新系统事件缓存！,刷新系统事件缓存！
错误的缓存处理参数！-c：清除缓存，-f：刷新缓存！,错误的缓存处理参数！-c：清除缓存，-f：刷新缓存！
缓存已清除！,缓存已清除！
缓存已刷新！,缓存已刷新！
未知的参数：%{1},未知的参数：%{1}
事件监听文件：,事件监听文件：
事件名：,事件名：
开始重建事件注册表...,开始重建事件注册表...
"✓ 事件注册表已重建完成。","✓ 事件注册表已重建完成。"
位置：generated/events.php,位置：generated/events.php
统计信息：,统计信息：
"- 总事件数：%{count}（普通事件：%{normal}，动态事件模式：%{dynamic}）","- 总事件数：%{count}（普通事件：%{normal}，动态事件模式：%{dynamic}）"
"- 有文档：%{count}","- 有文档：%{count}"
"- 缺少文档：%{count}","- 缺少文档：%{count}"
缺少文档的事件列表：,缺少文档的事件列表：
"✖ 写入事件注册表失败。","✖ 写入事件注册表失败。"
"✖ 事件注册表重建失败：事件名冲突","✖ 事件注册表重建失败：事件名冲突"
重建失败：%{1},重建失败：%{1}
观察者必须继承于：,观察者必须继承于：
"Event Name: %{1}","Event Name: %{1}"
"Class Name","Class Name"
"Start Time","Start Time"
"End Time","End Time"
Duration,Duration
【超级严重】检测到事件循环调用,【超级严重】检测到事件循环调用
"EventsManager Error: Failed to send circular error message - %{error}","EventsManager Error: Failed to send circular error message - %{error}"
"EventsManager Warning: Observer execution failed - %{error}","EventsManager Warning: Observer execution failed - %{error}"
"EventsManager Error: Failed to send system message directly - %{error}","EventsManager Error: Failed to send system message directly - %{error}"
应用运行前,应用运行前
应用运行前，你可以在这里做一些初始化操作。,应用运行前，你可以在这里做一些初始化操作。
应用运行后,应用运行后
应用运行后，你可以在这里做一些后续操作。,应用运行后，你可以在这里做一些后续操作。
URL解析后,URL解析后
URL解析后，你可以在这里做一些后续操作。,URL解析后，你可以在这里做一些后续操作。
获取翻译文件,获取翻译文件
在获取国际化翻译文件时触发，允许其他模块自定义翻译文件路径。,在获取国际化翻译文件时触发，允许其他模块自定义翻译文件路径。
系统升级后,系统升级后
系统升级完成后触发，允许其他模块执行升级后的操作。,系统升级完成后触发，允许其他模块执行升级后的操作。
系统更新后,系统更新后
系统更新完成后触发，允许其他模块执行更新后的操作。,系统更新完成后触发，允许其他模块执行更新后的操作。
模块升级前,模块升级前
模块升级前触发，允许其他模块在升级前执行必要的操作。,模块升级前触发，允许其他模块在升级前执行必要的操作。
模块升级,模块升级
模块升级时触发，允许其他模块监听模块升级过程。,模块升级时触发，允许其他模块监听模块升级过程。
模块安装后,模块安装后
模块安装完成后触发，允许其他模块执行安装后的操作。,模块安装完成后触发，允许其他模块执行安装后的操作。
模块卸载后,模块卸载后
模块卸载完成后触发，允许其他模块在卸载后执行清理和后续操作。,模块卸载完成后触发，允许其他模块在卸载后执行清理和后续操作。
路由开始前,路由开始前
在路由开始处理之前触发，允许其他模块在路由开始前执行操作（如维护模式检查、全局访问控制等）。,在路由开始处理之前触发，允许其他模块在路由开始前执行操作（如维护模式检查、全局访问控制等）。
URI处理前,URI处理前
在处理URI之前触发，允许其他模块修改URI或执行预处理。,在处理URI之前触发，允许其他模块修改URI或执行预处理。
路由处理前,路由处理前
在路由处理之前触发，允许其他模块在路由前执行操作。,在路由处理之前触发，允许其他模块在路由前执行操作。
路由处理后,路由处理后
在路由处理完成后触发，允许其他模块修改路由结果。,在路由处理完成后触发，允许其他模块修改路由结果。
后端白名单URL,后端白名单URL
在后端控制器初始化时触发，允许其他模块添加后端白名单URL。,在后端控制器初始化时触发，允许其他模块添加后端白名单URL。
后端未登录重定向URL,后端未登录重定向URL
在后端控制器初始化时触发，允许其他模块添加未登录时的重定向URL。,在后端控制器初始化时触发，允许其他模块添加未登录时的重定向URL。
检测语言,检测语言
在URL解析时检测语言时触发，允许其他模块自定义语言检测逻辑。,在URL解析时检测语言时触发，允许其他模块自定义语言检测逻辑。
检测货币,检测货币
在URL解析时检测货币时触发，允许其他模块自定义货币检测逻辑。,在URL解析时检测货币时触发，允许其他模块自定义货币检测逻辑。
检测网站,检测网站
在URL解析时检测网站时触发，允许其他模块自定义网站检测逻辑。,在URL解析时检测网站时触发，允许其他模块自定义网站检测逻辑。
URL生成重写,URL生成重写
在生成URL重写规则时触发，允许其他模块自定义URL重写规则。,在生成URL重写规则时触发，允许其他模块自定义URL重写规则。
SEO解码,SEO解码
"在URL SEO解码时触发，允许其他模块自定义SEO解码逻辑。","在URL SEO解码时触发，允许其他模块自定义SEO解码逻辑。"
视图文件获取,视图文件获取
"在获取视图文件时触发，允许其他模块自定义视图文件路径。可以通过修改 filename 字段来改变要加载的视图文件。","在获取视图文件时触发，允许其他模块自定义视图文件路径。可以通过修改 filename 字段来改变要加载的视图文件。"
视图位置,视图位置
"在渲染视图指定位置时触发，允许其他模块注入该位置的内容。position 可以是 head、footer 等。","在渲染视图指定位置时触发，允许其他模块注入该位置的内容。position 可以是 head、footer 等。"
标签配置后,标签配置后
在模板标签配置完成后触发，允许其他模块修改标签配置。,在模板标签配置完成后触发，允许其他模块修改标签配置。
模板编译后,模板编译后
在模板编译完成后触发，允许其他模块处理编译后的模板内容。可以修改模板内容、提取信息、注入代码等。,在模板编译完成后触发，允许其他模块处理编译后的模板内容。可以修改模板内容、提取信息、注入代码等。
模板渲染后,模板渲染后
在模板完成渲染（输出HTML）之后触发，允许其他模块对最终HTML进行分析、提取静态资源、注入追踪代码等操作。注意：此时不应再出现PHP代码，只能处理纯HTML字符串。,在模板完成渲染（输出HTML）之后触发，允许其他模块对最终HTML进行分析、提取静态资源、注入追踪代码等操作。注意：此时不应再出现PHP代码，只能处理纯HTML字符串。
控制器模板获取前,控制器模板获取前
"在控制器获取模板文件前触发，允许其他模块修改模板文件路径或执行预处理操作。事件数据包含 fileName、controller、layoutType 等信息。","在控制器获取模板文件前触发，允许其他模块修改模板文件路径或执行预处理操作。事件数据包含 fileName、controller、layoutType 等信息。"
控制器模板获取后,控制器模板获取后
"在控制器获取模板文件后触发，允许其他模块修改渲染后的模板内容。事件数据包含 fileName、content 等信息。","在控制器获取模板文件后触发，允许其他模块修改渲染后的模板内容。事件数据包含 fileName、content 等信息。"
缓存清理完成,缓存清理完成
"当 CacheFactory 的 flush() 或 clear() 被调用后触发。允许其他模块（如 Server）监听缓存变更并执行后续操作（如通知 WLS Worker 重载内存缓存）。在 HTTP 请求和 CLI 环境下均会触发。","当 CacheFactory 的 flush() 或 clear() 被调用后触发。允许其他模块（如 Server）监听缓存变更并执行后续操作（如通知 WLS Worker 重载内存缓存）。在 HTTP 请求和 CLI 环境下均会触发。"
缓存驱动创建前,缓存驱动创建前
"在创建缓存驱动实例前触发，允许其他模块（如 Weline_Server）接管驱动，例如 WLS 模式下将 File 缓存替换为内存缓存。","在创建缓存驱动实例前触发，允许其他模块（如 Weline_Server）接管驱动，例如 WLS 模式下将 File 缓存替换为内存缓存。"
"Session 驱动创建前","Session 驱动创建前"
"在创建 Session 驱动实例前触发，允许其他模块（如 Weline_Server）接管驱动，例如 WLS 模式下将 File Session 替换为内存 Session。","在创建 Session 驱动实例前触发，允许其他模块（如 Weline_Server）接管驱动，例如 WLS 模式下将 File Session 替换为内存 Session。"
控制台编译,控制台编译
在控制台编译时触发，允许其他模块执行编译相关操作。,在控制台编译时触发，允许其他模块执行编译相关操作。
CLI命令执行完成,CLI命令执行完成
"在CLI命令执行完成后触发，允许其他模块监听命令执行并执行后续操作（如通知WLS Worker重载）。","在CLI命令执行完成后触发，允许其他模块监听命令执行并执行后续操作（如通知WLS Worker重载）。"
REST控制器初始化前,REST控制器初始化前
在REST控制器初始化前触发，允许其他模块在初始化前执行操作。,在REST控制器初始化前触发，允许其他模块在初始化前执行操作。
REST控制器初始化后,REST控制器初始化后
在REST控制器初始化后触发，允许其他模块在初始化后执行操作。,在REST控制器初始化后触发，允许其他模块在初始化后执行操作。
后端控制器初始化前,后端控制器初始化前
在后端控制器初始化前触发，允许其他模块在初始化前执行操作。,在后端控制器初始化前触发，允许其他模块在初始化前执行操作。
后端控制器初始化后,后端控制器初始化后
在后端控制器初始化后触发，允许其他模块在初始化后执行操作。,在后端控制器初始化后触发，允许其他模块在初始化后执行操作。
前端控制器初始化前,前端控制器初始化前
在前端控制器初始化前触发，允许其他模块在初始化前执行操作。,在前端控制器初始化前触发，允许其他模块在初始化前执行操作。
前端控制器初始化后,前端控制器初始化后
在前端控制器初始化后触发，允许其他模块在初始化后执行操作。,在前端控制器初始化后触发，允许其他模块在初始化后执行操作。
前端REST控制器初始化前,前端REST控制器初始化前
在前端REST控制器初始化前触发，允许其他模块在初始化前执行操作。,在前端REST控制器初始化前触发，允许其他模块在初始化前执行操作。
前端REST控制器初始化后,前端REST控制器初始化后
在前端REST控制器初始化后触发，允许其他模块在初始化后执行操作。,在前端REST控制器初始化后触发，允许其他模块在初始化后执行操作。
控制器属性,控制器属性
在解析控制器属性时触发，允许其他模块修改控制器属性。,在解析控制器属性时触发，允许其他模块修改控制器属性。
Cookie语言本地化,Cookie语言本地化
在设置Cookie语言本地化时触发，允许其他模块自定义语言本地化逻辑。,在设置Cookie语言本地化时触发，允许其他模块自定义语言本地化逻辑。
ACL分发,ACL分发
在ACL权限检查时触发，允许其他模块自定义权限检查逻辑。,在ACL权限检查时触发，允许其他模块自定义权限检查逻辑。
数据库索引器,数据库索引器
在数据库索引操作时触发，允许其他模块执行索引相关操作。,在数据库索引操作时触发，允许其他模块执行索引相关操作。
数据库索引器列表,数据库索引器列表
在获取数据库索引器列表时触发，允许其他模块添加自定义索引器。,在获取数据库索引器列表时触发，允许其他模块添加自定义索引器。
模型更新前,模型更新前
在数据库模型更新前触发，允许其他模块在更新前执行操作。,在数据库模型更新前触发，允许其他模块在更新前执行操作。
模型更新后,模型更新后
在数据库模型更新后触发，允许其他模块在更新后执行操作。,在数据库模型更新后触发，允许其他模块在更新后执行操作。
模型加载前,模型加载前
"在模型加载数据前触发，允许其他模块在加载前执行操作。{table_name} 是动态表名，例如：user_model_load_before。","在模型加载数据前触发，允许其他模块在加载前执行操作。{table_name} 是动态表名，例如：user_model_load_before。"
模型加载后,模型加载后
"在模型加载数据后触发，允许其他模块在加载后执行操作。{table_name} 是动态表名，例如：user_model_load_after。","在模型加载数据后触发，允许其他模块在加载后执行操作。{table_name} 是动态表名，例如：user_model_load_after。"
模型保存前,模型保存前
"在模型保存数据前触发，允许其他模块在保存前执行操作。{model_class} 是模型类名（下划线格式），例如：Weline_Admin_Model_User_model_save_before。","在模型保存数据前触发，允许其他模块在保存前执行操作。{model_class} 是模型类名（下划线格式），例如：Weline_Admin_Model_User_model_save_before。"
模型保存后,模型保存后
"在模型保存数据后触发，允许其他模块在保存后执行操作。{model_class} 是模型类名（下划线格式），例如：Weline_Admin_Model_User_model_save_after。","在模型保存数据后触发，允许其他模块在保存后执行操作。{model_class} 是模型类名（下划线格式），例如：Weline_Admin_Model_User_model_save_after。"
模型删除前,模型删除前
"在模型删除数据前触发，允许其他模块在删除前执行操作。{table_name} 是动态表名，例如：user_model_delete_before。","在模型删除数据前触发，允许其他模块在删除前执行操作。{table_name} 是动态表名，例如：user_model_delete_before。"
模型删除后,模型删除后
"在模型删除数据后触发，允许其他模块在删除后执行操作。{table_name} 是动态表名，例如：user_model_delete_after。","在模型删除数据后触发，允许其他模块在删除后执行操作。{table_name} 是动态表名，例如：user_model_delete_after。"
注册安装器,注册安装器
在注册模块安装器时触发，允许其他模块自定义安装器路径。,在注册模块安装器时触发，允许其他模块自定义安装器路径。
客户端IP头Keys收集,客户端IP头Keys收集
处理区域,处理区域
在处理HTTP请求区域时触发，允许其他模块自定义区域处理逻辑。,在处理HTTP请求区域时触发，允许其他模块自定义区域处理逻辑。
响应无路由前,响应无路由前
在响应无路由请求前触发，允许其他模块处理无路由请求。,在响应无路由请求前触发，允许其他模块处理无路由请求。
响应重定向前,响应重定向前
在HTTP响应重定向前触发，允许其他模块修改重定向URL。,在HTTP响应重定向前触发，允许其他模块修改重定向URL。
资源编译器,资源编译器
在编译资源文件时触发，允许其他模块监听并处理资源编译过程。事件数据包含区域、类型、资源列表等信息。,在编译资源文件时触发，允许其他模块监听并处理资源编译过程。事件数据包含区域、类型、资源列表等信息。
资源编译后,资源编译后
在所有资源文件编译完成后触发，允许其他模块执行编译后的处理操作。事件数据包含资源类型和所有区域的资源内容。,在所有资源文件编译完成后触发，允许其他模块执行编译后的处理操作。事件数据包含资源类型和所有区域的资源内容。
卸载服务,卸载服务
在卸载服务执行卸载操作时触发，允许其他模块监听卸载过程并执行相应的清理操作。,在卸载服务执行卸载操作时触发，允许其他模块监听卸载过程并执行相应的清理操作。
部署模式切换到生产环境后,部署模式切换到生产环境后
在部署模式切换到生产环境(prod)后触发，允许其他模块执行生产环境相关的操作，如生成加密token等。,在部署模式切换到生产环境(prod)后触发，允许其他模块执行生产环境相关的操作，如生成加密token等。
模块查询,模块查询
统一查询执行前,统一查询执行前
统一查询执行前触发，可用于鉴权、参数校验、限流与拦截。,统一查询执行前触发，可用于鉴权、参数校验、限流与拦截。
【已废弃】统一查询执行提供者,【已废弃】统一查询执行提供者
统一查询执行后,统一查询执行后
统一查询执行后触发，可用于结果过滤和审计。,统一查询执行后触发，可用于结果过滤和审计。
开始重建扩展注册表...,开始重建扩展注册表...
"✓ 扩展注册表已重建完成。","✓ 扩展注册表已重建完成。"
位置：generated/extends.php,位置：generated/extends.php
"✖ 写入扩展注册表失败。","✖ 写入扩展注册表失败。"
"Hook 未定义或未注册：%{1}。请在 Weline\Framework\Hook\HookInterface 中定义此 hook 常量，并在模块的 hook.php 文件中定义规约。","Hook 未定义或未注册：%{1}。请在 Weline\Framework\Hook\HookInterface 中定义此 hook 常量，并在模块的 hook.php 文件中定义规约。"
请指定请求路径！,请指定请求路径！
正确用法示例:,正确用法示例:
"使用指定的 Session ID: %{1}...","使用指定的 Session ID: %{1}..."
"找到有效的后台登录 Session: %{1}... (用户: %{2})","找到有效的后台登录 Session: %{1}... (用户: %{2})"
"未找到有效的后台登录 Session","未找到有效的后台登录 Session"
请先在浏览器中登录后台，然后重试。,请先在浏览器中登录后台，然后重试。
其他选项：,其他选项：
"--sid=<WELINE_SESSID>  手动指定 Session ID","--sid=<WELINE_SESSID>  手动指定 Session ID"
"正在请求: %{1}","正在请求: %{1}"
"请求方法: %{1}","请求方法: %{1}"
请求失败！,请求失败！
"Session 无效或 Worker 路由不匹配","Session 无效或 Worker 路由不匹配"
"WLS 多 Worker 环境下，Session 可能绑定到特定 Worker。","WLS 多 Worker 环境下，Session 可能绑定到特定 Worker。"
"1. 在浏览器中重新登录后台","1. 在浏览器中重新登录后台"
"2. 使用 --port 参数指定 Worker 端口（从浏览器响应头 X-Weline-Route-Hint 获取）","2. 使用 --port 参数指定 Worker 端口（从浏览器响应头 X-Weline-Route-Hint 获取）"
请求成功！,请求成功！
"响应状态码: %{1}","响应状态码: %{1}"
响应头:,响应头:
"警告：未找到 rest_backend 前缀配置，可能无法访问 REST 后端路径！","警告：未找到 rest_backend 前缀配置，可能无法访问 REST 后端路径！"
"请检查 app/etc/env.php 中的 area_routes.rest_backend.prefix 配置","请检查 app/etc/env.php 中的 area_routes.rest_backend.prefix 配置"
"警告：未找到 backend 前缀配置，可能无法访问后端路径！","警告：未找到 backend 前缀配置，可能无法访问后端路径！"
"请检查 app/etc/env.php 中的 area_routes.backend.prefix 配置","请检查 app/etc/env.php 中的 area_routes.backend.prefix 配置"
"Cookie将保存到: %{1}","Cookie将保存到: %{1}"
开始执行请求...,开始执行请求...
"cURL错误: %{1}","cURL错误: %{1}"
"重定向次数: %{1}","重定向次数: %{1}"
"请求完成，重定向次数: %{1}","请求完成，重定向次数: %{1}"
"SSE 模式：开始接收事件流...","SSE 模式：开始接收事件流..."
"HTTP 状态码: %{1}","HTTP 状态码: %{1}"
"2. 使用 --port 参数指定 Worker 端口","2. 使用 --port 参数指定 Worker 端口"
"跟随重定向: %{1}","跟随重定向: %{1}"
"重定向后状态码: %{1}","重定向后状态码: %{1}"
"响应 Content-Type 为 text/html，非 SSE 流","响应 Content-Type 为 text/html，非 SSE 流"
"响应 Content-Type 为 %{1}，非标准 SSE (text/event-stream)","响应 Content-Type 为 %{1}，非标准 SSE (text/event-stream)"
"SSE 流结束，共接收 %{1} 个事件，耗时 %{2} ms","SSE 流结束，共接收 %{1} 个事件，耗时 %{2} ms"
"SSE 请求失败: %{1}","SSE 请求失败: %{1}"
"准备发送 %{1} 个并发请求到: %{2}","准备发送 %{1} 个并发请求到: %{2}"
"请求 #%{1} 失败: %{2}","请求 #%{1} 失败: %{2}"
并发请求完成！,并发请求完成！
总请求数:,总请求数:
成功数:,成功数:
失败数:,失败数:
总耗时:,总耗时:
平均耗时:,平均耗时:
最快响应:,最快响应:
最慢响应:,最慢响应:
平均响应:,平均响应:
中位响应:,中位响应:
QPS:,QPS:
"Guzzle请求失败: %{1}","Guzzle请求失败: %{1}"
"正在搜索: %{1} (上下文行数: %{2})","正在搜索: %{1} (上下文行数: %{2})"
"找到 %{1} 处匹配:","找到 %{1} 处匹配:"
"匹配 #%{1} (行 %{2}):","匹配 #%{1} (行 %{2}):"
"未找到匹配内容: %{1}","未找到匹配内容: %{1}"
响应内容:,响应内容:
"响应大小: %{1} 字节","响应大小: %{1} 字节"
请求方法:,请求方法:
请求URL:,请求URL:
状态码:,状态码:
HTTP响应时间:,HTTP响应时间:
响应大小:,响应大小:
传输速度:,传输速度:
未提供参数：%{1},未提供参数：%{1}
文件不存在！,文件不存在！
错误！,错误！
异常警告！,异常警告！
操作成功！,操作成功！
警告！,警告！
提示！,提示！
"接口工厂类: %{1} 不存在！","接口工厂类: %{1} 不存在！"
"Factory工厂类: %{1} 不存在！","Factory工厂类: %{1} 不存在！"
"不支持静态类实例化：%{1}。静态类应直接使用，无需通过 ObjectManager 实例化。","不支持静态类实例化：%{1}。静态类应直接使用，无需通过 ObjectManager 实例化。"
"不支持静态类实例化：%{1}。静态类应直接使用，无需通过 ObjectManager 实例化。请修改构造函数，移除对静态类的依赖注入。","不支持静态类实例化：%{1}。静态类应直接使用，无需通过 ObjectManager 实例化。请修改构造函数，移除对静态类的依赖注入。"
"⚠️  安全警告：此命令仅允许在开发环境中运行！","⚠️  安全警告：此命令仅允许在开发环境中运行！"
此命令会删除并重建数据表，可能导致数据丢失！,此命令会删除并重建数据表，可能导致数据丢失！
为保护生产环境数据安全，此命令已被禁用。,为保护生产环境数据安全，此命令已被禁用。
"如需在开发环境中使用，请在 .env 文件中设置：","如需在开发环境中使用，请在 .env 文件中设置："
dev=true,dev=true
"错误：模块 %{1} 不存在！","错误：模块 %{1} 不存在！"
错误：必须指定模块名！,错误：必须指定模块名！
"模块 %{1} 没有 Model 目录","模块 %{1} 没有 Model 目录"
"搜索模块 %{1} 中的模型...","搜索模块 %{1} 中的模型..."
未找到任何模型,未找到任何模型
"找到 %{1} 个模型：","找到 %{1} 个模型："
"简写形式：-n Page","简写形式：-n Page"
"完整路径：-n Page/LocalDescription","完整路径：-n Page/LocalDescription"
"错误：未找到模型 %{1}","错误：未找到模型 %{1}"
正在搜索可能的模型...,正在搜索可能的模型...
准备重建模型：%{1},准备重建模型：%{1}
"错误：类 %{1} 不存在！","错误：类 %{1} 不存在！"
"错误：类 %{1} 不是 Model 的子类！","错误：类 %{1} 不是 Model 的子类！"
"模型 %{1} 是抽象类、trait 或接口，无法重建","模型 %{1} 是抽象类、trait 或接口，无法重建"
"模型 %{1} 是静态类，无法重建","模型 %{1} 是静态类，无法重建"
"步骤 1/2：删除旧表...","步骤 1/2：删除旧表..."
"✓ 表 %{1} 已删除","✓ 表 %{1} 已删除"
"- 表不存在，跳过删除","- 表不存在，跳过删除"
"步骤 2/2：重建表...","步骤 2/2：重建表..."
"✓ 表重建成功","✓ 表重建成功"
【Model重建】：%{1},【Model重建】：%{1}
表名：%{1},表名：%{1}
"错误：模型 %{1} 没有 install 方法！","错误：模型 %{1} 没有 install 方法！"
重建失败！,重建失败！
错误信息：%{1},错误信息：%{1}
堆栈跟踪：,堆栈跟踪：
可用的模块列表：,可用的模块列表：
注册表已更新完成。,注册表已更新完成。
已根据禁用模块更新后台菜单状态。,已根据禁用模块更新后台菜单状态。
菜单更新失败：%{1}，请手动执行后台菜单收集命令,菜单更新失败：%{1}，请手动执行后台菜单收集命令
错误：此命令只能在开发模式下运行！,错误：此命令只能在开发模式下运行！
当前部署模式：%{1},当前部署模式：%{1}
请使用以下命令切换到开发模式：,请使用以下命令切换到开发模式：
错误：请指定要重新安装的模块！,错误：请指定要重新安装的模块！
用法示例：,用法示例：
您即将重新安装以下模块：,您即将重新安装以下模块：
此操作将执行以下步骤：,此操作将执行以下步骤：
"1. 备份模块的所有数据库表（备份到 var/backup/db/ 目录）","1. 备份模块的所有数据库表（备份到 var/backup/db/ 目录）"
"2. 复制数据库表并添加时间戳（如：demo → demo_backup_2025_10_27_14_30_00）","2. 复制数据库表并添加时间戳（如：demo → demo_backup_2025_10_27_14_30_00）"
"3. 删除模块的所有数据库表","3. 删除模块的所有数据库表"
"4. 从 app/etc/modules.php 中删除模块注册信息","4. 从 app/etc/modules.php 中删除模块注册信息"
"5. 从 app/etc/module_dependencies.php 中删除模块依赖信息","5. 从 app/etc/module_dependencies.php 中删除模块依赖信息"
"6. 重新安装指定的模块","6. 重新安装指定的模块"
"7. 询问是否清理历史备份表","7. 询问是否清理历史备份表"
"⚠️  警告：此操作不可逆！所有模块数据将被永久删除！","⚠️  警告：此操作不可逆！所有模块数据将被永久删除！"
"⚠️  警告：虽然会自动备份，但请确保您已手动备份重要数据！","⚠️  警告：虽然会自动备份，但请确保您已手动备份重要数据！"
"⚠️  警告：如果有其他模块依赖于这些模块，可能会导致系统错误！","⚠️  警告：如果有其他模块依赖于这些模块，可能会导致系统错误！"
"请输入 ""yes"" 或 ""y"" 确认继续，输入其他任何内容取消：","请输入 ""yes"" 或 ""y"" 确认继续，输入其他任何内容取消："
自动确认模式：跳过确认，直接执行重装...,自动确认模式：跳过确认，直接执行重装...
强制模式：跳过确认，直接执行重装...,强制模式：跳过确认，直接执行重装...
备份批次时间戳：%{1},备份批次时间戳：%{1}
开始重新安装模块...,开始重新安装模块...
已清除模块注册信息，准备重新安装...,已清除模块注册信息，准备重新安装...
清除模块缓存，确保重新加载模块列表...,清除模块缓存，确保重新加载模块列表...
重新注册并安装模块...,重新注册并安装模块...
"模块 %{1} 未找到，跳过安装。","模块 %{1} 未找到，跳过安装。"
安装模块：%{1},安装模块：%{1}
"检测模块 %{1} 是否存在卸载备份记录...","检测模块 %{1} 是否存在卸载备份记录..."
"模块 %{1} 数据表已从卸载备份中恢复","模块 %{1} 数据表已从卸载备份中恢复"
"模块 %{1} 未从卸载备份中恢复：%{2}","模块 %{1} 未从卸载备份中恢复：%{2}"
"模块 %{1} 安装完成！","模块 %{1} 安装完成！"
"安装模块 %{1} 时出错：%{2}","安装模块 %{1} 时出错：%{2}"
模块重新安装完成！,模块重新安装完成！
处理模块：%{1},处理模块：%{1}
"步骤 1/3：备份、复制并删除数据库表...","步骤 1/3：备份、复制并删除数据库表..."
"步骤 2/3：从 modules.php 删除模块注册信息...","步骤 2/3：从 modules.php 删除模块注册信息..."
"步骤 3/3：从 module_dependencies.php 删除模块依赖信息...","步骤 3/3：从 module_dependencies.php 删除模块依赖信息..."
"模块 %{1} 清理完成！","模块 %{1} 清理完成！"
"未找到模块 Model，跳过数据库表删除。","未找到模块 Model，跳过数据库表删除。"
"发现 %{1} 个 Model 类","发现 %{1} 个 Model 类"
跳过不存在的类：%{1},跳过不存在的类：%{1}
"表 %{1} (或 %{2}) 不存在，跳过。","表 %{1} (或 %{2}) 不存在，跳过。"
备份表到文件：%{1}...,备份表到文件：%{1}...
无法获取表的建表语句,无法获取表的建表语句
无法创建备份文件：%{1},无法创建备份文件：%{1}
"✓ 备份文件：%{1}","✓ 备份文件：%{1}"
备份失败：%{1},备份失败：%{1}
将继续执行表复制...,将继续执行表复制...
"复制表：%{1} → %{2}...","复制表：%{1} → %{2}..."
"✓ 表已复制：%{1} (包含所有数据)","✓ 表已复制：%{1} (包含所有数据)"
表复制失败：%{1},表复制失败：%{1}
删除原表：%{1}...,删除原表：%{1}...
"✓ 原表已删除：%{1}","✓ 原表已删除：%{1}"
"✗ 删除表失败：%{1} - %{2}","✗ 删除表失败：%{1} - %{2}"
错误堆栈：%{1},错误堆栈：%{1}
"错误：处理 %{1} 时发生异常：%{2}","错误：处理 %{1} 时发生异常：%{2}"
"modules.php 文件不存在，跳过。","modules.php 文件不存在，跳过。"
"模块 %{1} 在 modules.php 中不存在，跳过。","模块 %{1} 在 modules.php 中不存在，跳过。"
"✓ 已从 modules.php 删除模块 %{1}","✓ 已从 modules.php 删除模块 %{1}"
"module_dependencies.php 文件不存在，跳过。","module_dependencies.php 文件不存在，跳过。"
"模块 %{1} 在 module_dependencies.php 中不存在，跳过。","模块 %{1} 在 module_dependencies.php 中不存在，跳过。"
"✓ 已从 module_dependencies.php 删除模块 %{1}","✓ 已从 module_dependencies.php 删除模块 %{1}"
备份表管理,备份表管理
"查询备份表失败：%{1} - %{2}","查询备份表失败：%{1} - %{2}"
未发现备份表。,未发现备份表。
发现以下备份表：,发现以下备份表：
"共 %{1} 个备份表，占用数据库空间。","共 %{1} 个备份表，占用数据库空间。"
"共 %{1} 个备份批次。","共 %{1} 个备份批次。"
这些备份表是历史备份，可以安全删除以释放空间。,这些备份表是历史备份，可以安全删除以释放空间。
如果您需要恢复数据，请选择保留。,如果您需要恢复数据，请选择保留。
提示：备份表按时间戳分批次，相同时间戳的表属于同一批次。,提示：备份表按时间戳分批次，相同时间戳的表属于同一批次。
强制模式：保留所有备份表。,强制模式：保留所有备份表。
自动确认模式：自动删除所有备份表。,自动确认模式：自动删除所有备份表。
"是否删除所有备份表？(yes/y=删除, no/n=保留)：","是否删除所有备份表？(yes/y=删除, no/n=保留)："
开始删除备份表...,开始删除备份表...
"✓ 已删除：%{1}","✓ 已删除：%{1}"
"✗ 删除失败：%{1} - %{2}","✗ 删除失败：%{1} - %{2}"
备份表清理完成！,备份表清理完成！
备份表已保留。,备份表已保留。
您可以稍后重新执行此命令并选择删除，或手动删除以下备份表：,您可以稍后重新执行此命令并选择删除，或手动删除以下备份表：
重新安装模块（危险操作，仅限开发模式）。此命令将删除模块的所有数据并重新安装。,重新安装模块（危险操作，仅限开发模式）。此命令将删除模块的所有数据并重新安装。
"模块 %{1} 没有 Setup 目录，跳过 Setup 安装。","模块 %{1} 没有 Setup 目录，跳过 Setup 安装。"
执行安装文件：%{1},执行安装文件：%{1}
安装文件执行完成：%{1},安装文件执行完成：%{1}
"删除模块的所有表（包括 Setup 中定义的表）...","删除模块的所有表（包括 Setup 中定义的表）..."
正在删除表：%{1}...,正在删除表：%{1}...
"✓ 已删除表：%{1}","✓ 已删除表：%{1}"
删除表时出错：%{1},删除表时出错：%{1}
"执行 Model 安装...","执行 Model 安装..."
"Model 安装完成","Model 安装完成"
已更新模块注册信息：%{1},已更新模块注册信息：%{1}
提示：此命令将执行以下模块的卸载程序。,提示：此命令将执行以下模块的卸载程序。
"- 模块不存在（未注册）","- 模块不存在（未注册）"
"- 模块已安装但代码已删除","- 模块已安装但代码已删除"
"- 将执行卸载程序","- 将执行卸载程序"
无可卸载模块,无可卸载模块
以下模块将被卸载：,以下模块将被卸载：
（仅清理注册信息）,（仅清理注册信息）
（执行卸载程序）,（执行卸载程序）
是否继续（y/n）？,是否继续（y/n）？
已取消执行！,已取消执行！
"清理模块 %{1} 的注册信息...","清理模块 %{1} 的注册信息..."
"模块 %{1} 注册信息已清理","模块 %{1} 注册信息已清理"
执行,执行
卸载程序...,卸载程序...
"开始为模块 %{1} 备份数据库表...","开始为模块 %{1} 备份数据库表..."
"模块 %{1} 数据库备份失败：%{2}，已取消卸载。","模块 %{1} 数据库备份失败：%{2}，已取消卸载。"
"模块 %{1} 数据库表备份完成（时间戳：%{2}）","模块 %{1} 数据库表备份完成（时间戳：%{2}）"
"模块 %{1} 备份成功","模块 %{1} 备份成功"
备份路径：%{1},备份路径：%{1}
"模块 %{1} 备份失败：%{2}","模块 %{1} 备份失败：%{2}"
未知错误,未知错误
正在更新系统注册表（Extends、事件、Hook、插件等）...,正在更新系统注册表（Extends、事件、Hook、插件等）...
"✓ 系统注册表已更新完成。","✓ 系统注册表已更新完成。"
正在更新标签注册表...,正在更新标签注册表...
"✓ 标签注册表已更新完成。","✓ 标签注册表已更新完成。"
标签注册表更新时发生错误：%{1},标签注册表更新时发生错误：%{1}
"模块卸载完成，共卸载 %{1} 个模块。","模块卸载完成，共卸载 %{1} 个模块。"
"一次仅支持恢复一个模块，请使用 -m 或 --module 指定单个模块名","一次仅支持恢复一个模块，请使用 -m 或 --module 指定单个模块名"
"模块 %{1} 在系统注册中不存在（可能已卸载），但仍可尝试恢复数据库表。","模块 %{1} 在系统注册中不存在（可能已卸载），但仍可尝试恢复数据库表。"
"未找到模块备份服务，请确认 Weline_ModuleManager 模块已安装并启用。","未找到模块备份服务，请确认 Weline_ModuleManager 模块已安装并启用。"
开始从备份中恢复模块数据：%{1},开始从备份中恢复模块数据：%{1}
指定备份时间戳：%{1},指定备份时间戳：%{1}
未指定备份时间戳，将使用最新的备份记录,未指定备份时间戳，将使用最新的备份记录
此操作将删除当前模块相关表（如果存在），并用备份表覆盖。,此操作将删除当前模块相关表（如果存在），并用备份表覆盖。
请确保已经备份当前数据。,请确保已经备份当前数据。
"输入 ""yes"" 或 ""y"" 确认继续，其他任何输入将取消：","输入 ""yes"" 或 ""y"" 确认继续，其他任何输入将取消："
"模块 %{1} 数据库表恢复成功。","模块 %{1} 数据库表恢复成功。"
"模块 %{1} 数据库表恢复失败：%{2}","模块 %{1} 数据库表恢复失败：%{2}"
不存在的模块:,不存在的模块:
1、正在执行卸载脚本...,1、正在执行卸载脚本...
模块卸载脚本不存在，已跳过卸载脚本！,模块卸载脚本不存在，已跳过卸载脚本！
卸载,卸载
2、备份应用程序...,2、备份应用程序...
3、卸载应用代码...,3、卸载应用代码...
"模块卸载后注册表更新失败: %{1}","模块卸载后注册表更新失败: %{1}"
模块已卸载完成！,模块已卸载完成！
"%{1} 模组所需依赖尚 %{2} 未安装！请先安装模块后继续执行，或者删除此依赖。","%{1} 模组所需依赖尚 %{2} 未安装！请先安装模块后继续执行，或者删除此依赖。"
：处理...,：处理...
尚未设置基础路径！%{1},尚未设置基础路径！%{1}
尚未设置模组目录！%{1},尚未设置模组目录！%{1}
尚未设置模组名！%{1},尚未设置模组名！%{1}
"模块 %{1} 的 env.php 文件中 router 配置必须是字符串类型，当前类型：%{2}","模块 %{1} 的 env.php 文件中 router 配置必须是字符串类型，当前类型：%{2}"
"模块 %{1} 的 env.php 文件中 backend_router 配置必须是字符串类型，当前类型：%{2}","模块 %{1} 的 env.php 文件中 backend_router 配置必须是字符串类型，当前类型：%{2}"
已禁用！,已禁用！
扩展%{1}安装中...,扩展%{1}安装中...
"扩展 %{1} 升级中...","扩展 %{1} 升级中..."
"升级 %{1} 到 %{2}","升级 %{1} 到 %{2}"
已更新！,已更新！
已安装！,已安装！
安装文件不存在：%{1},安装文件不存在：%{1}
"模块 %{1} 没有 installing 标志，跳过安装。模块数据：%{2}","模块 %{1} 没有 installing 标志，跳过安装。模块数据：%{2}"
路由更新：,路由更新：
"模块列表更新后注册表刷新失败: %{1}","模块列表更新后注册表刷新失败: %{1}"
系统,系统
原命令,原命令
当前生产环境：确认切换实时翻译模式么？Y/n,当前生产环境：确认切换实时翻译模式么？Y/n
"%{1} 拦截器Plugin未指定name属性：<plugin name=""pluginName"">...</plugin>","%{1} 拦截器Plugin未指定name属性：<plugin name=""pluginName"">...</plugin>"
"%{1} 拦截器Plugin未指定class属性：<plugin class=""pluginClass"">...</plugin>","%{1} 拦截器Plugin未指定class属性：<plugin class=""pluginClass"">...</plugin>"
"%{1} 拦截器Interceptor没有设置属性：<interceptor name=""interceptorName"" instance=""instanceClass"" disabled=""false"" sort=""0""/>","%{1} 拦截器Interceptor没有设置属性：<interceptor name=""interceptorName"" instance=""instanceClass"" disabled=""false"" sort=""0""/>"
"%{1} 拦截器Interceptor没有设置name属性：<interceptor name=""interceptorName"" instance=""instanceClass"" disabled=""false"" sort=""0""/>","%{1} 拦截器Interceptor没有设置name属性：<interceptor name=""interceptorName"" instance=""instanceClass"" disabled=""false"" sort=""0""/>"
"%{1} 拦截器Interceptor没有设置instance属性：<interceptor name=""interceptorName"" instance=""instanceClass"" disabled=""false"" sort=""0""/>","%{1} 拦截器Interceptor没有设置instance属性：<interceptor name=""interceptorName"" instance=""instanceClass"" disabled=""false"" sort=""0""/>"
拦截器缓存清理成功！,拦截器缓存清理成功！
插件缓存清理！,插件缓存清理！
编译开始...,编译开始...
清除旧编译内容...,清除旧编译内容...
清除编译缓存...,清除编译缓存...
编译结束...,编译结束...
"请指定操作：enable/disable 或 0/1","请指定操作：enable/disable 或 0/1"
关闭,Close
当前插件缓存状态：,当前插件缓存状态：
插件缓存,插件缓存
没有找到插件缓存配置,没有找到插件缓存配置
"插件缓存状态设置：enable/disable 或 0/1","插件缓存状态设置：enable/disable 或 0/1"
无法动态代理final类:%{1},无法动态代理final类:%{1}
静态函数尚不支持代理：%{1},静态函数尚不支持代理：%{1}
安装器必须继承：,安装器必须继承：
注册文件不存在！,注册文件不存在！
。找到的调用：,。找到的调用：
"正在更新 Extends 注册表...","正在更新 Extends 注册表..."
"✓ Extends 注册表已更新完成。","✓ Extends 注册表已更新完成。"
"Extends 注册表更新失败，但将继续执行。","Extends 注册表更新失败，但将继续执行。"
"Extends 注册表更新失败: %{1}","Extends 注册表更新失败: %{1}"
正在更新插件注册表...,正在更新插件注册表...
"✓ 插件注册表已更新完成。","✓ 插件注册表已更新完成。"
正在编译插件/DI以识别新注册的插件...,正在编译插件/DI以识别新注册的插件...
"✓ 插件/DI编译完成，新插件已识别。","✓ 插件/DI编译完成，新插件已识别。"
插件/DI编译失败：%{1}，但将继续执行。,插件/DI编译失败：%{1}，但将继续执行。
插件注册表更新失败，但将继续执行。,插件注册表更新失败，但将继续执行。
"插件注册表更新失败: %{1}","插件注册表更新失败: %{1}"
正在更新事件注册表...,正在更新事件注册表...
"✓ 事件注册表已更新完成。","✓ 事件注册表已更新完成。"
事件注册表更新失败，但将继续执行。,事件注册表更新失败，但将继续执行。
"事件注册表更新失败: %{1}","事件注册表更新失败: %{1}"
"正在更新 Hook 注册表...","正在更新 Hook 注册表..."
"✓ Hook 注册表已更新完成。","✓ Hook 注册表已更新完成。"
"Hook 注册表更新失败，但将继续执行。","Hook 注册表更新失败，但将继续执行。"
"Hook 注册表更新失败（致命错误）: %{1}","Hook 注册表更新失败（致命错误）: %{1}"
"Hook 注册表更新失败: %{1}","Hook 注册表更新失败: %{1}"
正在更新命令注册表...,正在更新命令注册表...
"✓ 命令注册表已更新完成。","✓ 命令注册表已更新完成。"
"命令注册表更新失败: %{1}","命令注册表更新失败: %{1}"
跳过命令注册表更新（由调用方单独处理）,跳过命令注册表更新（由调用方单独处理）
没有需要更新的模块，跳过注册表更新。,没有需要更新的模块，跳过注册表更新。
未找到任何路由文件。请先运行路由生成命令。,未找到任何路由文件。请先运行路由生成命令。
"路由列表 (共 %{1} 条)","路由列表 (共 %{1} 条)"
路由路径,路由路径
HTTP方法,HTTP方法
控制器,控制器
"%{1}: 控制器方法 %{2} 不存在!","%{1}: 控制器方法 %{2} 不存在!"
开始更新所有模块的路由...,开始更新所有模块的路由...
开始更新指定模块的路由：%{1},开始更新指定模块的路由：%{1}
"模块 %{1} 路由注册失败：%{2}","模块 %{1} 路由注册失败：%{2}"
%{1}：分析路由...,%{1}：分析路由...
%{1}：路由分析完成...,%{1}：路由分析完成...
验证并提交路由更新...,验证并提交路由更新...
验证失败,验证失败
路由更新验证失败：%{1},路由更新验证失败：%{1}
"- 正在写入路由文件...","- 正在写入路由文件..."
"✓ 路由文件写入完成！","✓ 路由文件写入完成！"
路由文件写入失败：%{1},路由文件写入失败：%{1}
启动RPC服务。,启动RPC服务。
未发现任何框架约束规则。,未发现任何框架约束规则。
"正在验证框架约束规则（共 %{1} 条）...","正在验证框架约束规则（共 %{1} 条）..."
"验证规则：%{1} - %{2}","验证规则：%{1} - %{2}"
"✓ 通过","✓ 通过"
"✗ 失败","✗ 失败"
框架约束规则验证失败，请修复上述问题后重新运行系统更新命令。,框架约束规则验证失败，请修复上述问题后重新运行系统更新命令。
所有框架约束规则验证通过！,所有框架约束规则验证通过！
═══════════════════════════════════════════════════════════,═══════════════════════════════════════════════════════════
框架约束规则验证失败,框架约束规则验证失败
验证统计：,验证统计：
总规则数：%{1},总规则数：%{1}
通过：%{1},通过：%{1}
失败：%{1},失败：%{1}
失败的规则详情：,失败的规则详情：
"【失败规则 %{1}/%{2}】%{3}","【失败规则 %{1}/%{2}】%{3}"
规则简述：%{1},规则简述：%{1}
规则分类：%{1},规则分类：%{1}
违反详情：%{1},违反详情：%{1}
规则说明：,规则说明：
%{1},%{1}
─────────────────────────────────────────────────────────────,─────────────────────────────────────────────────────────────
系统更新已停止,系统更新已停止
"请修复上述 %{1} 个规则违反后，重新运行系统更新命令","请修复上述 %{1} 个规则违反后，重新运行系统更新命令"
测试类不应放在业务代码目录下,测试类不应放在业务代码目录下
"测试类（继承自 PHPUnit\Framework\TestCase 或 Weline\Framework\UnitTest\TestCore，或类名包含 Test）不应放在业务代码目录（Model、Controller、Block、Helper、Observer、Plugin、Console、View、Taglib、Api）下。测试类应放在专门的测试目录（如 Test、UnitTest、Tests、tests）下。","测试类（继承自 PHPUnit\Framework\TestCase 或 Weline\Framework\UnitTest\TestCore，或类名包含 Test）不应放在业务代码目录（Model、Controller、Block、Helper、Observer、Plugin、Console、View、Taglib、Api）下。测试类应放在专门的测试目录（如 Test、UnitTest、Tests、tests）下。"
检测到测试类位置约束违反，请修复后重试。,检测到测试类位置约束违反，请修复后重试。
"发现 %{1} 处测试类位置约束违反：","发现 %{1} 处测试类位置约束违反："
"模块：%{1}（%{2} 处违反）","模块：%{1}（%{2} 处违反）"
"[%{1}] 测试类 %{2} 不应放在业务代码目录 %{3} 下","[%{1}] 测试类 %{2} 不应放在业务代码目录 %{3} 下"
文件位置：%{1},文件位置：%{1}
"修复建议：将测试文件移动到专门的测试目录（如 Test、UnitTest、Tests、tests）下","修复建议：将测试文件移动到专门的测试目录（如 Test、UnitTest、Tests、tests）下"
"参数 provider 不能为空","参数 provider 不能为空"
"参数 operation 不能为空","参数 operation 不能为空"
查询被拒绝,查询被拒绝
"introspect 参数 what 必须为 providers、operations 或 operation，当前：%{1}","introspect 参数 what 必须为 providers、operations 或 operation，当前：%{1}"
"introspect what=operations 时，参数 provider 必填","introspect what=operations 时，参数 provider 必填"
"未找到 provider：%{1}","未找到 provider：%{1}"
"introspect what=operation 时，参数 provider 和 operation 必填","introspect what=operation 时，参数 provider 和 operation 必填"
"provider %{1} 中未找到 operation：%{2}","provider %{1} 中未找到 operation：%{2}"
"缺少 operation 参数","缺少 operation 参数"
"CRUD 通用查询","CRUD 通用查询"
"基于模型的通用增删改查操作，支持任意 AbstractModel 子类","基于模型的通用增删改查操作，支持任意 AbstractModel 子类"
创建记录,创建记录
"模型类名或短名（配合 module 参数）","模型类名或短名（配合 module 参数）"
"模块名（使用短 model 名时必填，如 Weline_Widget）","模块名（使用短 model 名时必填，如 Weline_Widget）"
要写入的字段键值对,要写入的字段键值对
读取单条记录,读取单条记录
模型类名或短名,模型类名或短名
模块名,模块名
主键值,主键值
"主键字段名，默认 id","主键字段名，默认 id"
更新记录,更新记录
要更新的字段键值对,要更新的字段键值对
删除记录,删除记录
列表查询（分页、过滤、排序）,列表查询（分页、过滤、排序）
"页码，默认 1","页码，默认 1"
"每页条数，默认 20","每页条数，默认 20"
排序字段,排序字段
"排序方向，ASC 或 DESC，默认 DESC","排序方向，ASC 或 DESC，默认 DESC"
"过滤条件数组，每项 {field, operator, value}","过滤条件数组，每项 {field, operator, value}"
"不支持的默认 CRUD 操作：%{1}","不支持的默认 CRUD 操作：%{1}"
"参数 model 必填","参数 model 必填"
"model 必须是有效模型类名：%{1}","model 必须是有效模型类名：%{1}"
"参数 id 必填","参数 id 必填"
未找到要更新的数据,未找到要更新的数据
未找到要删除的数据,未找到要删除的数据
"Session 驱动找不到！请检查env配置文件中 session['default'] 是否正确。驱动类：%{1}","Session 驱动找不到！请检查env配置文件中 session['default'] 是否正确。驱动类：%{1}"
"指定Session驱动为: %{1} 但是驱动类找不到!","指定Session驱动为: %{1} 但是驱动类找不到!"
"后台优化任务完成，耗时 %{1} 秒","后台优化任务完成，耗时 %{1} 秒"
"- 类映射缓存: %{1} 个类","- 类映射缓存: %{1} 个类"
"- PSR-4 映射缓存: %{1} 个命名空间","- PSR-4 映射缓存: %{1} 个命名空间"
"后台优化任务失败: %{1}","后台优化任务失败: %{1}"
后台执行优化缓存生成（类映射、PSR-4、反射编译）,后台执行优化缓存生成（类映射、PSR-4、反射编译）
跳过反射元数据编译,跳过反射元数据编译
手动执行,手动执行
跳过反射编译,跳过反射编译
"正在检查 composer 命令...","正在检查 composer 命令..."
"未找到 composer 命令！请确保 composer 已安装并添加到系统 PATH 中。","未找到 composer 命令！请确保 composer 已安装并添加到系统 PATH 中。"
"找到 composer 命令: %{1}","找到 composer 命令: %{1}"
"正在清理 generated/code 目录...","正在清理 generated/code 目录..."
"正在运行 composer dump-autoload...","正在运行 composer dump-autoload..."
"无法切换到项目根目录: %{1}","无法切换到项目根目录: %{1}"
"composer dump-autoload 执行失败（返回码: %{1}）: %{2}","composer dump-autoload 执行失败（返回码: %{1}）: %{2}"
"✓ composer dump-autoload 执行成功。","✓ composer dump-autoload 执行成功。"
"执行 composer dump-autoload 时发生错误: %{1}","执行 composer dump-autoload 时发生错误: %{1}"
"✓ generated/code 目录已清理。","✓ generated/code 目录已清理。"
"generated/code 目录为空，无需清理。","generated/code 目录为空，无需清理。"
"清理 generated/code 目录时发生错误: %{1}，将继续执行。","清理 generated/code 目录时发生错误: %{1}，将继续执行。"
系统升级过程中发生错误：%{1},系统升级过程中发生错误：%{1}
系统升级命令正在执行中，请稍后再试。,系统升级命令正在执行中，请稍后再试。
如果确认没有其他升级进程在运行，可以手动删除锁文件：%{1},如果确认没有其他升级进程在运行，可以手动删除锁文件：%{1}
获取升级锁失败：%{1},获取升级锁失败：%{1}
已启用延迟注册表更新模式（批量优化）,已启用延迟注册表更新模式（批量优化）
正在准备系统环境...,正在准备系统环境...
已跳过环境依赖检测,已跳过环境依赖检测
正在检测环境依赖...,正在检测环境依赖...
"✓ 环境依赖检测通过","✓ 环境依赖检测通过"
环境依赖检测未通过，正在自动修复...,环境依赖检测未通过，正在自动修复...
自动修复完成，重新检测环境...,自动修复完成，重新检测环境...
"✓ 环境问题已全部修复","✓ 环境问题已全部修复"
部分问题未能自动修复：,部分问题未能自动修复：
"缺失的扩展: %{exts}","缺失的扩展: %{exts}"
"被禁用的函数: %{funcs}","被禁用的函数: %{funcs}"
"未满足的依赖: %{name}","未满足的依赖: %{name}"
您可以选择：,您可以选择：
"1. 仍继续升级（可能导致问题）","1. 仍继续升级（可能导致问题）"
"2. 退出升级，手动修复后重试","2. 退出升级，手动修复后重试"
"请选择 (1/2)：","请选择 (1/2)："
您选择继续升级，可能会遇到问题,您选择继续升级，可能会遇到问题
升级已取消,升级已取消
用户选择退出升级,用户选择退出升级
"环境依赖检测出错: %{1}","环境依赖检测出错: %{1}"
环境依赖检测出错：%{1}，继续执行升级...,环境依赖检测出错：%{1}，继续执行升级...
框架约束规则系统错误：%{1},框架约束规则系统错误：%{1}
框架约束规则系统错误，无法继续升级。请检查规则系统配置。,框架约束规则系统错误，无法继续升级。请检查规则系统配置。
系统已设置为维护模式，开始执行升级...,系统已设置为维护模式，开始执行升级...
检测到模块安装或升级，正在重新收集注册表信息...,检测到模块安装或升级，正在重新收集注册表信息...
系统升级完成！,系统升级完成！
正在启动后台优化任务...,正在启动后台优化任务...
"✓ 后台优化任务已启动 (PID: %{1})","✓ 后台优化任务已启动 (PID: %{1})"
"优化内容：类映射缓存、PSR-4 映射、反射编译","优化内容：类映射缓存、PSR-4 映射、反射编译"
日志文件：var/log/setup_background_optimize.log,日志文件：var/log/setup_background_optimize.log
后台任务启动失败，改为同步执行...,后台任务启动失败，改为同步执行...
"后台任务启动异常: %{1}，改为同步执行...","后台任务启动异常: %{1}，改为同步执行..."
正在生成优化缓存...,正在生成优化缓存...
"✓ 优化缓存生成完成。","✓ 优化缓存生成完成。"
反射/工厂编译出现警告（exit=%{1}），不影响系统功能。,反射/工厂编译出现警告（exit=%{1}），不影响系统功能。
反射/工厂编译跳过：%{1},反射/工厂编译跳过：%{1}
"- 类映射缓存已生成，共 %{1} 个类","- Class mapping cache generated, %{1} classes in total"
"- 跳过 PSR-4 缓存生成：Composer autoload 未找到","- 跳过 PSR-4 缓存生成：Composer autoload 未找到"
"- PSR-4 映射缓存已生成，共 %{1} 个命名空间","- PSR-4 mapping cache generated, %{1} namespaces in total"
"- 跳过 PSR-4 缓存生成：没有需要优化的映射","- 跳过 PSR-4 缓存生成：没有需要优化的映射"
已禁用延迟注册表更新模式,已禁用延迟注册表更新模式
维护模式已关闭。,维护模式已关闭。
正在更新所有注册表...,正在更新所有注册表...
"✓ 所有注册表已更新完成。","✓ 所有注册表已更新完成。"
部分注册表更新失败，但将继续执行。,部分注册表更新失败，但将继续执行。
"注册表更新失败（致命错误）: %{1}","注册表更新失败（致命错误）: %{1}"
"注册表更新失败: %{1}","注册表更新失败: %{1}"
注册表更新失败：%{1}，但将继续执行。,注册表更新失败：%{1}，但将继续执行。
收集标签注册表...,收集标签注册表...
"✓ 标签注册表已收集完成。","✓ 标签注册表已收集完成。"
"标签注册表收集失败: %{1}","标签注册表收集失败: %{1}"
标签注册表收集时发生错误：%{1}，但将继续执行。,标签注册表收集时发生错误：%{1}，但将继续执行。
注册表已在本次升级中收集过，跳过重复收集,注册表已在本次升级中收集过，跳过重复收集
检测到模块安装或升级，正在重新收集所有注册表信息...,检测到模块安装或升级，正在重新收集所有注册表信息...
"指定模块升级模式：仅升级 %{1}","指定模块升级模式：仅升级 %{1}"
委托部分更新已运行！,委托部分更新已运行！
"清理模块 %{1} 的缓存...","清理模块 %{1} 的缓存..."
已清理：%{1},已清理：%{1}
指定模块缓存清理完成,指定模块缓存清理完成
1)注册模组,1)注册模组
2)刷新注册表（事件/Hook/Extends）,2)刷新注册表（事件/Hook/Extends）
"以下模块的 register.php 文件存在但无法解析，将尝试手动注册：","以下模块的 register.php 文件存在但无法解析，将尝试手动注册："
"- %{1}: %{2}","- %{1}: %{2}"
文件为空，将跳过该模块的自动注册。,文件为空，将跳过该模块的自动注册。
"✓ 已成功执行 register.php 文件。","✓ 已成功执行 register.php 文件。"
"执行 register.php 文件时出错：%{1}","执行 register.php 文件时出错：%{1}"
"这些模块的 register.php 文件无法自动解析，但不会中断升级流程。","这些模块的 register.php 文件无法自动解析，但不会中断升级流程。"
"发现严重错误！请检查 %{1} 模块是否已经被删除，请手动确认并删除 %{2} 中关于此模块的信息！","发现严重错误！请检查 %{1} 模块是否已经被删除，请手动确认并删除 %{2} 中关于此模块的信息！"
输入以下信息选项，确认操作！,输入以下信息选项，确认操作！
"1) 停止执行。手动确认模块信息并处理。【默认】","1) 停止执行。手动确认模块信息并处理。【默认】"
"2) 继续执行。（可能会出现不可预知的错误）","2) 继续执行。（可能会出现不可预知的错误）"
程序停止运行，请检查问题后继续执行！,程序停止运行，请检查问题后继续执行！
"用户选择停止执行：模块 %{1} 已被删除，请手动确认并删除 %{2} 中关于此模块的信息","用户选择停止执行：模块 %{1} 已被删除，请手动确认并删除 %{2} 中关于此模块的信息"
你选择了继续执行，可能会出现不可预知的错误。,你选择了继续执行，可能会出现不可预知的错误。
"%{1} 秒后程序继续执行 %{2} ...\r","%{1} 秒后程序继续执行 %{2} ...\r"
"进入仅更新路由模式，使用 RouteUpdateService 处理路由更新...","进入仅更新路由模式，使用 RouteUpdateService 处理路由更新..."
"✓ 路由更新完成（仅路由模式）","✓ 路由更新完成（仅路由模式）"
收集模块升级任务：%{1},收集模块升级任务：%{1}
收集模块安装任务：%{1},收集模块安装任务：%{1}
"- 批量收集数据库更新任务...","- 批量收集数据库更新任务..."
"- 仅更新路由模式，跳过数据库更新任务收集","- 仅更新路由模式，跳过数据库更新任务收集"
"- 批量收集路由注册任务...","- 批量收集路由注册任务..."
"✓ 所有阶段准备完成","✓ 所有阶段准备完成"
阶段准备失败：%{1},阶段准备失败：%{1}
"✓ 所有阶段验证通过","✓ 所有阶段验证通过"
阶段验证失败：%{1},阶段验证失败：%{1}
"- 提交模块安装/升级阶段...","- 提交模块安装/升级阶段..."
检测到模块安装/升级，重新收集后续任务...,检测到模块安装/升级，重新收集后续任务...
"- 重新收集数据库更新任务...","- 重新收集数据库更新任务..."
"- 重新收集路由注册任务...","- 重新收集路由注册任务..."
"- 为模块 %{1} 注册路由...","- 为模块 %{1} 注册路由..."
"模块 %{1} 路由重新注册失败：%{2}，继续执行...","模块 %{1} 路由重新注册失败：%{2}，继续执行..."
"- 重新验证更新的阶段...","- 重新验证更新的阶段..."
数据库更新阶段验证失败：%{1},数据库更新阶段验证失败：%{1}
路由更新阶段验证失败：%{1},路由更新阶段验证失败：%{1}
"- 提交数据库更新阶段...","- 提交数据库更新阶段..."
"- 仅更新路由模式，跳过数据库更新阶段提交","- 仅更新路由模式，跳过数据库更新阶段提交"
"- 提交路由更新阶段...","- 提交路由更新阶段..."
"- 提交文件更新阶段...","- 提交文件更新阶段..."
"✓ 所有阶段更新完成！","✓ 所有阶段更新完成！"
阶段提交失败：%{1},阶段提交失败：%{1}
"指定模块 %{1} 更新完毕！","指定模块 %{1} 更新完毕！"
"- 准备函数文件更新...","- 准备函数文件更新..."
"- 写入函数文件：%{1}","- 写入函数文件：%{1}"
"✓ 函数文件写入完成！","✓ 函数文件写入完成！"
函数文件更新验证失败：%{1},函数文件更新验证失败：%{1}
函数文件写入失败：%{1},函数文件写入失败：%{1}
处理已启用模块的升级后事件：%{1},处理已启用模块的升级后事件：%{1}
跳过已禁用模块的菜单收集：%{1},跳过已禁用模块的菜单收集：%{1}
"生成 modules.json 用于 E2E 测试用例收集...","生成 modules.json 用于 E2E 测试用例收集..."
"✓ modules.json 已生成: %{1}","✓ modules.json 已生成: %{1}"
"生成 modules.json 失败: %{1}","生成 modules.json 失败: %{1}"
"生成 modules.json 时发生错误：%{1}，但将继续执行。","生成 modules.json 时发生错误：%{1}，但将继续执行。"
检测到新安装的模块：%{1}，正在重新收集注册表信息...,检测到新安装的模块：%{1}，正在重新收集注册表信息...
"✓ 信息收集完成。","✓ 信息收集完成。"
未检测到新安装的模块，跳过信息收集。,未检测到新安装的模块，跳过信息收集。
正在执行热更新...,正在执行热更新...
"未检测到运行中的 WLS 服务器实例。","未检测到运行中的 WLS 服务器实例。"
"实例 %{1} 的主进程 (PID: %{2}) 未运行","实例 %{1} 的主进程 (PID: %{2}) 未运行"
"已向实例 %{1} (PID: %{2}) 发送热重载信号","已向实例 %{1} (PID: %{2}) 发送热重载信号"
"无法向实例 %{1} 发送信号","无法向实例 %{1} 发送信号"
"热更新信号已发送给 %{1} 个实例","热更新信号已发送给 %{1} 个实例"
"没有可用的 WLS 实例接收热更新信号","没有可用的 WLS 实例接收热更新信号"
"检测到运行中的 WLS 服务器，发送热重载信号...","检测到运行中的 WLS 服务器，发送热重载信号..."
"跳过反射元数据与编译型工厂生成（可事后执行 reflection:compile）","Skip reflection metadata and compiled factories generation (run reflection:compile later if needed)"
禁用后台优化任务，改为同步执行（等待缓存生成完成）,禁用后台优化任务，改为同步执行（等待缓存生成完成）
"同上，--skip-background-optimize 的简写","同上，--skip-background-optimize 的简写"
"跳过反射编译（加快 s:up）","Skip reflection compile (speed up s:up)"
同步执行优化（等待完成）,同步执行优化（等待完成）
"env.php 中数据库配置有效，直接执行安装...","env.php 中数据库配置有效，直接执行安装..."
"检测到系统尚未安装（-y 模式），按 env.php 中 db 配置直接安装...","检测到系统尚未安装（-y 模式），按 env.php 中 db 配置直接安装..."
"检测到系统尚未安装（-y 模式），直接执行开发环境快速安装...","检测到系统尚未安装（-y 模式），直接执行开发环境快速安装..."
检测到系统尚未安装！,检测到系统尚未安装！
警告,Warning
检测到非交互式环境，自动使用默认开发环境快速安装模式...,检测到非交互式环境，自动使用默认开发环境快速安装模式...
"此模式将使用默认的 SQLite 数据库，仅适合开发测试使用。","此模式将使用默认的 SQLite 数据库，仅适合开发测试使用。"
"生产环境强烈建议使用命令行安装并配置 MySQL 数据库！","生产环境强烈建议使用命令行安装并配置 MySQL 数据库！"
开始使用开发环境快速安装...,开始使用开发环境快速安装...
请选择安装方式：,请选择安装方式：
"1. 使用命令行安装（推荐生产环境）","1. 使用命令行安装（推荐生产环境）"
"2. 使用默认开发环境快速安装（仅建议开发者使用，生产环境慎用）","2. 使用默认开发环境快速安装（仅建议开发者使用，生产环境慎用）"
"请输入选项 (1/2)：","请输入选项 (1/2)："
未输入选项，使用默认开发环境快速安装模式...,未输入选项，使用默认开发环境快速安装模式...
您选择了开发环境快速安装模式。,您选择了开发环境快速安装模式。
是否继续？(y/n)：,是否继续？(y/n)：
未输入确认，默认继续安装...,未输入确认，默认继续安装...
安装已取消。,安装已取消。
无效的选项！请重新运行命令。,无效的选项！请重新运行命令。
═══════════════════════════════════════════════════════════════,═══════════════════════════════════════════════════════════════
"正在显示 system:install 命令帮助信息...","正在显示 system:install 命令帮助信息..."
"无法加载 system:install 命令帮助信息","无法加载 system:install 命令帮助信息"
加载帮助信息失败：,加载帮助信息失败：
系统识别到您初次安装！已为您初始化安装参数。,系统识别到您初次安装！已为您初始化安装参数。
安装,安装
您的后台入口地址密钥：%{1},您的后台入口地址密钥：%{1}
"您的 REST 后台入口地址密钥：%{1}","您的 REST 后台入口地址密钥：%{1}"
使用server:start命令指定的地址访问网站，默认使用http://127.0.0.1:9981，例如:,使用server:start命令指定的地址访问网站，默认使用http://127.0.0.1:9981，例如:
访问后台：%{1}/admin/login,访问后台：%{1}/admin/login
"访问后台 REST API：%{1}","访问后台 REST API：%{1}"
"默认使用 sqlite 作为开发数据库，若要修改数据库请编辑 %{1} 下的 env.php 中 db 键。","默认使用 sqlite 作为开发数据库，若要修改数据库请编辑 %{1} 下的 env.php 中 db 键。"
"系统已按 env.php 中数据库配置完成安装。","系统已按 env.php 中数据库配置完成安装。"
"ModelSetup: Model 未初始化，请先调用 putModel()","ModelSetup: Model 未初始化，请先调用 putModel()"
"表不存在: %{1}","表不存在: %{1}"
源表不存在：%1,源表不存在：%1
无法获取表的建表语句：%1,无法获取表的建表语句：%1
复制表失败：%1,复制表失败：%1
"%{1} 表不存在，无法判断字段是否存在！","%{1} 表不存在，无法判断字段是否存在！"
"ModelSetup: 删除字段需要模块信息，请先调用 setContext() 或提供 moduleName 和 version 参数","ModelSetup: 删除字段需要模块信息，请先调用 setContext() 或提供 moduleName 和 version 参数"
"ModelSetup: 无法获取模块信息，将尝试恢复所有版本的备份数据","ModelSetup: 无法获取模块信息，将尝试恢复所有版本的备份数据"
"字段 %{1}.%{2} 不存在，无需备份","字段 %{1}.%{2} 不存在，无需备份"
"字段 %{1}.%{2} 没有数据需要备份","字段 %{1}.%{2} 没有数据需要备份"
"字段 %{1}.%{2} 数据备份完成，共 %{3} 条记录","字段 %{1}.%{2} 数据备份完成，共 %{3} 条记录"
"备份字段 %{1}.%{2} 数据失败：%{3}","备份字段 %{1}.%{2} 数据失败：%{3}"
"字段 %{1}.%{2} 不存在，无法恢复数据","字段 %{1}.%{2} 不存在，无法恢复数据"
"字段 %{1}.%{2} 没有可恢复的备份数据","字段 %{1}.%{2} 没有可恢复的备份数据"
"字段 %{1}.%{2} 数据恢复完成，共恢复 %{3} 条记录，产生 %{4} 条冲突（已记录到冲突表）","字段 %{1}.%{2} 数据恢复完成，共恢复 %{3} 条记录，产生 %{4} 条冲突（已记录到冲突表）"
"恢复字段 %{1}.%{2} 数据失败：%{3}","恢复字段 %{1}.%{2} 数据失败：%{3}"
"无法获取字段 %{1}.%{2} 的结构定义信息，已跳过结构备份","无法获取字段 %{1}.%{2} 的结构定义信息，已跳过结构备份"
"备份字段结构定义 %{1}.%{2} 失败：%{3}","备份字段结构定义 %{1}.%{2} 失败：%{3}"
模块不存在或者被删除！,模块不存在或者被删除！
"阶段 %{1} 尚未准备","阶段 %{1} 尚未准备"
"无效的更新类型：%{1}，允许的值：install, upgrade, setup","无效的更新类型：%{1}，允许的值：install, upgrade, setup"
无效的模块对象,无效的模块对象
"模块 %{1} 的更新类型无效：%{2}","模块 %{1} 的更新类型无效：%{2}"
"阶段 %{1} 尚未准备，无法提交","阶段 %{1} 尚未准备，无法提交"
"模块 %{1} 的 %{2} 更新失败：%{3}","模块 %{1} 的 %{2} 更新失败：%{3}"
数据库更新失败：%{1},数据库更新失败：%{1}
无法创建目录：%{1},无法创建目录：%{1}
"写入文件 %{1} 失败：%{2}","写入文件 %{1} 失败：%{2}"
部分文件写入失败：%{1},部分文件写入失败：%{1}
"回滚文件 %{1} 失败：%{2}","回滚文件 %{1} 失败：%{2}"
无效的安装模块对象,无效的安装模块对象
无效的升级模块对象,无效的升级模块对象
"模块 %{1} 升级失败：%{2}","模块 %{1} 升级失败：%{2}"
模块升级失败：%{1},模块升级失败：%{1}
"模块 %{1} 安装失败：%{2}","模块 %{1} 安装失败：%{2}"
模块安装失败：%{1},模块安装失败：%{1}
"清理模块 %{1} 路由失败：%{2}","清理模块 %{1} 路由失败：%{2}"
批量模式未启用，无法提交路由更新,批量模式未启用，无法提交路由更新
"回滚路由文件 %{1} 失败：%{2}","回滚路由文件 %{1} 失败：%{2}"
"阶段 %{1} 已注册","阶段 %{1} 已注册"
"阶段 %{1} 已准备，跳过...","阶段 %{1} 已准备，跳过..."
准备阶段：%{1}...,准备阶段：%{1}...
"✓ 阶段 %{1} 准备完成","✓ 阶段 %{1} 准备完成"
"阶段 %{1} 准备失败：%{2}","阶段 %{1} 准备失败：%{2}"
"阶段 %{1} 尚未准备，无法验证","阶段 %{1} 尚未准备，无法验证"
"阶段 %{1} 验证失败：%{2}","阶段 %{1} 验证失败：%{2}"
提交阶段：%{1}...,提交阶段：%{1}...
"✓ 阶段 %{1} 提交完成","✓ 阶段 %{1} 提交完成"
"阶段 %{1} 提交失败：%{2}","阶段 %{1} 提交失败：%{2}"
回滚阶段：%{1}...,回滚阶段：%{1}...
"✓ 阶段 %{1} 回滚完成","✓ 阶段 %{1} 回滚完成"
"阶段 %{1} 回滚失败：%{2}","阶段 %{1} 回滚失败：%{2}"
"✓ 所有阶段更新完成","✓ 所有阶段更新完成"
阶段更新失败：%{1},阶段更新失败：%{1}
"升级到 PHP 8.4+ 可获得 Lazy Objects 支持，预计启动时间减少 40%%，内存减少 30%%","升级到 PHP 8.4+ 可获得 Lazy Objects 支持，预计启动时间减少 40%%，内存减少 30%%"
"PHP 8.4+ 提供新数组函数 (array_find/array_any/array_all)，可简化代码并提升性能","PHP 8.4+ 提供新数组函数 (array_find/array_any/array_all)，可简化代码并提升性能"
"PHP 8.4+ 支持 Property Hooks，可在 Model 属性上直接定义 get/set 行为","PHP 8.4+ 支持 Property Hooks，可在 Model 属性上直接定义 get/set 行为"
当前系统配置（env.php）：,当前系统配置（env.php）：
"配置键 ""%{1}"" 不存在或值为 null","配置键 ""%{1}"" 不存在或值为 null"
"读取系统配置项（来自 env.php）","读取系统配置项（来自 env.php）"
"读取 env.php 中的系统配置项，支持点号分隔的嵌套键。不传 key 则显示全部配置。","读取 env.php 中的系统配置项，支持点号分隔的嵌套键。不传 key 则显示全部配置。"
"配置键名（可选），支持点号分隔（如 server.host）","配置键名（可选），支持点号分隔（如 server.host）"
查看全部配置,查看全部配置
查看服务器配置,查看服务器配置
查看监听地址,查看监听地址
查看数据库类型,查看数据库类型
配置已更新,配置已更新
"配置写入失败，请检查 app/etc/env.php 文件权限","配置写入失败，请检查 app/etc/env.php 文件权限"
"设置系统配置项（写入 env.php）","设置系统配置项（写入 env.php）"
"设置 env.php 中的系统配置项，支持点号分隔的嵌套键","设置 env.php 中的系统配置项，支持点号分隔的嵌套键"
"配置键名，支持点号分隔（如 server.host）","配置键名，支持点号分隔（如 server.host）"
"配置值（自动识别 int/float/bool/null/string 类型）","配置值（自动识别 int/float/bool/null/string 类型）"
设置服务器监听地址,设置服务器监听地址
设置服务器监听端口,设置服务器监听端口
"设置 Worker 数量","设置 Worker 数量"
设置智能模式,设置智能模式
设置布尔值,设置布尔值
设置顶级配置,设置顶级配置
数据库配置为空！已使用默认Sqlite数据库！,数据库配置为空！已使用默认Sqlite数据库！
"沙盒数据库配置为空！示例：bin/w system:install --sandbox_db-type=mysql","沙盒数据库配置为空！示例：bin/w system:install --sandbox_db-type=mysql"
沙盒数据库,沙盒数据库
数据库,数据库
"配置不能为空！示例：bin/w system:install --db-","配置不能为空！示例：bin/w system:install --db-"
压缩文件时发生异常,压缩文件时发生异常
创建压缩文件时发生异常,创建压缩文件时发生异常
解压文件打开异常：,解压文件打开异常：
不存在的文件！,不存在的文件！
无法打开URL,无法打开URL
无法创建目标文件,无法创建目标文件
写入文件失败,写入文件失败
未下载任何数据,未下载任何数据
"目录创建失败: %{1}","目录创建失败: %{1}"
"，错误信息: %{1}","，错误信息: %{1}"
"文件打开权限错误，重试第 %{1} 次: %{2}","文件打开权限错误，重试第 %{1} 次: %{2}"
"文件打开失败: %{1}，模式: %{2}","文件打开失败: %{1}，模式: %{2}"
，目录不可写，请检查权限。,，目录不可写，请检查权限。
"文件:%{1} 读取异常！","文件:%{1} 读取异常！"
无法找到composer.json！加载文件：%{1},无法找到composer.json！加载文件：%{1}
无法在自动加载器中加载类！加载文件：%{1},无法在自动加载器中加载类！加载文件：%{1}
无效文件名。,无效文件名。
无效拓展名。,无效拓展名。
文件上传失败:%{1},文件上传失败:%{1}
"无法创建目录 '%{1}': %{2}","无法创建目录 '%{1}': %{2}"
"无法创建文件 '%{1}': %{2}","无法创建文件 '%{1}': %{2}"
"源文件不存在: %{1}","源文件不存在: %{1}"
"无法创建目录: %{1}","无法创建目录: %{1}"
"目录不可写: %{1}","目录不可写: %{1}"
"文件写入权限错误，重试第 %{1} 次: %{2}","文件写入权限错误，重试第 %{1} 次: %{2}"
"无法写入文件: %{1}","无法写入文件: %{1}"
"文件写入异常，重试第 %{1} 次: %{2} - %{3}","文件写入异常，重试第 %{1} 次: %{2} - %{3}"
"文件写入最终失败: %{1}","文件写入最终失败: %{1}"
"文件写入失败: %{1}","文件写入失败: %{1}"
"文件不存在: %{1}","文件不存在: %{1}"
"文件不可读: %{1}","文件不可读: %{1}"
"文件读取权限错误，重试第 %{1} 次: %{2}","文件读取权限错误，重试第 %{1} 次: %{2}"
"文件读取失败: %{1}","文件读取失败: %{1}"
"文件读取异常，重试第 %{1} 次: %{2} - %{3}","文件读取异常，重试第 %{1} 次: %{2} - %{3}"
"文件读取最终失败: %{1} - %{2}","文件读取最终失败: %{1} - %{2}"
进程名不能为空,进程名不能为空
"offset_type 不存在, 请选择","offset_type 不存在, 请选择"
天,天
周,周
月,月
季度,季度
"缺少必要参数：type 和 name","缺少必要参数：type 和 name"
不支持的卸载类型：%{1}。支持的类型：%{2},不支持的卸载类型：%{1}。支持的类型：%{2}
卸载异常：%{1},卸载异常：%{1}
无法创建备份目录：%{1}。请检查父目录权限。,无法创建备份目录：%{1}。请检查父目录权限。
备份目录不可写：%{1}。请检查目录权限。,备份目录不可写：%{1}。请检查目录权限。
"权限检查失败：当前运行用户 %{1} 与配置的运行用户 %{2} 不匹配。请在 env.php 中配置正确的 user 键，或确保外部目录对配置的用户有权限。","权限检查失败：当前运行用户 %{1} 与配置的运行用户 %{2} 不匹配。请在 env.php 中配置正确的 user 键，或确保外部目录对配置的用户有权限。"
权限检查通过,权限检查通过
"开始卸载 %{1}：%{2}","开始卸载 %{1}：%{2}"
不支持的卸载类型：%{1},不支持的卸载类型：%{1}
卸载完成,卸载完成
卸载失败,卸载失败
"模块 %{1} 不存在","模块 %{1} 不存在"
模块备份成功,模块备份成功
主题目录不存在：%{1},主题目录不存在：%{1}
主题备份成功,主题备份成功
翻译包目录不存在：%{1},翻译包目录不存在：%{1}
翻译包备份成功,翻译包备份成功
开始备份模块,开始备份模块
备份失败，取消卸载：%{1},备份失败，取消卸载：%{1}
模块备份成功：%{1},模块备份成功：%{1}
开始备份模块数据库表,开始备份模块数据库表
数据库备份失败：%{1},数据库备份失败：%{1}
数据库备份失败，已取消卸载：%{1},数据库备份失败，已取消卸载：%{1}
模块数据库表备份成功（时间戳：%{1}）,模块数据库表备份成功（时间戳：%{1}）
触发卸载前事件,触发卸载前事件
触发卸载后事件,触发卸载后事件
模块卸载完成（已备份）,模块卸载完成（已备份）
卸载失败：%{1},卸载失败：%{1}
开始备份主题,开始备份主题
主题备份成功：%{1},主题备份成功：%{1}
主题卸载完成（已备份）,主题卸载完成（已备份）
开始备份翻译包,开始备份翻译包
翻译包备份成功：%{1},翻译包备份成功：%{1}
翻译包卸载完成（已备份）,翻译包卸载完成（已备份）
"未找到模块 %{1} 的备份","未找到模块 %{1} 的备份"
备份信息文件不存在,备份信息文件不存在
备份信息文件格式错误,备份信息文件格式错误
模块回滚成功,模块回滚成功
回滚失败：%{1},回滚失败：%{1}
"未找到主题 %{1} 的备份","未找到主题 %{1} 的备份"
主题回滚成功,主题回滚成功
"未找到翻译包 %{1} 的备份","未找到翻译包 %{1} 的备份"
翻译包回滚成功,翻译包回滚成功
"使用 Pest 测试框架运行测试...","使用 Pest 测试框架运行测试..."
"提示：默认使用 PHPUnit，如需使用 Pest，请添加 --pest 参数","提示：默认使用 PHPUnit，如需使用 Pest，请添加 --pest 参数"
所有测试通过！,所有测试通过！
"测试失败，退出代码: %{1}","测试失败，退出代码: %{1}"
"Pest 测试运行失败: %{1}","Pest 测试运行失败: %{1}"
"回退到 PHPUnit 模式...","回退到 PHPUnit 模式..."
"调试 - 所有参数: %{1}","调试 - 所有参数: %{1}"
"调试 - 模块名: %{1}","调试 - 模块名: %{1}"
"调试 - 文件名: %{1}","调试 - 文件名: %{1}"
"调试 - args: %{1}","调试 - args: %{1}"
"调试 - data: %{1}","调试 - data: %{1}"
"运行模式: 后台运行 (默认)","运行模式: 后台运行 (默认)"
"运行模式: 前台运行","运行模式: 前台运行"
"运行模式: 指定模块 - %{1}","运行模式: 指定模块 - %{1}"
"运行模式: 指定文件 - %{1}","运行模式: 指定文件 - %{1}"
"运行模式: 套件测试","运行模式: 套件测试"
"正在 收集 测试套件...","正在 收集 测试套件..."
"运行模式: 指定模块文件 - %{1}::%{2}","运行模式: 指定模块文件 - %{1}::%{2}"
收集完成，准备运行...,收集完成，准备运行...
"在模块 %{1} 中未找到测试文件: %{2}","在模块 %{1} 中未找到测试文件: %{2}"
"在文件 %{1} 中未找到测试方法: %{2}","在文件 %{1} 中未找到测试方法: %{2}"
"正在运行模块测试方法: %{1}::%{2}","正在运行模块测试方法: %{1}::%{2}"
"正在运行模块文件测试: %{1}::%{2}","正在运行模块文件测试: %{1}::%{2}"
"未找到测试文件: %{1}","未找到测试文件: %{1}"
"正在运行测试方法: %{1}","正在运行测试方法: %{1}"
"正在运行文件测试: %{1}","正在运行文件测试: %{1}"
"正在运行模块测试: %{1}","正在运行模块测试: %{1}"
"正在测试套件: %{1}","正在测试套件: %{1}"
重要提示：测试套件运行过程中会操作数据库，从而产生不可预知的风险。请确认当前环境非生产环境，你确认当前环境非生产环境么？(y/n),重要提示：测试套件运行过程中会操作数据库，从而产生不可预知的风险。请确认当前环境非生产环境，你确认当前环境非生产环境么？(y/n)
已停止运行！,已停止运行！
重要提示：再次确认需要运行么？(y/n),重要提示：再次确认需要运行么？(y/n)
"调试 - 命令输出行数: %{1}","调试 - 命令输出行数: %{1}"
"调试 - 退出代码: %{1}","调试 - 退出代码: %{1}"
"提示：PHPUnit 版本可能不支持某些参数，请检查 PHPUnit 版本","提示：PHPUnit 版本可能不支持某些参数，请检查 PHPUnit 版本"
━━━━━━━━━━━━━━━━━━━━━━━━━━━━━━━━━━━━━━━━,━━━━━━━━━━━━━━━━━━━━━━━━━━━━━━━━━━━━━━━━
失败的测试用例：,失败的测试用例：
"%{1}. %{2}","%{1}. %{2}"
"✓ 测试完成！","✓ 测试完成！"
提示：测试已完成。,提示：测试已完成。
"✓ 测试已完成，报告服务器已在后台运行","✓ 测试已完成，报告服务器已在后台运行"
"📡 监听模式已启用，文件变化时将自动重新运行测试","📡 监听模式已启用，文件变化时将自动重新运行测试"
"=== PHPUNIT_TEST_COMPLETED ===","=== PHPUNIT_TEST_COMPLETED ==="
"✓ 已自动打开浏览器: %{1}","✓ 已自动打开浏览器: %{1}"
"提示：请手动访问 %{1}","提示：请手动访问 %{1}"
"使用 Pest 的 watch 模式...","使用 Pest 的 watch 模式..."
启动文件监听模式...,启动文件监听模式...
"PHPUnit报告服务器已在运行 (PID: %{1})","PHPUnit报告服务器已在运行 (PID: %{1})"
"访问地址: http://localhost:%{1}","访问地址: http://localhost:%{1}"
"端口 %{1} 被占用，尝试停止占用该端口的进程...","端口 %{1} 被占用，尝试停止占用该端口的进程..."
"端口 %{1} 仍被占用，自动选择端口 %{2}","端口 %{1} 仍被占用，自动选择端口 %{2}"
"已停止占用端口 %{1} 的进程","已停止占用端口 %{1} 的进程"
"使用统一启动方案启动内置 PHP 服务器...","使用统一启动方案启动内置 PHP 服务器..."
"服务器已启动 (PID: %{1})","服务器已启动 (PID: %{1})"
"延迟确认服务器已启动 (PID: %{1})","延迟确认服务器已启动 (PID: %{1})"
"服务器已在端口 %{1} 监听（无法立即获取 PID），继续运行","服务器已在端口 %{1} 监听（无法立即获取 PID），继续运行"
统一启动方案失败，无法启动服务器,统一启动方案失败，无法启动服务器
所有后台启动方案均失败,所有后台启动方案均失败
可能的原因：,可能的原因：
"1. 所有进程控制函数都被禁用 (disable_functions)","1. 所有进程控制函数都被禁用 (disable_functions)"
"2. 系统权限限制","2. 系统权限限制"
"3. 端口 %{1} 已被占用","3. 端口 %{1} 已被占用"
"保存PID文件失败，但服务器已启动 (PID: %{1})","保存PID文件失败，但服务器已启动 (PID: %{1})"
"PHPUnit报告服务器已启动 (PID: %{1}, 方法: %{2})","PHPUnit报告服务器已启动 (PID: %{1}, 方法: %{2})"
"日志文件: %{1}","日志文件: %{1}"
启动PHPUnit报告服务器失败,启动PHPUnit报告服务器失败
建议：,建议：
"1. 检查 php.ini 中的 disable_functions 配置","1. 检查 php.ini 中的 disable_functions 配置"
"2. 确认端口 %{1} 未被占用","2. 确认端口 %{1} 未被占用"
"3. 尝试手动启动: php -S localhost:%{1} -t %{2}","3. 尝试手动启动: php -S localhost:%{1} -t %{2}"
PHPUnit报告服务器已在后台启动,PHPUnit报告服务器已在后台启动
服务器将继续在后台运行,服务器将继续在后台运行
"=== PHPUNIT_SERVER_STARTED ===","=== PHPUNIT_SERVER_STARTED ==="
以下系统函数不可用或被禁用：,以下系统函数不可用或被禁用：
"这些函数可能在 php.ini 的 disable_functions 中被禁用","这些函数可能在 php.ini 的 disable_functions 中被禁用"
"1. 检查 php.ini 文件中的 disable_functions 配置","1. 检查 php.ini 文件中的 disable_functions 配置"
"2. 从 disable_functions 中移除上述函数","2. 从 disable_functions 中移除上述函数"
"3. 重启 PHP 服务","3. 重启 PHP 服务"
"4. 如果是生产环境限制，建议在开发环境中运行测试","4. 如果是生产环境限制，建议在开发环境中运行测试"
PHPUnit报告服务器未运行,PHPUnit报告服务器未运行
"PHPUnit报告服务器未运行 (PID: %{1})","PHPUnit报告服务器未运行 (PID: %{1})"
"尝试使用 exec 停止服务器...","尝试使用 exec 停止服务器..."
"使用 exec 成功停止！","使用 exec 成功停止！"
"exec 失败，尝试使用 shell_exec...","exec 失败，尝试使用 shell_exec..."
"使用 shell_exec 成功停止！","使用 shell_exec 成功停止！"
"shell_exec 失败，尝试使用 proc_open...","shell_exec 失败，尝试使用 proc_open..."
"使用 proc_open 成功停止！","使用 proc_open 成功停止！"
无法自动停止PHPUnit报告服务器,无法自动停止PHPUnit报告服务器
所有停止方法均失败，可能是因为：,所有停止方法均失败，可能是因为：
"2. 没有足够的权限终止进程","2. 没有足够的权限终止进程"
"请手动停止进程 (PID: %{1}):","请手动停止进程 (PID: %{1}):"
"Windows命令: taskkill /PID %{1} /F","Windows命令: taskkill /PID %{1} /F"
"Linux/Mac命令: kill %{1}","Linux/Mac命令: kill %{1}"
"PHPUnit报告服务器已停止 (PID: %{1}, 方法: %{2})","PHPUnit报告服务器已停止 (PID: %{1}, 方法: %{2})"
"testsuite套件配置错误,未配置套件名：%{1} ，示例：<testsuite name=""unit""><file>CacheTest.php</file></testsuite>","testsuite套件配置错误,未配置套件名：%{1} ，示例：<testsuite name=""unit""><file>CacheTest.php</file></testsuite>"
"未找到模块: %{1}","未找到模块: %{1}"
"模块 %{1} 没有测试目录","模块 %{1} 没有测试目录"
"未找到测试文件: %{1}，将搜索所有测试目录","未找到测试文件: %{1}，将搜索所有测试目录"
"调试 - 查找文件: %{1}","调试 - 查找文件: %{1}"
"调试 - 是否测试方法: %{1}","调试 - 是否测试方法: %{1}"
"调试 - 实际文件名: %{1}","调试 - 实际文件名: %{1}"
"调试 - 规范化名称: %{1}","调试 - 规范化名称: %{1}"
"调试 - 活跃模块数: %{1}","调试 - 活跃模块数: %{1}"
"调试 - 检查模块: %{1}, 测试路径: %{2}","调试 - 检查模块: %{1}, 测试路径: %{2}"
"调试 - 找到文件: %{1}","调试 - 找到文件: %{1}"
"调试 - 递归找到文件: %{1}","调试 - 递归找到文件: %{1}"
"📊 测试报告","📊 测试报告"
"总测试数: %{1}","总测试数: %{1}"
"通过测试: %{1}","通过测试: %{1}"
"失败测试: %{1}","失败测试: %{1}"
"跳过测试: %{1}","跳过测试: %{1}"
"通过率: %{1}%","通过率: %{1}%"
未执行任何测试,未执行任何测试
"执行时间: %{1} 秒","执行时间: %{1} 秒"
"内存使用: %{1} MB","内存使用: %{1} MB"
"📋 断言统计:","📋 断言统计:"
"❌ 失败详情:","❌ 失败详情:"
"⚠️ 错误详情:","⚠️ 错误详情:"
"✅ 所有测试通过","✅ 所有测试通过"
"❌ 测试失败 (退出代码: %{1})","❌ 测试失败 (退出代码: %{1})"
测试文件详情,测试文件详情
个文件,个文件
个模块,个模块
搜索测试文件或方法...,搜索测试文件或方法...
全部,全部
通过,通过
失败,Failed
有错误,有错误
全部通过,"All Passed"
个方法,个方法
个失败,个失败
"📁 测试文件结构:","📁 测试文件结构:"
PHPUnit报告服务器状态检查,PHPUnit报告服务器状态检查
================================,================================
"PID文件不存在: %{1}","PID文件不存在: %{1}"
"状态: 未运行","状态: 未运行"
"PID文件: %{1}","PID文件: %{1}"
"进程ID: %{1}","进程ID: %{1}"
"状态: 运行中","状态: 运行中"
"运行时间: %{1}秒","运行时间: %{1}秒"
"启动时间: %{1}","启动时间: %{1}"
"访问地址: http://%{1}:%{2}","访问地址: http://%{1}:%{2}"
"端口%{1}: 已占用","端口%{1}: 已占用"
"端口%{1}: 未占用","端口%{1}: 未占用"
"状态: 未运行 (进程不存在)","状态: 未运行 (进程不存在)"
"建议: 清理PID文件并重新启动","建议: 清理PID文件并重新启动"
"注意: 端口%{1}仍被占用，可能被其他进程使用","注意: 端口%{1}仍被占用，可能被其他进程使用"
env.php中的服务器信息:,env.php中的服务器信息:
"主机: %{1}","主机: %{1}"
"端口: %{1}","端口: %{1}"
"PID: %{1}","PID: %{1}"
"状态: %{1}","状态: %{1}"
"PHPUnit报告服务器已停止 (PID: %{1})","PHPUnit报告服务器已停止 (PID: %{1})"
"Pest 测试框架未安装！","Pest 测试框架未安装！"
请运行以下命令安装:,请运行以下命令安装:
"composer require --dev pestphp/pest","composer require --dev pestphp/pest"
"开始运行 Pest 测试...","开始运行 Pest 测试..."
"测试框架: Pest PHP","测试框架: Pest PHP"
"运行 Pest PHP 测试","运行 Pest PHP 测试"
"Pest 测试框架初始化失败: %{1}","Pest 测试框架初始化失败: %{1}"
"请先定义项目根目录常量 BP","请先定义项目根目录常量 BP"
"Pest 测试框架未安装，请运行: composer require --dev pestphp/pest","Pest 测试框架未安装，请运行: composer require --dev pestphp/pest"
参数调用链不存在。调用链：%{1}，不存在的参数：%{2}。使用示例：%{3},参数调用链不存在。调用链：%{1}，不存在的参数：%{2}。使用示例：%{3}
错误的%{1}参数格式，正确格式应该是:%{2},错误的%{1}参数格式，正确格式应该是:%{2}
参数链%{1}没有%{2}参数，确保参数调用链正常！正确格式应该是:%{3},参数链%{1}没有%{2}参数，确保参数调用链正常！正确格式应该是:%{3}
KEY,KEY
Hello,Hello
"Hello World","Hello World"
hello,hello
搜索商品...,搜索商品...
"<js> 标签路径不能为空，示例：%{1}","<js> 标签路径不能为空，示例：%{1}"
"<js> 标签解析后 URL 无文件名，路径：%{1}，请检查模块与路径是否正确","<js> 标签解析后 URL 无文件名，路径：%{1}，请检查模块与路径是否正确"
"Tag close not found.","Tag close not found."
"标签未闭合（缺少 "">""）。标签名: <%{1}>，起始行: %{2}，起始列: %{3}。上下文: ...%{4}...","标签未闭合（缺少 "">""）。标签名: <%{1}>，起始行: %{2}，起始列: %{3}。上下文: ...%{4}..."
文件不存在！位置：,文件不存在！位置：
获取操作：%{1},获取操作：%{1}
模板文件不存在！：%{1},模板文件不存在！：%{1}
源文件：%{1},源文件：%{1}
"模板文件：%{1} START","模板文件：%{1} START"
"模板文件：%{1} END","模板文件：%{1} END"
已安装,Installed
安装失败,"Install Failed"
已跳过,Skipped
未尝试,"Not Attempted"
重置所有记录,"Reset All Records"
系统信息,"System Info"
操作系统,"Operating System"
版本,Version
扩展目录,"Extension Directory"
已加载扩展,"Loaded Extensions"
个,items
环境检测,"Environment Check"
存在问题,"Has Issues"
缺失的必需扩展,"Missing Required Extensions"
被禁用的必需函数,"Disabled Required Functions"
所有必需依赖和推荐项均已满足,"All required dependencies and recommended items are satisfied"
推荐扩展,"Recommended Extensions"
（可选，安装后提升性能）,"(optional, improves performance)"
扩展名,Extension
平台,Platform
用途,Purpose
当前状态,"Current Status"
安装记录,"Install Record"
操作,Actions
不适用当前系统,"N/A for current system"
已加载,Loaded
不适用,N/A
未加载,"Not Loaded"
尝试安装,"Try Install"
安装教程,"Install Guide"
"安装教程 - %{name}","Install Guide - %{name}"
推荐函数,"Recommended Functions"
函数名,Function
可用,Available
不可用,Unavailable
依赖对应扩展，安装扩展后自动可用,"Depends on extension, available after extension installed"
推荐依赖项,"Recommended Dependencies"
依赖名称,Dependency
"CLI 快捷命令","CLI Quick Commands"
检测环境依赖,"Check environment dependencies"
自动安装依赖（跳过已尝试的推荐项）,"Auto install (skip previously attempted)"
强制重试所有推荐项,"Force retry all recommended items"
安装中...,Installing...
请求失败,"Request failed"
"确定要重置所有安装记录吗？下次 env:install 将重新尝试所有推荐项。","Are you sure to reset all records? Next env:install will retry all."
异常：你指定的模板文件所在的模块不存在！模块：%{1}，所使用的模板：%{2},异常：你指定的模板文件所在的模块不存在！模块：%{1}，所使用的模板：%{2}
资源不存在：%{1}，模组：%{2},资源不存在：%{1}，模组：%{2}
模块不存在！,模块不存在！
"%{1} 模块已安装，但是代码已不存在，是否彻底卸载（y/n）？","%{1} 模块已安装，但是代码已不存在，是否彻底卸载（y/n）？"
模块卸载成功！,模块卸载成功！
Cookie已过期，正在重新登录...,Cookie已过期，正在重新登录...
重新登录失败！无法访问受保护的资源。,重新登录失败！无法访问受保护的资源。
登录成功，正在重新请求...,登录成功，正在重新请求...
重新请求失败！,重新请求失败！
登录后仍然返回登录页面，请检查用户权限或路由配置！,登录后仍然返回登录页面，请检查用户权限或路由配置！
未提供登录凭据，使用默认账号尝试登录...,未提供登录凭据，使用默认账号尝试登录...
"正在登录: %{1}","正在登录: %{1}"
"正在获取登录页面: %{1}","正在获取登录页面: %{1}"
"HTTP状态码: %{1}, 耗时: %{2}秒","HTTP状态码: %{1}, 耗时: %{2}秒"
"接收数据长度: %{1} 字节","接收数据长度: %{1} 字节"
"无法访问登录页面: %{1}","无法访问登录页面: %{1}"
"登录页面请求警告: %{1}","登录页面请求警告: %{1}"
"但已收到 %{1} 字节数据，尝试继续...","但已收到 %{1} 字节数据，尝试继续..."
"成功访问登录页面，已收到 %{1} 字节","成功访问登录页面，已收到 %{1} 字节"
登录页面返回空内容！,登录页面返回空内容！
"HTTP状态码: %{1}, 错误: %{2}","HTTP状态码: %{1}, 错误: %{2}"
"成功获取form_key: %{1}","成功获取form_key: %{1}"
未找到form_key，无法进行登录！,未找到form_key，无法进行登录！
"页面内容片段: %{1}","页面内容片段: %{1}"
请检查登录页面是否正常加载,请检查登录页面是否正常加载
"正在提交登录信息到: %{1}","正在提交登录信息到: %{1}"
"登录响应状态码: %{1}, 重定向次数: %{2}","登录响应状态码: %{1}, 重定向次数: %{2}"
登录成功！,登录成功！
"登录成功！（已获取到Session Cookie）","登录成功！（已获取到Session Cookie）"
"Cookie已保存到: %{1}","Cookie已保存到: %{1}"
提示：登录过程中发生超时，但cookie已成功获取,提示：登录过程中发生超时，但cookie已成功获取
"登录请求失败: %{1}","登录请求失败: %{1}"
"登录失败！状态码: %{1}","登录失败！状态码: %{1}"
请检查用户名和密码是否正确,请检查用户名和密码是否正确
"已跳过反射/工厂编译，需要时可执行：php bin/w reflection:compile","Reflection/factory compile skipped. Run manually when needed: php bin/w reflection:compile"
统一查询执行提供者,统一查询执行提供者
"统一查询非 crud 提供者执行事件，允许模块实现自定义 provider。","统一查询非 crud 提供者执行事件，允许模块实现自定义 provider。"
"参数 model 必填且必须是有效模型类名","参数 model 必填且必须是有效模型类名"
检测到可选推荐项，安装后可提升性能,检测到可选推荐项，安装后可提升性能
即将执行以上操作，是否继续？(y/n),即将执行以上操作，是否继续？(y/n)
开始执行修复...,开始执行修复...
"不可用的推荐函数: %{funcs}","不可用的推荐函数: %{funcs}"
"注意: 如果所属扩展未安装，安装扩展后自动可用；如果被禁用，将尝试解禁","注意: 如果所属扩展未安装，安装扩展后自动可用；如果被禁用，将尝试解禁"
安装失败不影响系统正常运行,安装失败不影响系统正常运行
【推荐扩展安装】（可选，提升性能）,【推荐扩展安装】（可选，提升性能）
"注意: 推荐项安装失败不影响系统正常运行","注意: 推荐项安装失败不影响系统正常运行"
【推荐依赖安装】（可选，提升性能）,【推荐依赖安装】（可选，提升性能）
"手动操作: 编辑 %{path}，从 disable_functions 中移除 %{func}","手动操作: 编辑 %{path}，从 disable_functions 中移除 %{func}"
"推荐函数 %{func} 不可用（所属扩展未安装），将在后续步骤尝试安装","Recommended func %{func} unavailable (extension missing), will try in next steps"
"跳过推荐项 %{name}（无模块路径）","跳过推荐项 %{name}（无模块路径）"
"后台管理: 登录后台 → 系统 → 环境管理，可查看详情和手动安装","Admin: Login → System → Environment Manager for details and manual install"
检测并尝试自动修复环境依赖问题，包括函数解禁、依赖项安装脚本执行等。推荐项安装失败后会记录状态，不再自动重试,检测并尝试自动修复环境依赖问题，包括函数解禁、依赖项安装脚本执行等。推荐项安装失败后会记录状态，不再自动重试
强制重试所有推荐项（清除之前的安装记录）,"Force retry all (clear previous records)"
交互式安装,交互式安装
跳过确认,跳过确认
强制重试推荐项,强制重试推荐项
"模块安装后注册表更新失败: %{1}","模块安装后注册表更新失败: %{1}"
演示如何配置mysql数据库的配置信息样例，mysql_sample_db可以删除，不影响系统，仅作为配置参考。,演示如何配置mysql数据库的配置信息样例，mysql_sample_db可以删除，不影响系统，仅作为配置参考。
"默认使用sqlite作为开发数据库，若要修改数据库，请转到 %{1} 下的env.php按照数组键sample_db中的配置样本，修改db键即可。","默认使用sqlite作为开发数据库，若要修改数据库，请转到 %{1} 下的env.php按照数组键sample_db中的配置样本，修改db键即可。"
开始预编译反射元数据...,开始预编译反射元数据...
反射元数据预编译完成！,反射元数据预编译完成！
"编译类数: %{1}","编译类数: %{1}"
"尝试解禁函数: %{funcs}","尝试解禁函数: %{funcs}"
"推荐函数解禁成功 ✔","推荐函数解禁成功 ✔"
推荐函数解禁失败（不影响系统运行）,推荐函数解禁失败（不影响系统运行）
"手动操作: 编辑 %{path}，从 disable_functions 中移除 %{funcs}","手动操作: 编辑 %{path}，从 disable_functions 中移除 %{funcs}"
"以下推荐函数不可用（所属扩展未安装）: %{funcs}","以下推荐函数不可用（所属扩展未安装）: %{funcs}"
将在后续推荐依赖安装步骤中尝试安装所属扩展,将在后续推荐依赖安装步骤中尝试安装所属扩展
检测并尝试自动修复环境依赖问题，包括函数解禁、依赖项安装脚本执行等,检测并尝试自动修复环境依赖问题，包括函数解禁、依赖项安装脚本执行等
"【步骤 4】尝试安装推荐扩展（可选优化）...","【步骤 4】尝试安装推荐扩展（可选优化）..."
"【步骤 5】执行推荐依赖安装脚本（可选优化）...","【步骤 5】执行推荐依赖安装脚本（可选优化）..."
"成功: %{success} 项","成功: %{success} 项"
"失败: %{fail} 项（请参考上面的手动修复指引）","失败: %{fail} 项（请参考上面的手动修复指引）"
"扩展 %{ext} 需要手动安装","扩展 %{ext} 需要手动安装"
环境依赖检测未通过,环境依赖检测未通过
环境依赖未满足，您可以选择：,环境依赖未满足，您可以选择：
"1. 尝试自动修复（运行 env:install）","1. 尝试自动修复（运行 env:install）"
"2. 仍继续升级（可能导致问题）","2. 仍继续升级（可能导致问题）"
"3. 退出升级，手动修复后重试","3. 退出升级，手动修复后重试"
"请选择 (1/2/3)：","请选择 (1/2/3)："
正在尝试自动修复环境...,正在尝试自动修复环境...
修复完成，重新检测环境...,修复完成，重新检测环境...
部分问题仍未修复，建议手动处理后重试,部分问题仍未修复，建议手动处理后重试
是否仍继续升级？(y/n),是否仍继续升级？(y/n)
"✓ 环境问题已修复","✓ 环境问题已修复"
警告：未找到api_admin密钥配置，可能无法访问API后端路径！,警告：未找到api_admin密钥配置，可能无法访问API后端路径！
"请检查 app/etc/env.php 中的 api_admin 配置","请检查 app/etc/env.php 中的 api_admin 配置"
警告：未找到admin密钥配置，可能无法访问后端路径！,警告：未找到admin密钥配置，可能无法访问后端路径！
"请检查 app/etc/env.php 中的 admin 配置","请检查 app/etc/env.php 中的 admin 配置"
您的API后台入口地址密钥：%{1},您的API后台入口地址密钥：%{1}
访问后台API：%{1},访问后台API：%{1}
"WLS 转发失败：%{1}，将在本地执行","WLS 转发失败：%{1}，将在本地执行"
"检测到 WLS 运行中，正在转发命令到 Worker 进程...","检测到 WLS 运行中，正在转发命令到 Worker 进程..."
"AdminSocketService 类不存在","AdminSocketService 类不存在"
服务器启动后,服务器启动后
服务器启动完成后触发，允许其他模块执行启动后的操作。,服务器启动完成后触发，允许其他模块执行启动后的操作。
服务器停止后,服务器停止后
服务器停止后触发，允许其他模块执行停止后的清理操作。,服务器停止后触发，允许其他模块执行停止后的清理操作。
开始清理服务器进程...,开始清理服务器进程...
已停止配置中的服务器进程，进程ID：%{1},已停止配置中的服务器进程，进程ID：%{1}
停止配置中的服务器进程失败，进程ID：%{1},停止配置中的服务器进程失败，进程ID：%{1}
已停止占用端口的服务器进程，进程ID：%{1},已停止占用端口的服务器进程，进程ID：%{1}
停止占用端口的服务器进程失败，进程ID：%{1},停止占用端口的服务器进程失败，进程ID：%{1}
已清理服务器配置信息。,已清理服务器配置信息。
清理残留的服务器进程和配置信息。,清理残留的服务器进程和配置信息。
检测到服务器已在运行中，强制启动模式将先停止现有服务器...,检测到服务器已在运行中，强制启动模式将先停止现有服务器...
正在停止现有服务器进程，进程ID：%{1},正在停止现有服务器进程，进程ID：%{1}
现有服务器已成功停止,现有服务器已成功停止
停止现有服务器失败，请手动停止后重试,停止现有服务器失败，请手动停止后重试
通过端口检测到进程，正在停止，进程ID：%{1},通过端口检测到进程，正在停止，进程ID：%{1}
端口被占用但无法确定进程ID，尝试强制清理端口,端口被占用但无法确定进程ID，尝试强制清理端口
等待端口释放...,等待端口释放...
检测到服务器已在运行中！进程ID：%{1},检测到服务器已在运行中！进程ID：%{1}
已自动更新配置信息。,已自动更新配置信息。
服务器已在后台运行,服务器已在后台运行
检测到端口被占用，但无法获取进程信息,检测到端口被占用，但无法获取进程信息
开发专用，请勿用于生产环境。,开发专用，请勿用于生产环境。
启用PHP内置本地WebServer服务...,启用PHP内置本地WebServer服务...
"⚠️  警告：当前处于生产环境模式（%{1}）！","⚠️  警告：当前处于生产环境模式（%{1}）！"
"⚠️  PHP内置服务器仅供开发和测试使用，不适合生产环境！","⚠️  PHP内置服务器仅供开发和测试使用，不适合生产环境！"
"⚠️  生产环境请使用Nginx或Apache等专业Web服务器！","⚠️  生产环境请使用Nginx或Apache等专业Web服务器！"
"⚠️  继续使用PHP内置服务器可能导致性能问题和安全风险！","⚠️  继续使用PHP内置服务器可能导致性能问题和安全风险！"
"是否仍要在生产模式下启动PHP内置服务器？(输入 y/yes 继续，其他任意键取消):","是否仍要在生产模式下启动PHP内置服务器？(输入 y/yes 继续，其他任意键取消):"
"⚠️  您已选择在生产模式下使用PHP内置服务器，请自行承担风险！","⚠️  您已选择在生产模式下使用PHP内置服务器，请自行承担风险！"
使用proc_open启动后台进程,使用proc_open启动后台进程
proc_open不可用，使用传统方式启动后台进程,proc_open不可用，使用传统方式启动后台进程
通过端口检测到服务器进程，进程ID：%{1},通过端口检测到服务器进程，进程ID：%{1}
服务器已在后台启动成功！,服务器已在后台启动成功！
程序已进入后台运行,程序已进入后台运行
服务器已在后台启动成功！进程ID：%{1},服务器已在后台启动成功！进程ID：%{1}
程序已进入后台运行，可以关闭终端,程序已进入后台运行，可以关闭终端
服务器启动成功！进程ID：%{1},服务器启动成功！进程ID：%{1}
"按 Ctrl+C 停止服务器","按 Ctrl+C 停止服务器"
后台启动失败，请检查端口是否被占用,后台启动失败，请检查端口是否被占用
注意：检测到服务器运行，但配置信息可能不完整。,注意：检测到服务器运行，但配置信息可能不完整。
"端口 %{1}:%{2} 被占用，但无法确定进程ID。","端口 %{1}:%{2} 被占用，但无法确定进程ID。"
服务器未运行。,服务器未运行。
服务器进程不存在,服务器进程不存在
配置的进程ID：%{1},配置的进程ID：%{1}
配置的监听地址：%{1}:%{2},配置的监听地址：%{1}:%{2}
服务器正在运行,服务器正在运行
查看PHP内置本地WebServer服务状态。,查看PHP内置本地WebServer服务状态。
正在停止配置中的服务器进程，进程ID：%{1},正在停止配置中的服务器进程，进程ID：%{1}
配置中的服务器进程已停止！进程ID：%{1},配置中的服务器进程已停止！进程ID：%{1}
停止配置中的服务器进程失败！进程ID：%{1},停止配置中的服务器进程失败！进程ID：%{1}
强制停止失败，请尝试手动停止进程。,强制停止失败，请尝试手动停止进程。
"请尝试使用 -f 参数强制停止或手动停止进程。","请尝试使用 -f 参数强制停止或手动停止进程。"
"检测到端口 %{1}:%{2} 被占用，但配置信息为空。","检测到端口 %{1}:%{2} 被占用，但配置信息为空。"
检测到的进程ID：%{1},检测到的进程ID：%{1}
检测到的进程ID（%{1}）与配置中的进程ID（%{2}）不一致。,检测到的进程ID（%{1}）与配置中的进程ID（%{2}）不一致。
正在停止检测到的进程，进程ID：%{1},正在停止检测到的进程，进程ID：%{1}
"是否要停止此进程？使用 -f 参数直接停止。","是否要停止此进程？使用 -f 参数直接停止。"
端口监听进程已停止！进程ID：%{1},端口监听进程已停止！进程ID：%{1}
停止端口监听进程失败！进程ID：%{1},停止端口监听进程失败！进程ID：%{1}
请手动检查端口占用情况。,请手动检查端口占用情况。
"未检测到服务器运行（端口 %{1}:%{2} 未被占用）。","未检测到服务器运行（端口 %{1}:%{2} 未被占用）。"
"服务器未运行（端口 %{1}:%{2} 未被占用）。","服务器未运行（端口 %{1}:%{2} 未被占用）。"
服务器停止操作完成！,服务器停止操作完成！
"停止PHP内置本地WebServer服务。使用 -f 或 --force 参数强制停止。","停止PHP内置本地WebServer服务。使用 -f 或 --force 参数强制停止。"
STATIC_KEY,STATIC_KEY
在命令名称、描述中搜索包含关键词的命令,在命令名称、描述中搜索包含关键词的命令
备份表已存在，先删除旧表：%{1}...,备份表已存在，先删除旧表：%{1}...
"✓ 旧备份表已删除","✓ 旧备份表已删除"
删除旧备份表失败：%{1}，将继续尝试创建,删除旧备份表失败：%{1}，将继续尝试创建
无法获取表的建表语句：%{1},无法获取表的建表语句：%{1}
"您可以稍后使用以下 SQL 手动删除：","您可以稍后使用以下 SQL 手动删除："
检测到模块安装或升级，正在重新收集框架注册表信息...,检测到模块安装或升级，正在重新收集框架注册表信息...
重新收集标签注册表...,重新收集标签注册表...
"✓ 标签注册表已重新收集完成。","✓ 标签注册表已重新收集完成。"
标签注册表重新收集时发生错误：%{1}，但将继续执行。,标签注册表重新收集时发生错误：%{1}，但将继续执行。
无法解析更新数据！多记录更新数据：%{1}，单记录更新数据：%{2},无法解析更新数据！多记录更新数据：%{1}，单记录更新数据：%{2}
"PostgreSQL 的 prepared statement 不支持包含多个 SQL 命令。请将查询拆分为单独的语句，或使用 exec() 方法执行多个语句。SQL: %{1}","PostgreSQL 的 prepared statement 不支持包含多个 SQL 命令。请将查询拆分为单独的语句，或使用 exec() 方法执行多个语句。SQL: %{1}"
跳过格式不正确的配置文件：%{1},跳过格式不正确的配置文件：%{1}
"检测到 Pest 测试框架，优先使用 Pest 运行测试...","检测到 Pest 测试框架，优先使用 Pest 运行测试..."
"提示：如需使用 PHPUnit，请添加 --phpunit 参数","提示：如需使用 PHPUnit，请添加 --phpunit 参数"
指定安装Setup信息,指定安装Setup信息
指定注册模型数据库信息,指定注册模型数据库信息
指定注册路由信息,指定注册路由信息
正在写入路由文件...,正在写入路由文件...
路由文件写入完成！,路由文件写入完成！
正在初始化阶段更新管理器...,正在初始化阶段更新管理器...
2)批量收集模块更新任务...,2)批量收集模块更新任务...
3)批量收集数据库更新任务...,3)批量收集数据库更新任务...
4)批量收集路由注册任务...,4)批量收集路由注册任务...
正在准备所有更新阶段...,正在准备所有更新阶段...
正在验证所有更新阶段...,正在验证所有更新阶段...
正在提交所有更新阶段（批量执行）...,正在提交所有更新阶段（批量执行）...
函数文件写入完成！,函数文件写入完成！
2)安装Setup信息,2)安装Setup信息
"模块 %{1} 升级完成","模块 %{1} 升级完成"
错误详情：%{1},错误详情：%{1}
"模块 %{1} 安装完成","模块 %{1} 安装完成"
3)注册模型数据库信息,3)注册模型数据库信息
"模块 %{1} 模型注册失败：%{2}","模块 %{1} 模型注册失败：%{2}"
3)注册路由信息,3)注册路由信息
清除指定模块的旧路由...,清除指定模块的旧路由...
"清除路由文件 %{1} 时出错：%{2}","清除路由文件 %{1} 时出错：%{2}"
"正在收集 Extends 信息...","正在收集 Extends 信息..."
"✓ Extends 信息已收集完成。","✓ Extends 信息已收集完成。"
"Extends 信息收集失败，但将继续执行。","Extends 信息收集失败，但将继续执行。"
"Extends 信息收集失败: %{1}","Extends 信息收集失败: %{1}"
正在收集插件注册表...,正在收集插件注册表...
"✓ 插件注册表已收集完成。","✓ 插件注册表已收集完成。"
插件注册表收集失败，但将继续执行。,插件注册表收集失败，但将继续执行。
"插件注册表收集失败: %{1}","插件注册表收集失败: %{1}"
正在收集事件注册表...,正在收集事件注册表...
"✓ 事件注册表已收集完成。","✓ 事件注册表已收集完成。"
事件注册表收集失败，但将继续执行。,事件注册表收集失败，但将继续执行。
"事件注册表收集失败: %{1}","事件注册表收集失败: %{1}"
"正在收集 Hook 注册表...","正在收集 Hook 注册表..."
"✓ Hook 注册表已收集完成。","✓ Hook 注册表已收集完成。"
"Hook 注册表收集失败，但将继续执行。","Hook 注册表收集失败，但将继续执行。"
"Hook 注册表收集失败: %{1}","Hook 注册表收集失败: %{1}"
"Repository工厂类: %{1} 不存在!","Repository工厂类: %{1} 不存在!"
"类 %{1} 的构造函数是私有的，且没有可用的静态工厂方法","类 %{1} 的构造函数是私有的，且没有可用的静态工厂方法"
事件注册表收集失败，但将继续执行升级流程。,事件注册表收集失败，但将继续执行升级流程。
事件注册表收集时发生错误：%{1}，但将继续执行升级流程。,事件注册表收集时发生错误：%{1}，但将继续执行升级流程。
"响应时间: %{1}ms","响应时间: %{1}ms"
"总请求数: %{1}","总请求数: %{1}"
"成功数: %{1}","成功数: %{1}"
"失败数: %{1}","失败数: %{1}"
"总耗时: %{1}ms","总耗时: %{1}ms"
"平均耗时: %{1}ms","平均耗时: %{1}ms"
"最快响应: %{1}ms","最快响应: %{1}ms"
"最慢响应: %{1}ms","最慢响应: %{1}ms"
"平均响应: %{1}ms","平均响应: %{1}ms"
"中位响应: %{1}ms","中位响应: %{1}ms"
状态码分布:,状态码分布:
"吞吐量(QPS): %{1} 请求/秒","吞吐量(QPS): %{1} 请求/秒"
插件/DI编译失败：%{1}，但将继续执行升级流程。,插件/DI编译失败：%{1}，但将继续执行升级流程。
插件注册表收集失败，但将继续执行升级流程。,插件注册表收集失败，但将继续执行升级流程。
插件注册表收集时发生错误：%{1}，但将继续执行升级流程。,插件注册表收集时发生错误：%{1}，但将继续执行升级流程。
"Hook 注册表收集失败，但将继续执行升级流程。","Hook 注册表收集失败，但将继续执行升级流程。"
"Hook 注册表收集时发生错误：%{1}，但将继续执行升级流程。","Hook 注册表收集时发生错误：%{1}，但将继续执行升级流程。"
重新收集插件注册表...,重新收集插件注册表...
"✓ 插件注册表已重新收集完成。","✓ 插件注册表已重新收集完成。"
正在编译插件/DI...,正在编译插件/DI...
"✓ 插件/DI 编译完成。","✓ 插件/DI 编译完成。"
插件注册表重新收集失败，但将继续执行。,插件注册表重新收集失败，但将继续执行。
插件注册表重新收集时发生错误：%{1}，但将继续执行。,插件注册表重新收集时发生错误：%{1}，但将继续执行。
重新收集事件注册表...,重新收集事件注册表...
"✓ 事件注册表已重新收集完成。","✓ 事件注册表已重新收集完成。"
事件注册表重新收集失败，但将继续执行。,事件注册表重新收集失败，但将继续执行。
事件注册表重新收集时发生错误：%{1}，但将继续执行。,事件注册表重新收集时发生错误：%{1}，但将继续执行。
"重新收集 Hook 注册表...","重新收集 Hook 注册表..."
"✓ Hook 注册表已重新收集完成。","✓ Hook 注册表已重新收集完成。"
"Hook 注册表重新收集失败，但将继续执行。","Hook 注册表重新收集失败，但将继续执行。"
"Hook 注册表重新收集时发生错误：%{1}，但将继续执行。","Hook 注册表重新收集时发生错误：%{1}，但将继续执行。"
"重新收集 Extends 信息...","重新收集 Extends 信息..."
"✓ Extends 信息已重新收集完成。","✓ Extends 信息已重新收集完成。"
"Extends 信息重新收集时发生错误：%{1}，但将继续执行。","Extends 信息重新收集时发生错误：%{1}，但将继续执行。"
正在重建事件注册表...,正在重建事件注册表...
事件注册表重建失败，但将继续执行升级流程。,事件注册表重建失败，但将继续执行升级流程。
事件注册表重建时发生错误：%{1}，但将继续执行升级流程。,事件注册表重建时发生错误：%{1}，但将继续执行升级流程。
未知模块,未知模块
"缺少事件规约文件 (event.php)","缺少事件规约文件 (event.php)"
"缺少事件文档文件 (doc/event/*.md)","缺少事件文档文件 (doc/event/*.md)"
无,无
【超级严重】事件缺少规约或文档,【超级严重】事件缺少规约或文档
"EventsManager Error: Failed to send spec/doc error message - %{error}","EventsManager Error: Failed to send spec/doc error message - %{error}"
"表 %{1} 不存在，跳过。","表 %{1} 不存在，跳过。"
"表 %{1} (完整名: %{2}) 不存在，跳过。","表 %{1} (完整名: %{2}) 不存在，跳过。"
无法获取数据库连接,无法获取数据库连接
"Hook 未定义或未注册：%{1}。请在 Weline\Framework\Hook\HookInterface 中定义此 hook 常量，并在模块的 extends/Weline_Hook/{ModuleName}/hook.php 文件中定义规约。","Hook 未定义或未注册：%{1}。请在 Weline\Framework\Hook\HookInterface 中定义此 hook 常量，并在模块的 extends/Weline_Hook/{ModuleName}/hook.php 文件中定义规约。"
"%{1} 事件配置文件缺少event节点","%{1} 事件配置文件缺少event节点"
" exec() 函数需要解禁: 请到 php.ini 中找到 disable_function 删除 exec "," exec() 函数需要解禁: 请到 php.ini 中找到 disable_function 删除 exec "
"   📊 缓存类: %{1} 个","   📊 缓存类: %{1} 个"
"   📁 缓存文件: %{1} 个","   📁 缓存文件: %{1} 个"
"   💾 缓存项: %{1} 个","   💾 缓存项: %{1} 个"
"   🗂️  释放空间: %{1}","   🗂️  释放空间: %{1}"
"   📊 总计缓存类: %{1} 个","   📊 总计缓存类: %{1} 个"
"   📁 总计缓存文件: %{1} 个","   📁 总计缓存文件: %{1} 个"
"   💾 总计缓存项: %{1} 个","   💾 总计缓存项: %{1} 个"
"   🗂️  总计释放空间: %{1}","   🗂️  总计释放空间: %{1}"
"   📁 清理文件: %{1} 个","   📁 清理文件: %{1} 个"
"   📊 处理目录: %{1} 个","   📊 处理目录: %{1} 个"
"调试输出 (d函数)'), ","调试输出 (d函数)'), "
"调试输出 (w函数)'), ","调试输出 (w函数)'), "
"查看命令详情，示例：php bin/w detail dev:debug","查看命令详情，示例：php bin/w detail dev:debug"
成功禁用php-cs代码美化工具：,成功禁用php-cs代码美化工具：
成功启用php-cs代码美化工具：,成功启用php-cs代码美化工具：
"如果需要停止服务器，请使用 ""php bin/w server:stop"" 命令","如果需要停止服务器，请使用 ""php bin/w server:stop"" 命令"
"如需强制重启，请使用 ""php bin/w server:start -r"" 命令","如需强制重启，请使用 ""php bin/w server:start -r"" 命令"
"使用 ""php bin/w server:stop"" 停止服务器","使用 ""php bin/w server:stop"" 停止服务器"
"使用 ""php bin/w s:stop"" 停止服务器","使用 ""php bin/w s:stop"" 停止服务器"
"建议清理配置信息：php bin/w server:stop","建议清理配置信息：php bin/w server:stop"
"保存数据出错! ","保存数据出错! "
创建表失败，,创建表失败，
"group_by 不能为空！group_concat方法要求先使用->group()方法！","group_by 不能为空！group_concat方法要求先使用->group()方法！"
"请设置更新条件：第一种方式，->where($condition)设置，第二种方式，更新数据中包含条件值（默认为字段id,可自行设置->update($arg1,$arg2)第二参数指定根据数组中的某个字段值作为依赖条件更新。）","请设置更新条件：第一种方式，->where($condition)设置，第二种方式，更新数据中包含条件值（默认为字段id,可自行设置->update($arg1,$arg2)第二参数指定根据数组中的某个字段值作为依赖条件更新。）"
"$type允许的值不在：%{1} 中","$type允许的值不在：%{1} 中"
"User Management","User Management"
"Hello %{}","Hello %{}"
"Welcome %{}!","Welcome %{}!"
"You have %{} messages","You have %{} messages"
"%{1} 事件必须设置：noNamespaceSchemaLocation=""urn:Weline_Framework::Event/etc/xsd/event.xsd""","%{1} 事件必须设置：noNamespaceSchemaLocation=""urn:Weline_Framework::Event/etc/xsd/event.xsd"""
"事件观察者列表！具体模组的事件请在命令后写明。例如：（ php bin/w event:data Weline_Core Weline_Base）","事件观察者列表！具体模组的事件请在命令后写明。例如：（ php bin/w event:data Weline_Core Weline_Base）"
"  - 总事件数：%{count}（普通事件：%{normal}，动态事件模式：%{dynamic}）","  - 总事件数：%{count}（普通事件：%{normal}，动态事件模式：%{dynamic}）"
"  - 有文档：%{count}","  - 有文档：%{count}"
"  - 缺少文档：%{count}","  - 缺少文档：%{count}"
"EventsManager Warning: No observer found for Weline_Admin::msg","EventsManager Warning: No observer found for Weline_Admin::msg"
"请确认开发服务器是否已启动（php bin/w server:start -b）","请确认开发服务器是否已启动（php bin/w server:start -b）"
"  ⚠️  安全警告：此命令仅允许在开发环境中运行！","  ⚠️  安全警告：此命令仅允许在开发环境中运行！"
"  dev=true","  dev=true"
"使用方法：php bin/w model:rebuild -m <模块名> -n <模型名>","使用方法：php bin/w model:rebuild -m <模块名> -n <模型名>"
"示例：php bin/w model:rebuild -m GuoLaiRen_PageBuilder -n Page","示例：php bin/w model:rebuild -m GuoLaiRen_PageBuilder -n Page"
"使用方法：php bin/w model:rebuild -m %{1} -n <模型名>","使用方法：php bin/w model:rebuild -m %{1} -n <模型名>"
"  简写形式：-n Page","  简写形式：-n Page"
"  完整路径：-n Page/LocalDescription","  完整路径：-n Page/LocalDescription"
"  ✓ 表 %{1} 已删除","  ✓ 表 %{1} 已删除"
"  - 表不存在，跳过删除","  - 表不存在，跳过删除"
"  ✓ 表重建成功","  ✓ 表重建成功"
"  表名：%{1}","  表名：%{1}"
"  未找到模块 Model，跳过数据库表删除。","  未找到模块 Model，跳过数据库表删除。"
"  发现 %{1} 个 Model 类","  发现 %{1} 个 Model 类"
"  跳过不存在的类：%{1}","  跳过不存在的类：%{1}"
"  表 %{1} (完整名: %{2}) 不存在，跳过。","  表 %{1} (完整名: %{2}) 不存在，跳过。"
"  备份表到文件：%{1}...","  备份表到文件：%{1}..."
"  ✓ 备份文件：%{1}","  ✓ 备份文件：%{1}"
"  备份失败：%{1}","  备份失败：%{1}"
"  将继续执行表复制...","  将继续执行表复制..."
"  复制表：%{1} → %{2}...","  复制表：%{1} → %{2}..."
"  表复制失败：%{1}","  表复制失败：%{1}"
"  删除原表：%{1}...","  删除原表：%{1}..."
"  ✓ 原表已删除：%{1}","  ✓ 原表已删除：%{1}"
"  错误：处理 %{1} 时发生异常：%{2}","  错误：处理 %{1} 时发生异常：%{2}"
"  modules.php 文件不存在，跳过。","  modules.php 文件不存在，跳过。"
"  模块 %{1} 在 modules.php 中不存在，跳过。","  模块 %{1} 在 modules.php 中不存在，跳过。"
"  ✓ 已从 modules.php 删除模块 %{1}","  ✓ 已从 modules.php 删除模块 %{1}"
"  module_dependencies.php 文件不存在，跳过。","  module_dependencies.php 文件不存在，跳过。"
"  模块 %{1} 在 module_dependencies.php 中不存在，跳过。","  模块 %{1} 在 module_dependencies.php 中不存在，跳过。"
"  ✓ 已从 module_dependencies.php 删除模块 %{1}","  ✓ 已从 module_dependencies.php 删除模块 %{1}"
"  ✓ 已删除：%{1}","  ✓ 已删除：%{1}"
"  ✗ 删除失败：%{1} - %{2}","  ✗ 删除失败：%{1} - %{2}"
"  ✓ 已删除表：%{1}","  ✓ 已删除表：%{1}"
"执行 ","执行 "
" 卸载程序..."," 卸载程序..."
"请手动执行：php bin/w module:upgrade","请手动执行：php bin/w module:upgrade"
"发现网站正在进行搬迁，请再次运行php bin/w setup:upgrade命令！如果还有有问题请运行composer update后再次运行。","发现网站正在进行搬迁，请再次运行php bin/w setup:upgrade命令！如果还有有问题请运行composer update后再次运行。"
"%{modules} 模块未找到(异常卸载)，如果模块确认需要卸载，请再次执行：php bin/w module:remove %{modules}","%{modules} 模块未找到(异常卸载)，如果模块确认需要卸载，请再次执行：php bin/w module:remove %{modules}"
"%{modules} 模块路径不一致(异常搬迁)，如果模块确认需要卸载，请再次执行：php bin/w module:remove %{modules}","%{modules} 模块路径不一致(异常搬迁)，如果模块确认需要卸载，请再次执行：php bin/w module:remove %{modules}"
{$result},{$result}
"%{1} 拦截器必须设置：noNamespaceSchemaLocation=""urn:Weline_Framework::Plugin/etc/xsd/plugin.xsd""","%{1} 拦截器必须设置：noNamespaceSchemaLocation=""urn:Weline_Framework::Plugin/etc/xsd/plugin.xsd"""
"  php bin/w plugin:status:set enable                    # 启用插件缓存","  php bin/w plugin:status:set enable                    # 启用插件缓存"
"  php bin/w plugin:status:set disable                   # 关闭插件缓存","  php bin/w plugin:status:set disable                   # 关闭插件缓存"
"  php bin/w plugin:status:set 1                         # 启用插件缓存","  php bin/w plugin:status:set 1                         # 启用插件缓存"
"  php bin/w plugin:status:set 0                         # 关闭插件缓存","  php bin/w plugin:status:set 0                         # 关闭插件缓存"
"插件名称：%{name},","插件名称：%{name},"
" 文件中：Register::register(...)  函数参数不能为空"," 文件中：Register::register(...)  函数参数不能为空"
"关闭维护模式失败，配置可能未保存。请手动运行 php bin/w maintenance:disable 关闭维护模式。","关闭维护模式失败，配置可能未保存。请手动运行 php bin/w maintenance:disable 关闭维护模式。"
"关闭维护模式时发生错误：%{1}。请手动运行 php bin/w maintenance:disable 关闭维护模式。","关闭维护模式时发生错误：%{1}。请手动运行 php bin/w maintenance:disable 关闭维护模式。"
"您的后台入口地址密钥：%{1} ","您的后台入口地址密钥：%{1} "
"由于您属于第一次安装，您可以使用命令行：php bin/w setup:upgrade , 然后使用：php bin/w server:start 快速开启本地开发服务器。","由于您属于第一次安装，您可以使用命令行：php bin/w setup:upgrade , 然后使用：php bin/w server:start 快速开启本地开发服务器。"
"文件上传失败:%{1} ","文件上传失败:%{1} "
"offset_type 不存在, 请选择 ","offset_type 不存在, 请选择 "
"非开发环境禁止运行！如你确认是dev环境，请运行php bin/w deploy:model:set dev 转换环境后运行！","非开发环境禁止运行！如你确认是dev环境，请运行php bin/w deploy:model:set dev 转换环境后运行！"
"停止命令: php bin/w phpunit:stop","停止命令: php bin/w phpunit:stop"
"  Windows命令: taskkill /PID %{1} /F","  Windows命令: taskkill /PID %{1} /F"
"  Linux/Mac命令: kill %{1}","  Linux/Mac命令: kill %{1}"
"模板文件设置错误：%{1},正确示例：Weline_System::demo.phtml","模板文件设置错误：%{1},正确示例：Weline_System::demo.phtml"
检测到Block类未调用父__init()方法：请在当前类（%{1}）中的__init()函数中添加parent::__init()初始化模板。,检测到Block类未调用父__init()方法：请在当前类（%{1}）中的__init()函数中添加parent::__init()初始化模板。
"文本, 参数","文本, 参数"
if没有自闭合标签:[{$template_html}]。示例：%{1},if没有自闭合标签:[{$template_html}]。示例：%{1}
if标签缺少condition条件属性:[{$template_html}]，示例：%{1},if标签缺少condition条件属性:[{$template_html}]，示例：%{1}
elseif没有@elseif()和@elseif{}用法:[{$template_html}]。示例：%{1},elseif没有@elseif()和@elseif{}用法:[{$template_html}]。示例：%{1}
"empty标签需要设置name属性:[{$template_html}] 例如：%{1}","empty标签需要设置name属性:[{$template_html}] 例如：%{1}"
empty标签需要设置name属性:[$template_html]例如：%{1},empty标签需要设置name属性:[$template_html]例如：%{1}
has标签需要设置name属性:[$template_html]例如：%{1},has标签需要设置name属性:[$template_html]例如：%{1}
block标签语法使用错误:[{$template_html}]：未指定block类。示例：%{1},block标签语法使用错误:[{$template_html}]：未指定block类。示例：%{1}
foreach没有自闭合标签:[{$template_html}]。示例：%{1},foreach没有自闭合标签:[{$template_html}]。示例：%{1}
foreach标签需要指定要循环的变量name属性:[{$template_html}]。例如：需要循环catalogs变量则%{1},foreach标签需要指定要循环的变量name属性:[{$template_html}]。例如：需要循环catalogs变量则%{1}
""" . addslashes($word) . """,""" . addslashes($word) . """
"代码：[{$template_html}] %{1}:标签必须设置属性%{2}, 提供的属性：%{3} 文件：%{4}","代码：[{$template_html}] %{1}:标签必须设置属性%{2}, 提供的属性：%{3} 文件：%{4}"
"模板文件不存在！：%{1} ","模板文件不存在！：%{1} "
"  表 %{1} 不存在，跳过。","  表 %{1} 不存在，跳过。"
"运行失败： 非站点运行用户禁止执行！请前往 %{1} 配置user键指定网站运行用户。示例\"","运行失败： 非站点运行用户禁止执行！请前往 %{1} 配置user键指定网站运行用户。示例\""""""
"Session 驱动找不到！请检查env配置文件中 session[\"","Session 驱动找不到！请检查env配置文件中 session[\""""""
维护模式保持开启状态（升级前已启用）。,维护模式保持开启状态（升级前已启用）。
"php bin/w plugin:status:set 0                         # 关闭插件缓存","php bin/w plugin:status:set 0                         # 关闭插件缓存"
"php bin/w plugin:status:set 1                         # 启用插件缓存","php bin/w plugin:status:set 1                         # 启用插件缓存"
"php bin/w plugin:status:set disable                   # 关闭插件缓存","php bin/w plugin:status:set disable                   # 关闭插件缓存"
"php bin/w plugin:status:set enable                    # 启用插件缓存","php bin/w plugin:status:set enable                    # 启用插件缓存"
"文件中：Register::register(...)  函数参数不能为空","文件中：Register::register(...)  函数参数不能为空"
"调试输出 (d函数)'),","调试输出 (d函数)'),"
"调试输出 (w函数)'),","调试输出 (w函数)'),"
"方法 %{1} 不存在","Method %{1} does not exist"
"方法 %{1} 缺少PHPDoc注释","Method %{1} is missing PHPDoc comment"
"方法 %{1} 缺少 @Document 注释","Method %{1} is missing @Document comment"
"方法 %{1} 的 @Document 注释缺少 summary 参数","Method %{1} @Document comment is missing summary parameter"
"方法 %{1} 的 @Document 注释的 summary 参数不能为空","Method %{1} @Document comment summary parameter cannot be empty"
"方法 %{1} 的 @Document 注释的 summary 参数长度不能超过200字符","Method %{1} @Document comment summary parameter length cannot exceed 200 characters"
"方法 %{1} 的 @Document 注释中 deprecated=true 时必须提供 deprecatedReason 参数","Method %{1} @Document comment must provide deprecatedReason parameter when deprecated=true"
"方法 %{1} 的 @Document 注释格式不正确","Method %{1} @Document comment format is incorrect"
"方法 %{1} 的参数 $%{2} 缺少 @param 注释","Method %{1} parameter $%{2} is missing @param comment"
"方法 %{1} 缺少 @return 注释","Method %{1} is missing @return comment"
"后台API控制器类 %{1} 缺少类级别 Acl 注解","Backend API controller class %{1} is missing class-level Acl annotation"
"后台API方法 %{1} 缺少方法级别 Acl 注解","Backend API method %{1} is missing method-level Acl annotation"
"验证方法 %{1} 时出错: %{2}","Error validating method %{1}: %{2}"
"验证控制器 %{1} 时出错: %{2}","Error validating controller %{1}: %{2}"
API规范验证失败：,"API specification validation failed:"
"控制器: %{1}","Controller: %{1}"
"方法: %{1}","Method: %{1}"
错误列表:,"Error list:"
"请参考文档: %{1}","Please refer to documentation: %{1}"
"已通知 %{1}/%{2} 个 WLS Worker 重载","Notified %{1}/%{2} WLS Workers to reload"
"请通过 CLI 执行: php bin/w env:install --force","Run CLI: php bin/w env:install --force"
"强制重试: php bin/w env:install --force","Force retry: php bin/w env:install --force"
强制模式：杀死非框架进程（危险！默认只杀框架进程）,"Force: kill non-framework process (dangerous!)"
