"静态文件缓存: %{1} %{2}","静态文件缓存: %{1} %{2}"
包太大：%{1},包太大：%{1}
"onMessage 错误：%{1}","onMessage 错误：%{1}"
"onClose 错误：%{1}","onClose 错误：%{1}"
"运行模式: 后台运行 (默认)","运行模式: 后台运行 (默认)"
"运行模式: 前台运行","运行模式: 前台运行"
"已停止占用端口 %{1} 的 Weline Server，以便启动 CLI 服务器","已停止占用端口 %{1} 的 Weline Server，以便启动 CLI 服务器"
等待端口释放...,等待端口释放...
检测到服务器已在运行中，强制启动模式将先停止现有服务器...,检测到服务器已在运行中，强制启动模式将先停止现有服务器...
现有服务器已成功停止,现有服务器已成功停止
端口被占用，但检测到的占用进程已不存在，跳过停止。,端口被占用，但检测到的占用进程已不存在，跳过停止。
通过端口检测到进程，正在停止，进程ID：%{1},通过端口检测到进程，正在停止，进程ID：%{1}
正在停止现有服务器进程，进程ID：%{1},正在停止现有服务器进程，进程ID：%{1}
占用进程已退出，视为端口已释放，继续启动。,占用进程已退出，视为端口已释放，继续启动。
停止现有服务器失败，请手动停止后重试,停止现有服务器失败，请手动停止后重试
端口被占用但无法确定进程ID，尝试强制清理端口,端口被占用但无法确定进程ID，尝试强制清理端口
检测到服务器已在运行中！进程ID：%{1},检测到服务器已在运行中！进程ID：%{1}
已自动更新配置信息。,已自动更新配置信息。
服务访问地址,服务访问地址
服务器已在后台运行,服务器已在后台运行
检测到端口被占用，但无法获取进程信息,检测到端口被占用，但无法获取进程信息
开发专用，请勿用于生产环境。,开发专用，请勿用于生产环境。
启用PHP内置本地WebServer服务...,启用PHP内置本地WebServer服务...
"⚠️  警告：当前处于生产环境模式（%{1}）！","⚠️  警告：当前处于生产环境模式（%{1}）！"
"⚠️  PHP内置服务器仅供开发和测试使用，不适合生产环境！","⚠️  PHP内置服务器仅供开发和测试使用，不适合生产环境！"
"⚠️  生产环境请使用Nginx或Apache等专业Web服务器！","⚠️  生产环境请使用Nginx或Apache等专业Web服务器！"
"⚠️  继续使用PHP内置服务器可能导致性能问题和安全风险！","⚠️  继续使用PHP内置服务器可能导致性能问题和安全风险！"
"是否仍要在生产模式下启动PHP内置服务器？(输入 y/yes 继续，其他任意键取消):","是否仍要在生产模式下启动PHP内置服务器？(输入 y/yes 继续，其他任意键取消):"
"⚠️  您已选择在生产模式下使用PHP内置服务器，请自行承担风险！","⚠️  您已选择在生产模式下使用PHP内置服务器，请自行承担风险！"
使用proc_open启动后台进程,使用proc_open启动后台进程
proc_open不可用，使用传统方式启动后台进程,proc_open不可用，使用传统方式启动后台进程
通过端口检测到服务器进程，进程ID：%{1},通过端口检测到服务器进程，进程ID：%{1}
服务器已在后台启动成功！,服务器已在后台启动成功！
程序已进入后台运行,程序已进入后台运行
服务器已在后台启动成功！进程ID：%{1},服务器已在后台启动成功！进程ID：%{1}
程序已进入后台运行，可以关闭终端,程序已进入后台运行，可以关闭终端
服务器启动成功！进程ID：%{1},服务器启动成功！进程ID：%{1}
"按 Ctrl+C 停止服务器","按 Ctrl+C 停止服务器"
后台启动失败，请检查端口是否被占用,后台启动失败，请检查端口是否被占用
服务器进程已结束。若未能正常启动请检查端口是否被占用。,服务器进程已结束。若未能正常启动请检查端口是否被占用。
本地,本地
局域网,局域网
前端首页,前端首页
前端API,前端API
后端管理,后端管理
后端API,后端API
"端口 %{1} 仍可连接，但无法确定占用进程（系统返回的 PID 已失效），可能正在释放中…","端口 %{1} 仍可连接，但无法确定占用进程（系统返回的 PID 已失效），可能正在释放中…"
"进程检测异常（端口与 PID 不一致），尝试继续启动；若绑定失败请先执行 server:kill-php 或 taskkill 后重试。","进程检测异常（端口与 PID 不一致），尝试继续启动；若绑定失败请先执行 server:kill-php 或 taskkill 后重试。"
"端口 %{1} 仍被占用（PID：%{2}），正在停止以便启动 CLI 服务器...","端口 %{1} 仍被占用（PID：%{2}），正在停止以便启动 CLI 服务器..."
"进程 %{1} 未能成功结束。请手动执行后重试：","进程 %{1} 未能成功结束。请手动执行后重试："
"端口 %{1} 被占用但无法获取进程ID，请手动停止后重试","端口 %{1} 被占用但无法获取进程ID，请手动停止后重试"
"端口 %{1} 多次尝试后仍被占用，CLI 可能无法正常监听","端口 %{1} 多次尝试后仍被占用，CLI 可能无法正常监听"
"若仍无法结束，请以管理员身份运行 CMD 或 PowerShell 后执行上述命令。","若仍无法结束，请以管理员身份运行 CMD 或 PowerShell 后执行上述命令。"
正在停止配置中的服务器进程，进程ID：%{1},正在停止配置中的服务器进程，进程ID：%{1}
配置中的服务器进程已停止！进程ID：%{1},配置中的服务器进程已停止！进程ID：%{1}
停止配置中的服务器进程失败！进程ID：%{1},停止配置中的服务器进程失败！进程ID：%{1}
强制停止失败，请尝试手动停止进程。,强制停止失败，请尝试手动停止进程。
"请尝试使用 -f 参数强制停止或手动停止进程。","请尝试使用 -f 参数强制停止或手动停止进程。"
"检测到端口 %{1}:%{2} 被占用，但配置信息为空。","检测到端口 %{1}:%{2} 被占用，但配置信息为空。"
检测到的进程ID：%{1},检测到的进程ID：%{1}
检测到的进程ID（%{1}）与配置中的进程ID（%{2}）不一致。,检测到的进程ID（%{1}）与配置中的进程ID（%{2}）不一致。
正在停止检测到的进程，进程ID：%{1},正在停止检测到的进程，进程ID：%{1}
"是否要停止此进程？使用 -f 参数直接停止。","是否要停止此进程？使用 -f 参数直接停止。"
端口监听进程已停止！进程ID：%{1},端口监听进程已停止！进程ID：%{1}
停止端口监听进程失败！进程ID：%{1},停止端口监听进程失败！进程ID：%{1}
"Linux/Unix 上可能需要 root 权限：sudo kill -9 %{1}","Linux/Unix 上可能需要 root 权限：sudo kill -9 %{1}"
"端口 %{1}:%{2} 被占用，但无法确定进程ID。","端口 %{1}:%{2} 被占用，但无法确定进程ID。"
请手动检查端口占用情况。,请手动检查端口占用情况。
"未检测到服务器运行（端口 %{1}:%{2} 未被占用）。","未检测到服务器运行（端口 %{1}:%{2} 未被占用）。"
"服务器未运行（端口 %{1}:%{2} 未被占用）。","服务器未运行（端口 %{1}:%{2} 未被占用）。"
服务器停止操作完成！,服务器停止操作完成！
"停止PHP内置本地WebServer服务。使用 -f 或 --force 参数强制停止。","停止PHP内置本地WebServer服务。使用 -f 或 --force 参数强制停止。"
"Weline Server 压力测试","Weline Server 压力测试"
"无法连接到服务器 %{1}:%{2}","无法连接到服务器 %{1}:%{2}"
服务器连接成功，开始压测...,服务器连接成功，开始压测...
"检测到 Git Bash 路径转换，已自动修复：%{1} → %{2}","检测到 Git Bash 路径转换，已自动修复：%{1} → %{2}"
手动指定,手动指定
未检测到运行中的服务器,未检测到运行中的服务器
"检测到多个服务器实例，使用默认实例 [default]","检测到多个服务器实例，使用默认实例 [default]"
"检测到多个服务器实例，使用实例 [%{1}]","检测到多个服务器实例，使用实例 [%{1}]"
"需要 curl 扩展支持","需要 curl 扩展支持"
"使用 %{1} 个持久连接进行压测...","使用 %{1} 个持久连接进行压测..."
"进度：%{1}% (%{2}/%{3})","进度：%{1}% (%{2}/%{3})"
压测结果报告,压测结果报告
总请求数：%{1},总请求数：%{1}
成功请求：%{1},成功请求：%{1}
失败请求：%{1},失败请求：%{1}
错误率：%{1}%,错误率：%{1}%
"总耗时：%{1} 秒","总耗时：%{1} 秒"
QPS：%{1},QPS：%{1}
延迟统计（毫秒）,延迟统计（毫秒）
平均：%{1},平均：%{1}
最小：%{1},最小：%{1}
最大：%{1},最大：%{1}
中位数：%{1},中位数：%{1}
P95：%{1},P95：%{1}
P99：%{1},P99：%{1}
报告已保存：%{1},报告已保存：%{1}
"对 Weline Server 进行压力测试","对 Weline Server 进行压力测试"
自动探测运行中的服务器并进行压力测试,自动探测运行中的服务器并进行压力测试
并发数（默认：100）,并发数（默认：100）
总请求数（默认：10000）,总请求数（默认：10000）
请求路径（默认：/）,请求路径（默认：/）
指定端口（可选，默认自动探测）,指定端口（可选，默认自动探测）
"指定主机（可选，默认 127.0.0.1）","指定主机（可选，默认 127.0.0.1）"
"指定端口为 HTTPS（与 -p 合用；自动探测时根据实例配置）","指定端口为 HTTPS（与 -p 合用；自动探测时根据实例配置）"
显示帮助信息,显示帮助信息
基本压测（自动探测）,基本压测（自动探测）
高并发,高并发
指定端口,指定端口
"指定 HTTPS 端口","指定 HTTPS 端口"
"Weline Server 性能优化指南","Weline Server 性能优化指南"
"📋 您的 PHP 环境","📋 您的 PHP 环境"
"PHP 版本","PHP 版本"
"PHP 路径","PHP 路径"
配置文件,配置文件
扩展目录,扩展目录
操作系统,操作系统
"⚡ 优化状态","⚡ 优化状态"
已优化,已优化
当前加成,当前加成
潜在提升,潜在提升
"⚠️ 待优化项：","⚠️ 待优化项："
"✅ 所有优化项已配置完成！","✅ 所有优化项已配置完成！"
"📖 在线优化指南","📖 在线优化指南"
访问以下链接查看详细的安装步骤：,访问以下链接查看详细的安装步骤：
"🔒 安全策略：仅允许后台本地 AJAX 请求","🔒 安全策略：仅允许后台本地 AJAX 请求"
"💡 需要先登录后台才能访问","💡 需要先登录后台才能访问"
"🚀 快速优化","🚀 快速优化"
"📦 %{1}","📦 %{1}"
文件：%{1},文件：%{1}
显示性能优化文档链接,显示性能优化文档链接
"即将结束系统中所有 PHP 进程（含 WLS、CLI 服务器等）","即将结束系统中所有 PHP 进程（含 WLS、CLI 服务器等）"
正在执行…,正在执行…
"已结束所有 php.exe 进程","已结束所有 php.exe 进程"
"未检测到运行中的 php.exe，或已全部结束","未检测到运行中的 php.exe，或已全部结束"
"已结束所有 php 进程","已结束所有 php 进程"
"未检测到运行中的 php 进程，或已全部结束","未检测到运行中的 php 进程，或已全部结束"
"一键结束系统中所有 PHP 进程（Windows: taskkill /F /IM php.exe /T；Linux/Mac: pkill -9 php）","一键结束系统中所有 PHP 进程（Windows: taskkill /F /IM php.exe /T；Linux/Mac: pkill -9 php）"
"一键结束系统中所有 PHP 进程","一键结束系统中所有 PHP 进程"
"执行后端口会释放，可再运行 server:start","执行后端口会释放，可再运行 server:start"
"端口 %{1} 当前没有进程在监听","端口 %{1} 当前没有进程在监听"
"端口 %{1} 被进程占用%{2}","端口 %{1} 被进程占用%{2}"
框架进程,框架进程
非框架进程,非框架进程
该端口被非框架进程占用，出于安全考虑不会自动杀死,该端口被非框架进程占用，出于安全考虑不会自动杀死
"如果确定要杀死该进程，请使用 -f 参数:","如果确定要杀死该进程，请使用 -f 参数:"
或手动执行:,或手动执行:
"taskkill /F /PID %{1}","taskkill /F /PID %{1}"
警告：即将杀死非框架进程！,警告：即将杀死非框架进程！
正在释放端口...,正在释放端口...
"端口 %{1} 已成功释放","端口 %{1} 已成功释放"
端口释放失败，请尝试：,端口释放失败，请尝试：
"1. 以管理员身份运行","1. 以管理员身份运行"
"2. 手动执行: taskkill /F /PID %{1}","2. 手动执行: taskkill /F /PID %{1}"
"结束占用指定端口的进程（如 443 被非框架进程占用时）","结束占用指定端口的进程（如 443 被非框架进程占用时）"
结束占用指定端口的进程,结束占用指定端口的进程
"端口号（默认 443）","端口号（默认 443）"
端口号,端口号
强制模式：杀死非框架进程（危险！默认只杀框架进程）,强制模式：杀死非框架进程（危险！默认只杀框架进程）
"结束占用 443 的框架进程","结束占用 443 的框架进程"
强制杀死任何进程（危险）,强制杀死任何进程（危险）
"Weline Server","Weline Server"
┌──────────────────────────────────────────────────────────────────────────────────────┐,┌──────────────────────────────────────────────────────────────────────────────────────┐
├──────────────────────────────────────────────────────────────────────────────────────┤,├──────────────────────────────────────────────────────────────────────────────────────┤
└──────────────────────────────────────────────────────────────────────────────────────┘,└──────────────────────────────────────────────────────────────────────────────────────┘
运行中,运行中
已停止,已停止
"总计：%{total}  |  Weline: ●%{wrun} ○%{wstop}  |  CLI: ●%{clirun}","总计：%{total}  |  Weline: ●%{wrun} ○%{wstop}  |  CLI: ●%{clirun}"
"[WLS] = Weline Server (高性能)  |  [CLI] = PHP 内置服务器 (开发)","[WLS] = Weline Server (高性能)  |  [CLI] = PHP 内置服务器 (开发)"
没有找到任何服务器实例,没有找到任何服务器实例
═══════════════════════════════════════════════════════════════════════════════,═══════════════════════════════════════════════════════════════════════════════
服务器实例详细列表,服务器实例详细列表
"PHP 内置服务器","PHP 内置服务器"
───────────────────────────────────────────────────────────────────────────────,───────────────────────────────────────────────────────────────────────────────
"[%{1}] ● 运行中","[%{1}] ● 运行中"
"[%{1}] ○ 已停止","[%{1}] ○ 已停止"
"├─ 服务类型   : %{1}","├─ 服务类型   : %{1}"
"├─ 监听地址   : %{1}:%{2}","├─ 监听地址   : %{1}:%{2}"
"├─ Worker 数  : %{1}","├─ Worker 数  : %{1}"
"├─ 运行模式   : %{1}","├─ 运行模式   : %{1}"
守护进程,守护进程
前台模式,前台模式
"├─ 启动时间   : %{1}","├─ 启动时间   : %{1}"
"└─ 运行时长   : %{1}","└─ 运行时长   : %{1}"
"总计：%{1} 个实例","总计：%{1} 个实例"
"列出所有服务器实例（CLI 和 Weline Server）","列出所有服务器实例（CLI 和 Weline Server）"
"列出所有服务器实例及其状态，包括 Weline Server 和 PHP CLI 服务器","列出所有服务器实例及其状态，包括 Weline Server 和 PHP CLI 服务器"
仅显示运行中的实例,仅显示运行中的实例
显示详细信息,显示详细信息
"按类型过滤：weline 或 cli","按类型过滤：weline 或 cli"
"以 JSON 格式输出","以 JSON 格式输出"
显示所有实例,显示所有实例
"仅 Weline Server","仅 Weline Server"
"仅 CLI 服务器","仅 CLI 服务器"
仅运行中,仅运行中
详细信息,详细信息
"未检测到运行中的 WLS Master","未检测到运行中的 WLS Master"
未知子命令：%{1},未知子命令：%{1}
启用维护模式...,启用维护模式...
发送命令失败,发送命令失败
"✓ 维护模式已启用","✓ 维护模式已启用"
"维护 Worker 数量：%{1}","维护 Worker 数量：%{1}"
"✗ 启用失败：%{1}","✗ 启用失败：%{1}"
禁用维护模式...,禁用维护模式...
"✓ 维护模式已禁用","✓ 维护模式已禁用"
"✗ 禁用失败：%{1}","✗ 禁用失败：%{1}"
开始滚动重启...,开始滚动重启...
"维护 Worker 将自动启用以接管流量","维护 Worker 将自动启用以接管流量"
"无法获取控制端口，请检查 Master 是否运行","无法获取控制端口，请检查 Master 是否运行"
"无法建立 IPC 连接: %{1}","无法建立 IPC 连接: %{1}"
"✓ 滚动重启命令已发送","✓ 滚动重启命令已发送"
"等待 Orchestrator 完成滚动重启...","等待 Orchestrator 完成滚动重启..."
获取状态失败,获取状态失败
维护模式状态,维护模式状态
维护模式：%{1},维护模式：%{1}
滚动重启：%{1},滚动重启：%{1}
"维护 Worker：%{1}","维护 Worker：%{1}"
连接异常断开,连接异常断开
"✗ 滚动重启失败：%{1}","✗ 滚动重启失败：%{1}"
等待超时（%{1}s），重启可能仍在进行中,等待超时（%{1}s），重启可能仍在进行中
"可用 server:maintenance status 查看当前状态","可用 server:maintenance status 查看当前状态"
"✓ 滚动重启完成（%{1}/%{2} Worker）","✓ 滚动重启完成（%{1}/%{2} Worker）"
维护模式已自动禁用,维护模式已自动禁用
未知错误,未知错误
"用法：server:maintenance <子命令> [实例名]","用法：server:maintenance <子命令> [实例名]"
子命令：,子命令：
"启用维护模式（启动维护 Worker）","启用维护模式（启动维护 Worker）"
"禁用维护模式（停止维护 Worker）","禁用维护模式（停止维护 Worker）"
执行滚动重启（自动管理维护模式）,执行滚动重启（自动管理维护模式）
查看维护模式状态,查看维护模式状态
示例：,示例：
"WLS 维护模式管理（滚动重启、维护 Worker）","WLS 维护模式管理（滚动重启、维护 Worker）"
"管理 WLS 的维护模式：启用/禁用维护 Worker，执行滚动重启。","管理 WLS 的维护模式：启用/禁用维护 Worker，执行滚动重启。"
"启用维护模式：启动维护 Worker，准备接管流量","启用维护模式：启动维护 Worker，准备接管流量"
"禁用维护模式：停止维护 Worker，恢复正常运行","禁用维护模式：停止维护 Worker，恢复正常运行"
"执行滚动重启：逐个重启 Worker，期间由维护 Worker 接管流量","执行滚动重启：逐个重启 Worker，期间由维护 Worker 接管流量"
实例名称（默认：default）,实例名称（默认：default）
滚动重启,滚动重启
"逐个重启 Worker 进程，期间由维护 Worker 接管流量，实现零停机更新","逐个重启 Worker 进程，期间由维护 Worker 接管流量，实现零停机更新"
"维护 Worker","维护 Worker"
"临时启动的 Worker 进程，用于在滚动重启期间处理请求","临时启动的 Worker 进程，用于在滚动重启期间处理请求"
自动管理,自动管理
"rolling 命令会自动启用/禁用维护模式，无需手动操作","rolling 命令会自动启用/禁用维护模式，无需手动操作"
滚动重启（推荐）,滚动重启（推荐）
查看状态,查看状态
手动启用维护模式,手动启用维护模式
手动禁用维护模式,手动禁用维护模式
"Weline Server 多进程模式","Weline Server 多进程模式"
基础端口：%{1},基础端口：%{1}
进程数量：%{1},进程数量：%{1}
平台：%{1},平台：%{1}
检查端口...,检查端口...
"端口 %{1} 已被占用，尝试释放...","端口 %{1} 已被占用，尝试释放..."
"无法释放端口 %{1}","无法释放端口 %{1}"
端口检查通过,端口检查通过
"启动 Worker 进程...","启动 Worker 进程..."
"Worker #%{1} 启动成功（端口: %{2}）%{3}","Worker #%{1} 启动成功（端口: %{2}）%{3}"
"Worker #%{1} 启动失败：%{2}","Worker #%{1} 启动失败：%{2}"
验证进程状态...,验证进程状态...
"Worker #%{1} (:%{2}) - 运行中","Worker #%{1} (:%{2}) - 运行中"
"Worker #%{1} (:%{2}) - 未响应","Worker #%{1} (:%{2}) - 未响应"
启动结果,启动结果
"成功启动：%{1}/%{2} 个进程","成功启动：%{1}/%{2} 个进程"
启动方式：%{1},启动方式：%{1}
测试命令：,测试命令：
压测命令：,压测命令：
停止命令：,停止命令：
进程控制函数状态：,进程控制函数状态：
"⚠️ 性能优化建议","⚠️ 性能优化建议"
当前使用备用方案（%{1}）启动进程，性能可能受限。,当前使用备用方案（%{1}）启动进程，性能可能受限。
"建议在 php.ini 中启用以下函数以获得最佳性能：","建议在 php.ini 中启用以下函数以获得最佳性能："
修改方法：,修改方法：
"1. 找到 php.ini 文件：%{1}","1. 找到 php.ini 文件：%{1}"
"2. 找到 disable_functions 配置项","2. 找到 disable_functions 配置项"
"3. 移除以上函数名，保存并重启服务","3. 移除以上函数名，保存并重启服务"
启用后，服务器性能将有质的飞跃！🚀,启用后，服务器性能将有质的飞跃！🚀
"进程控制核心函数，支持双向通信和精确的 PID 管理","进程控制核心函数，支持双向通信和精确的 PID 管理"
进程资源释放，防止僵尸进程,进程资源释放，防止僵尸进程
实时获取进程状态，支持进程监控,实时获取进程状态，支持进程监控
真正的进程分叉，共享内存，性能最优,真正的进程分叉，共享内存，性能最优
创建守护进程，脱离终端控制,创建守护进程，脱离终端控制
轻量级进程通信,轻量级进程通信
进程管理辅助函数,进程管理辅助函数
没有可用的进程创建函数,没有可用的进程创建函数
"多进程模式启动 Weline Server","多进程模式启动 Weline Server"
启动多个独立进程以提高并发性能,启动多个独立进程以提高并发性能
监听地址（默认：127.0.0.1）,监听地址（默认：127.0.0.1）
基础端口（默认：8080）,基础端口（默认：8080）
进程数量（默认：4）,进程数量（默认：4）
"启动 4 个进程","启动 4 个进程"
"启动 8 个进程","启动 8 个进程"
"停止 Weline Server 多进程","停止 Weline Server 多进程"
"Worker #%{1} (PID: %{2}, 端口: %{3}) 已停止","Worker #%{1} (PID: %{2}, 端口: %{3}) 已停止"
"Worker #%{1} (端口: %{2}) 已停止","Worker #%{1} (端口: %{2}) 已停止"
"Worker #%{1} (端口: %{2}) 未运行","Worker #%{1} (端口: %{2}) 未运行"
"已停止 %{1}/%{2} 个进程","已停止 %{1}/%{2} 个进程"
"停止多进程 Weline Server","停止多进程 Weline Server"
"停止多个 Worker 进程","停止多个 Worker 进程"
"停止 4 个进程","停止 4 个进程"
"未检测到运行中的 WLS Worker","未检测到运行中的 WLS Worker"
"强制重载模式：批量杀死所有 Worker 后重新启动","强制重载模式：批量杀死所有 Worker 后重新启动"
执行滚动重启（优雅重载）...,执行滚动重启（优雅重载）...
"Worker 数：%{1}","Worker 数：%{1}"
"✓ 热重载命令已发送","✓ 热重载命令已发送"
"可用 server:status 查看当前状态","可用 server:status 查看当前状态"
"✓ 滚动重启完成（耗时: %{1}，Worker: %{2}）","✓ 滚动重启完成（耗时: %{1}，Worker: %{2}）"
"✗ 滚动重启失败：Worker #%{1} - %{2}","✗ 滚动重启失败：Worker #%{1} - %{2}"
排水中,排水中
启动中,启动中
等待就绪,等待就绪
"Worker #%{1} %{2} (%{3}/%{4})","Worker #%{1} %{2} (%{3}/%{4})"
"✓ 重载完成（耗时: %{1}，Worker: %{2}）","✓ 重载完成（耗时: %{1}，Worker: %{2}）"
"✗ 重载失败：%{1}","✗ 重载失败：%{1}"
"无法通过 IPC 发送命令，请检查 Master 是否运行","无法通过 IPC 发送命令，请检查 Master 是否运行"
"Orchestrator 将批量杀死所有 Worker 后重新启动","Orchestrator 将批量杀死所有 Worker 后重新启动"
"Orchestrator 将编排滚动重启，Worker 逐个优雅重启","Orchestrator 将编排滚动重启，Worker 逐个优雅重启"
"热重载 WLS Worker 代码（无需完全重启服务器）","热重载 WLS Worker 代码（无需完全重启服务器）"
"通知 Orchestrator 执行滚动重启。修改 Worker 代码后使用此命令即可生效。","通知 Orchestrator 执行滚动重启。修改 Worker 代码后使用此命令即可生效。"
"强制模式：批量杀死所有 Worker 后重新启动（不等待排水）","强制模式：批量杀死所有 Worker 后重新启动（不等待排水）"
不等待：发送命令后立即返回,不等待：发送命令后立即返回
默认行为,默认行为
等待滚动重启完成后返回，显示进度,等待滚动重启完成后返回，显示进度
"-f 强制模式","-f 强制模式"
"批量重启：直接杀死所有 Worker，快速但会中断请求","批量重启：直接杀死所有 Worker，快速但会中断请求"
"-n 不等待","-n 不等待"
发送命令后立即返回，适合脚本调用,发送命令后立即返回，适合脚本调用
适用场景,适用场景
"修改了 Worker 代码、业务代码、模板、配置等","修改了 Worker 代码、业务代码、模板、配置等"
不适用场景,不适用场景
"修改了 Dispatcher、Master 代码或启动参数（需用 server:start -r）","修改了 Dispatcher、Master 代码或启动参数（需用 server:start -r）"
滚动重载（默认等待）,滚动重载（默认等待）
不等待,不等待
强制重载,强制重载
"检测到服务器已运行，执行滚动重启（Master 保持运行）...","检测到服务器已运行，执行滚动重启（Master 保持运行）..."
服务器未运行，正在启动...,服务器未运行，正在启动...
"✓ 服务器已在运行中","✓ 服务器已在运行中"
实例名称：%{1},实例名称：%{1}
如需强制重启服务器，请使用以下命令：,如需强制重启服务器，请使用以下命令：
其他操作：,其他操作：
"重启 Weline 常驻内存 HTTP 服务器","重启 Weline 常驻内存 HTTP 服务器"
"确保 Weline Server 运行中（已运行 -r 时保持 Master 滚动重载，未运行则启动）","确保 Weline Server 运行中（已运行 -r 时保持 Master 滚动重载，未运行则启动）"
"强制重启（保持 Master，滚动重载 Worker）","强制重启（保持 Master，滚动重载 Worker）"
监听地址（默认：0.0.0.0）,监听地址（默认：0.0.0.0）
监听端口（默认：443）,监听端口（默认：443）
"Worker 进程数（默认：4）","Worker 进程数（默认：4）"
确保服务器运行,确保服务器运行
强制重启服务器,强制重启服务器
重启并更改端口,重启并更改端口
"请指定 --ip=<IP> 解封单个 IP，或 --clear-all 清空全部封禁","请指定 --ip=<IP> 解封单个 IP，或 --clear-all 清空全部封禁"
"未检测到运行中的 WLS Dispatcher，无需执行解封","未检测到运行中的 WLS Dispatcher，无需执行解封"
"命令已发送，若 Dispatcher 正在运行应已生效","命令已发送，若 Dispatcher 正在运行应已生效"
"正在重载域名 %{1} 的证书...","正在重载域名 %{1} 的证书..."
正在从证书管理重载所有可用证书...,正在从证书管理重载所有可用证书...
"已启用 --clear：将清除不完整证书的 DB 记录和磁盘文件，重置为可重新申请状态","已启用 --clear：将清除不完整证书的 DB 记录和磁盘文件，重置为可重新申请状态"
"已启用 --clear-no-pem：缺少 PEM 的证书记录将被删除","已启用 --clear-no-pem：缺少 PEM 的证书记录将被删除"
"成功重载 %{1} 个证书","成功重载 %{1} 个证书"
"✓ %{1}","✓ %{1}"
"发现 %{1} 个已过期证书，已发送系统通知","发现 %{1} 个已过期证书，已发送系统通知"
"已清除 %{1} 条不完整证书","已清除 %{1} 条不完整证书"
"✗ 已清除 %{1}","✗ 已清除 %{1}"
"已刷新本地证书文件、SNI 映射和 WLS 证书缓存","已刷新本地证书文件、SNI 映射和 WLS 证书缓存"
没有需要重载的证书,没有需要重载的证书
"从证书管理重载证书文件并刷新 WLS 映射","从证书管理重载证书文件并刷新 WLS 映射"
"从证书管理中读取 PEM 内容，重载到本地证书目录，并刷新 WLS 的 SNI 证书映射","从证书管理中读取 PEM 内容，重载到本地证书目录，并刷新 WLS 的 SNI 证书映射"
只重载指定域名的证书,只重载指定域名的证书
"清除缺少 PEM 或证书文件不正常的证书记录及其磁盘目录，重置证书状态以便重新申请","清除缺少 PEM 或证书文件不正常的证书记录及其磁盘目录，重置证书状态以便重新申请"
"同 --clear（兼容旧参数）","同 --clear（兼容旧参数）"
"重载所有启用了 HTTPS 的有效/异常证书记录；已过期证书仅通知不重载","重载所有启用了 HTTPS 的有效/异常证书记录；已过期证书仅通知不重载"
重载全部证书,重载全部证书
重载单个域名,重载单个域名
清除不完整证书并重置,清除不完整证书并重置
策略模式启动失败,策略模式启动失败
"Weline Server 不可用：%{1}","Weline Server 不可用：%{1}"
"自动回退到 PHP 内置 CLI 服务器...","自动回退到 PHP 内置 CLI 服务器..."
"无法启动：实例 [%{1}] 正在被另一个进程启动中","无法启动：实例 [%{1}] 正在被另一个进程启动中"
请稍后重试，或检查是否有其他终端正在启动服务器,请稍后重试，或检查是否有其他终端正在启动服务器
"使用已保存的实例配置：%{1} (%{2}:%{3})","使用已保存的实例配置：%{1} (%{2}:%{3})"
"以 HTTP 运行（端口 %{1}）。由 wls.https=false 或 --no-ssl 生效。","以 HTTP 运行（端口 %{1}）。由 wls.https=false 或 --no-ssl 生效。"
已生成新证书：%{1},已生成新证书：%{1}
使用已有证书：%{1},使用已有证书：%{1}
证书有效期至：%{1},证书有效期至：%{1}
"端口 %{1} 已被 Weline Server 实例 [%{2}] 占用！","端口 %{1} 已被 Weline Server 实例 [%{2}] 占用！"
解决方案：,解决方案：
"1. 使用 -p 参数指定其他端口启动新实例：","1. 使用 -p 参数指定其他端口启动新实例："
"2. 或先停止实例 [%{1}]：","2. 或先停止实例 [%{1}]："
"3. 查看所有运行中的实例：","3. 查看所有运行中的实例："
"端口 %{1} 已被 PHP 内置服务器占用，正在停止...","端口 %{1} 已被 PHP 内置服务器占用，正在停止..."
"检测到服务器已运行，-f 直接切换（不等待）...","检测到服务器已运行，-f 直接切换（不等待）..."
检测到服务器已运行，平滑重启：先开启维护模式，通过健康检查等待请求处理完成...,检测到服务器已运行，平滑重启：先开启维护模式，通过健康检查等待请求处理完成...
"所有 Worker 已空闲，开始切换...","所有 Worker 已空闲，开始切换..."
等待超时，强制切换...,等待超时，强制切换...
"启用直连模式：%{1} 个 Worker 直接监听端口 %{2}（SO_REUSEPORT）","启用直连模式：%{1} 个 Worker 直接监听端口 %{2}（SO_REUSEPORT）"
"当前系统不支持 SO_REUSEPORT，无法启用直连模式，回退到 Dispatcher 模式","当前系统不支持 SO_REUSEPORT，无法启用直连模式，回退到 Dispatcher 模式"
"禁用 Dispatcher，每个 Worker 使用独立端口（智能分配）","禁用 Dispatcher，每个 Worker 使用独立端口（智能分配）"
"使用 Dispatcher 模式（TCP 透传）","使用 Dispatcher 模式（TCP 透传）"
"HTTP 重定向已禁用（--http-redirect-port 0）","HTTP 重定向已禁用（--http-redirect-port 0）"
"HTTP 重定向已禁用（wls.http_redirect_port = 0）","HTTP 重定向已禁用（wls.http_redirect_port = 0）"
"HTTPS 非 443：未启用独立 HTTP 重定向 Worker；明文入口仍可由 Dispatcher 内联跳转 HTTPS","HTTPS 非 443：未启用独立 HTTP 重定向 Worker；明文入口仍可由 Dispatcher 内联跳转 HTTPS"
"HTTP 重定向端口无效: %{1}","HTTP 重定向端口无效: %{1}"
"默认端口 %{1} 被占用（可能被宝塔/nginx 等 web 服务占用），已降级到 %{2}","默认端口 %{1} 被占用（可能被宝塔/nginx 等 web 服务占用），已降级到 %{2}"
"主端口 %{1} 被非框架进程占用","主端口 %{1} 被非框架进程占用"
主端口是业务入口，不会自动切换以避免服务地址变化,主端口是业务入口，不会自动切换以避免服务地址变化
"1. 手动停止占用端口 %{1} 的进程","1. 手动停止占用端口 %{1} 的进程"
"2. 或使用 -p 参数显式指定其他端口：","2. 或使用 -p 参数显式指定其他端口："
"3. 查看端口占用：","3. 查看端口占用："
"Worker 端口段 %{1}-%{2} 存在端口占用，自动切换到 %{3}-%{4}","Worker 端口段 %{1}-%{2} 存在端口占用，自动切换到 %{3}-%{4}"
"HTTP 重定向端口 %{1} 被非框架进程占用","HTTP 重定向端口 %{1} 被非框架进程占用"
"2. 或使用 --http-redirect-port 参数指定其他端口","2. 或使用 --http-redirect-port 参数指定其他端口"
"3. 或使用 --http-redirect-port 0 禁用 HTTP 重定向","3. 或使用 --http-redirect-port 0 禁用 HTTP 重定向"
"提示：当前为独立端口模式，%{1} 个 Worker 分别监听端口 %{2}-%{3}。","提示：当前为独立端口模式，%{1} 个 Worker 分别监听端口 %{2}-%{3}。"
"提示：当前为 SO_REUSEPORT 直连模式，多 Worker 复用同一端口 %{1}。","提示：当前为 SO_REUSEPORT 直连模式，多 Worker 复用同一端口 %{1}。"
维护模式已关闭（端口检查未通过）。,维护模式已关闭（端口检查未通过）。
"维护模式已关闭（Session Server 端口检查未通过）。","维护模式已关闭（Session Server 端口检查未通过）。"
"维护模式已关闭（HTTP 重定向端口检查未通过）。","维护模式已关闭（HTTP 重定向端口检查未通过）。"
"1. 停止占用端口 %{1} 的进程","1. 停止占用端口 %{1} 的进程"
"3. 或在 env.php 中配置 http_redirect_port","3. 或在 env.php 中配置 http_redirect_port"
"4. 或使用 --http-redirect-port 0 禁用 HTTP 重定向","4. 或使用 --http-redirect-port 0 禁用 HTTP 重定向"
维护模式已关闭。,维护模式已关闭。
"Master 进程启动中，将管理所有 Worker 和 Dispatcher...","Master 进程启动中，将管理所有 Worker 和 Dispatcher..."
实例文件不存在：%{1},实例文件不存在：%{1}
实例文件无效,实例文件无效
"master-only 启动被拒绝：特权端口 %{1} 无法绑定（%{2}）。","master-only 启动被拒绝：特权端口 %{1} 无法绑定（%{2}）。"
"请执行 sudo setcap cap_net_bind_service=+ep $(which php) 授权，或使用 sudo。","请执行 sudo setcap cap_net_bind_service=+ep $(which php) 授权，或使用 sudo。"
"服务器已在后台运行（Master PID: %{1}, 控制端口: %{2}）","服务器已在后台运行（Master PID: %{1}, 控制端口: %{2}）"
"后台启动已发起，但未能在 %{1} 秒内确认 Master 进程就绪。","后台启动已发起，但未能在 %{1} 秒内确认 Master 进程就绪。"
可能原因：,可能原因：
"1. 框架加载耗时较长（首次启动或 opcache 未预热）","1. 框架加载耗时较长（首次启动或 opcache 未预热）"
"2. 端口被占用导致启动失败","2. 端口被占用导致启动失败"
"3. 权限不足（特权端口需要 root/sudo）","3. 权限不足（特权端口需要 root/sudo）"
请执行以下命令检查状态：,请执行以下命令检查状态：
日志目录：%{1},日志目录：%{1}
(未知),(未知)
"(未找到，请 php --ini 查看)","(未找到，请 php --ini 查看)"
╔══════════════════════════════════════════════════════════════════════════════╗,╔══════════════════════════════════════════════════════════════════════════════╗
"║  在此环境下运行 HTTPS 会出现 SSL 握手阻塞（每次新连接可能卡住约 60 秒）。  ║","║  在此环境下运行 HTTPS 会出现 SSL 握手阻塞（每次新连接可能卡住约 60 秒）。  ║"
╠══════════════════════════════════════════════════════════════════════════════╣,╠══════════════════════════════════════════════════════════════════════════════╣
"║  选 3.0.x，按 PHP 版本/ts|nts/x64|x86 选 zip，php_event.dll 放入 ext 目录，  ║","║  选 3.0.x，按 PHP 版本/ts|nts/x64|x86 选 zip，php_event.dll 放入 ext 目录，  ║"
╚══════════════════════════════════════════════════════════════════════════════╝,╚══════════════════════════════════════════════════════════════════════════════╝
"Master PID: %{1}","Master PID: %{1}"
"HTTP 重定向: 端口 %{1} → HTTPS（不计入 Worker 数）","HTTP 重定向: 端口 %{1} → HTTPS（不计入 Worker 数）"
"健康检查间隔: 5 秒","健康检查间隔: 5 秒"
"按 Ctrl+C 停止服务","按 Ctrl+C 停止服务"
服务器启动失败,服务器启动失败
"1. 停止占用端口的进程","1. 停止占用端口的进程"
"正在检测 Worker 状态（最长等待 %{1} 秒）...","正在检测 Worker 状态（最长等待 %{1} 秒）..."
"当前有 %{1} 个请求正在处理...","当前有 %{1} 个请求正在处理..."
"无法连接到 Worker，直接切换...","无法连接到 Worker，直接切换..."
╔════════════════════════════════════════════════════╗,╔════════════════════════════════════════════════════╗
╚════════════════════════════════════════════════════╝,╚════════════════════════════════════════════════════╝
默认值,默认值
"已保存实例配置 (%{1})","已保存实例配置 (%{1})"
env.wls.servers.%{1},env.wls.servers.%{1}
env.wls,env.wls
命令行参数,命令行参数
"SSL 证书文件不存在：%{1}，已清理失效配置，请重新启动","SSL 证书文件不存在：%{1}，已清理失效配置，请重新启动"
"SSL 私钥文件不存在：%{1}，已清理失效配置，请重新启动","SSL 私钥文件不存在：%{1}，已清理失效配置，请重新启动"
手动配置,手动配置
"正在为 %{1} 准备 SSL 证书...","正在为 %{1} 准备 SSL 证书..."
"已为 %{1} 生成自签证书","已为 %{1} 生成自签证书"
无效的实例名称：%{1}，只允许字母开头，包含字母、数字、下划线和横线,无效的实例名称：%{1}，只允许字母开头，包含字母、数字、下划线和横线
"Dispatcher 模式（TCP 透传）","Dispatcher 模式（TCP 透传）"
"SO_REUSEPORT 同端口复用","SO_REUSEPORT 同端口复用"
后台运行（默认）,后台运行（默认）
前台运行,前台运行
已启用,已启用
未启用,未启用
智能模式,智能模式
"提示：端口 %{1} 为特权端口，Linux/Mac 下需 setcap 或 root 才能绑定。","提示：端口 %{1} 为特权端口，Linux/Mac 下需 setcap 或 root 才能绑定。"
"• 推荐 setcap（当前用户即可运行，避免 root 文件权限问题）：","• 推荐 setcap（当前用户即可运行，避免 root 文件权限问题）："
"sudo setcap cap_net_bind_service=+ep $(which php)","sudo setcap cap_net_bind_service=+ep $(which php)"
"• 或 Nginx 反代：Nginx 监听 %{1}，proxy_pass 到本机高端口（如 9981）","• 或 Nginx 反代：Nginx 监听 %{1}，proxy_pass 到本机高端口（如 9981）"
"提示：HTTP 标准端口 80 通常单进程监听；当前 Worker 数 %{1} 将占用端口 %{2}-%{3}。若只需 80，请 -c 1。","提示：HTTP 标准端口 80 通常单进程监听；当前 Worker 数 %{1} 将占用端口 %{2}-%{3}。若只需 80，请 -c 1。"
"提示：HTTPS 标准端口 443 通常单进程监听；当前 Worker 数 %{1} 将占用端口 %{2}-%{3}。若只需 443，请 -c 1。","提示：HTTPS 标准端口 443 通常单进程监听；当前 Worker 数 %{1} 将占用端口 %{2}-%{3}。若只需 443，请 -c 1。"
"检测到特权端口 %{1}，当前用户无法直接绑定。","检测到特权端口 %{1}，当前用户无法直接绑定。"
"未找到 setcap 命令，跳过 setcap 方式。","未找到 setcap 命令，跳过 setcap 方式。"
"PHP 已有 cap_net_bind_service 但绑定仍失败，可能需要重新设置。","PHP 已有 cap_net_bind_service 但绑定仍失败，可能需要重新设置。"
"推荐方案：通过 setcap 授权 PHP 绑定特权端口（以当前用户运行，避免 root 文件权限问题）","推荐方案：通过 setcap 授权 PHP 绑定特权端口（以当前用户运行，避免 root 文件权限问题）"
"PHP 路径：%{1}","PHP 路径：%{1}"
将执行：%{1},将执行：%{1}
"是否使用 setcap 授权？[Y/n]","是否使用 setcap 授权？[Y/n]"
"setcap 执行失败（退出码 %{1}），将回退到 sudo 方式。","setcap 执行失败（退出码 %{1}），将回退到 sudo 方式。"
"setcap 执行成功但 getcap 未检测到 capability，可能被 SELinux/AppArmor 拦截。","setcap 执行成功但 getcap 未检测到 capability，可能被 SELinux/AppArmor 拦截。"
"setcap 授权成功！capability 已写入 PHP 二进制，以当前用户重新启动服务...","setcap 授权成功！capability 已写入 PHP 二进制，以当前用户重新启动服务..."
请手动重新执行：%{1},请手动重新执行：%{1}
重启失败，退出码：%{1},重启失败，退出码：%{1}
"端口 %{1} 需要 root 权限，请使用 sudo 重新执行。","端口 %{1} 需要 root 权限，请使用 sudo 重新执行。"
"回退方案：以 sudo (root) 启动。注意：root 进程生成的文件属主为 root，可能导致其他用户权限问题。","回退方案：以 sudo (root) 启动。注意：root 进程生成的文件属主为 root，可能导致其他用户权限问题。"
将执行命令：%{1},将执行命令：%{1}
"是否使用 sudo 继续？[Y/n]","是否使用 sudo 继续？[Y/n]"
已取消。你可以手动执行：%{1},已取消。你可以手动执行：%{1}
"端口 %{1} 需要 root 权限；passthru/proc_open 均不可用，请使用 sudo 重新执行：","端口 %{1} 需要 root 权限；passthru/proc_open 均不可用，请使用 sudo 重新执行："
"sudo 执行失败，退出码：%{1}","sudo 执行失败，退出码：%{1}"
"%{1} 检测到 socket 权限问题：%{2}","%{1} 检测到 socket 权限问题：%{2}"
"端口 %{1} 绑定需要更高权限（可能由防火墙或系统安全设置引起）。","端口 %{1} 绑定需要更高权限（可能由防火墙或系统安全设置引起）。"
访问地址,访问地址
前端,前端
后端,后端
"REST API 前端","REST API 前端"
"REST API 后端","REST API 后端"
"HTTP 重定向","HTTP 重定向"
进程函数：%{1},进程函数：%{1}
"服务器实例 [%{1}] 已在运行中（端口 %{2}）","服务器实例 [%{1}] 已在运行中（端口 %{2}）"
如需重启该实例：,如需重启该实例：
"或使用 -r -f 强制切换（不等待请求完成）：","或使用 -r -f 强制切换（不等待请求完成）："
如需启动另一个实例（多实例并行）：,如需启动另一个实例（多实例并行）：
"检查 %{1} 端口 %{2} 可用性...","检查 %{1} 端口 %{2} 可用性..."
"%{1} 端口 %{2} 可用 ✓","%{1} 端口 %{2} 可用 ✓"
"%{1} 端口 %{2} 已被占用","%{1} 端口 %{2} 已被占用"
"使用 -r 参数强制重启（仅杀框架进程），或手动停止占用该端口的进程","使用 -r 参数强制重启（仅杀框架进程），或手动停止占用该端口的进程"
"%{1} 端口 %{2} 被非框架进程占用，不予杀死","%{1} 端口 %{2} 被非框架进程占用，不予杀死"
请手动停止占用该端口的进程，或更换端口,请手动停止占用该端口的进程，或更换端口
"%{1} 端口 %{2} 已被框架进程占用，强制释放...","%{1} 端口 %{2} 已被框架进程占用，强制释放..."
"端口 %{1} 经 %{2} 次仍占用，按 Master 前缀清理逃逸进程...","端口 %{1} 经 %{2} 次仍占用，按 Master 前缀清理逃逸进程..."
"从 var/process 发现 %{1} 个匹配 Master，正在按前缀杀死","从 var/process 发现 %{1} 个匹配 Master，正在按前缀杀死"
"已按前缀清理 %{1} 个逃逸 Master 进程","已按前缀清理 %{1} 个逃逸 Master 进程"
"无法释放 %{1} 端口 %{2}","无法释放 %{1} 端口 %{2}"
"检查 Worker 端口可用性...","检查 Worker 端口可用性..."
"端口 %{1} 已被占用","端口 %{1} 已被占用"
"端口 %{1} 被非框架进程占用，不予杀死","端口 %{1} 被非框架进程占用，不予杀死"
"端口经 %{1} 轮仍占用，按 Master 前缀清理逃逸进程...","端口经 %{1} 轮仍占用，按 Master 前缀清理逃逸进程..."
"释放 WLS 进程占用的端口 %{1} (PID: %{2})...","释放 WLS 进程占用的端口 %{1} (PID: %{2})..."
"├─ Worker #%{1} (%{2} 端口: %{3}) - 启动成功","├─ Worker #%{1} (%{2} 端口: %{3}) - 启动成功"
"├─ Worker #%{1} (端口: %{2}) - 启动失败","├─ Worker #%{1} (端口: %{2}) - 启动失败"
"启动 Dispatcher 进程...","启动 Dispatcher 进程..."
"Dispatcher 脚本不存在: %{1}","Dispatcher 脚本不存在: %{1}"
"├─ Worker #%{1} (%{2}:%{3}) - 运行中 ✓","├─ Worker #%{1} (%{2}:%{3}) - 运行中 ✓"
"├─ Worker #%{1} (:%{2}) - 未响应 ✗","├─ Worker #%{1} (:%{2}) - 未响应 ✗"
"启动结果：%{1}/%{2} 个进程运行中","启动结果：%{1}/%{2} 个进程运行中"
"字节码缓存，提升 PHP 执行速度 50%+","字节码缓存，提升 PHP 执行速度 50%+"
"原生 Socket 支持，提升网络性能","原生 Socket 支持，提升网络性能"
"进程控制核心函数，支持精确的 PID 管理","进程控制核心函数，支持精确的 PID 管理"
"真正的进程分叉，共享内存，性能最优（仅 Linux/Mac）","真正的进程分叉，共享内存，性能最优（仅 Linux/Mac）"
内存限制,内存限制
执行时间限制（0=无限制）,执行时间限制（0=无限制）
"CLI 模式开启 OPCache","CLI 模式开启 OPCache"
"JIT 编译器（PHP 8+）","JIT 编译器（PHP 8+）"
"JIT 缓冲区大小","JIT 缓冲区大小"
"（Windows 建议不超过 CPU 核心数）","（Windows 建议不超过 CPU 核心数）"
"当前 Worker 数：%{1}，推荐：%{2}","当前 Worker 数：%{1}，推荐：%{2}"
"使用 -c %{1} 参数或在 wls.worker_count 设置","使用 -c %{1} 参数或在 wls.worker_count 设置"
缺少扩展：%{1},缺少扩展：%{1}
"在 php.ini 中启用：extension=%{1}","在 php.ini 中启用：extension=%{1}"
函数被禁用：proc_open,函数被禁用：proc_open
"从 disable_functions 中移除 proc_open","从 disable_functions 中移除 proc_open"
函数被禁用：pcntl_fork,函数被禁用：pcntl_fork
"从 disable_functions 中移除 pcntl_fork","从 disable_functions 中移除 pcntl_fork"
内存限制较低：%{1},内存限制较低：%{1}
"在 php.ini 设置 memory_limit = 256M","在 php.ini 设置 memory_limit = 256M"
"OPCache CLI 模式未启用","OPCache CLI 模式未启用"
"启用后可提升 CLI 脚本执行速度","启用后可提升 CLI 脚本执行速度"
"在 php.ini 设置 opcache.enable_cli = 1","在 php.ini 设置 opcache.enable_cli = 1"
"JIT 编译器未启用","JIT 编译器未启用"
"PHP 8 JIT 可提升 CPU 密集型任务性能 2-3 倍","PHP 8 JIT 可提升 CPU 密集型任务性能 2-3 倍"
"在 php.ini 设置 opcache.jit = tracing","在 php.ini 设置 opcache.jit = tracing"
"未安装 event 扩展，使用 stream_select 回退方案","未安装 event 扩展，使用 stream_select 回退方案"
"安装后性能提升 100-200%%，QPS 从 15,000 提升至 30,000+","安装后性能提升 100-200%%，QPS 从 15,000 提升至 30,000+"
"Windows: 下载 php_event.dll 并在 php.ini 中添加 extension=event","Windows: 下载 php_event.dll 并在 php.ini 中添加 extension=event"
"Linux/Mac: pecl install event && echo ""extension=event"" >> php.ini","Linux/Mac: pecl install event && echo ""extension=event"" >> php.ini"
"可选：安装 ev 扩展可获得更高性能","可选：安装 ev 扩展可获得更高性能"
"基于 libev，比 libevent 更轻量","基于 libev，比 libevent 更轻量"
"pecl install ev","pecl install ev"
"✅ 当前配置已达最佳性能！","✅ 当前配置已达最佳性能！"
"📊 性能优化建议","📊 性能优化建议"
"🚨 关键性能问题（强烈建议解决）：","🚨 关键性能问题（强烈建议解决）："
"当前性能：%{1} → 优化后：%{2}","当前性能：%{1} → 优化后：%{2}"
"⚠️ 影响性能的配置：","⚠️ 影响性能的配置："
"💡 可选优化：","💡 可选优化："
"📁 PHP 配置文件：%{1}","📁 PHP 配置文件：%{1}"
"🔥 解决关键问题后，性能将提升 100-200%%！","🔥 解决关键问题后，性能将提升 100-200%%！"
"💪 优化后，服务器性能将有质的飞跃！","💪 优化后，服务器性能将有质的飞跃！"
"未配置（请在 env.php 中设置 area_routes.rest_backend.prefix）","未配置（请在 env.php 中设置 area_routes.rest_backend.prefix）"
使用说明,使用说明
前台/首页,前台/首页
后台入口,后台入口
"后台 REST 接口","后台 REST 接口"
"前台 REST 接口","前台 REST 接口"
"代理转发：WLS 默认仅监听 127.0.0.1。外网访问需用 Nginx/Caddy 反向代理：","代理转发：WLS 默认仅监听 127.0.0.1。外网访问需用 Nginx/Caddy 反向代理："
直连外网时：,直连外网时：
测试请求,测试请求
停止服务,停止服务
压力测试,压力测试
优化指南,优化指南
"启动 Weline 常驻内存 HTTP 服务器","启动 Weline 常驻内存 HTTP 服务器"
"启动 Weline 高性能常驻内存服务器","启动 Weline 高性能常驻内存服务器"
"使用 PHP 内置 CLI 服务器（开发模式，无 HTTPS）","使用 PHP 内置 CLI 服务器（开发模式，无 HTTPS）"
"使用跨平台优化策略模式（Linux: SO_REUSEPORT 直连; Windows: TCP 透传）","使用跨平台优化策略模式（Linux: SO_REUSEPORT 直连; Windows: TCP 透传）"
显示可用策略信息,显示可用策略信息
"监听地址（默认：127.0.0.1，仅本机；需外网访问时用 --host 0.0.0.0；-h 保留给帮助）","监听地址（默认：127.0.0.1，仅本机；需外网访问时用 --host 0.0.0.0；-h 保留给帮助）"
"基础端口（默认：80/443，HTTPS 时用 443；可 -p 9981 等自定义）","基础端口（默认：80/443，HTTPS 时用 443；可 -p 9981 等自定义）"
"Worker 进程数（默认：auto 智能模式）","Worker 进程数（默认：auto 智能模式）"
前台运行（查看实时日志）,前台运行（查看实时日志）
"运行模式：io（I/O密集）或 cpu（CPU密集）","运行模式：io（I/O密集）或 cpu（CPU密集）"
平滑重启：开维护模式（新请求返回503）、通过健康检查等待现有请求完成后切换,平滑重启：开维护模式（新请求返回503）、通过健康检查等待现有请求完成后切换
"与 -r 同用时直接切换（不开维护模式、不等待）；仅 --cli 时 -f 表示前台运行","与 -r 同用时直接切换（不开维护模式、不等待）；仅 --cli 时 -f 表示前台运行"
"平滑重启最长等待秒数，默认 30（实际会通过健康检查尽快切换）","平滑重启最长等待秒数，默认 30（实际会通过健康检查尽快切换）"
"仅 HTTP，不启用 HTTPS（Windows 下可不装 event 扩展）","仅 HTTP，不启用 HTTPS（Windows 下可不装 event 扩展）"
"SSL 证书文件路径（启用 HTTPS）","SSL 证书文件路径（启用 HTTPS）"
"SSL 私钥文件路径（启用 HTTPS）","SSL 私钥文件路径（启用 HTTPS）"
"HTTP 重定向端口（HTTPS 模式专用，默认：自动计算或 80）","HTTP 重定向端口（HTTPS 模式专用，默认：自动计算或 80）"
"HTTP 重定向端口（--http-redirect-port 的简写）","HTTP 重定向端口（--http-redirect-port 的简写）"
"直连模式：多 Worker 直接监听同一端口（Linux/Mac SO_REUSEPORT）","直连模式：多 Worker 直接监听同一端口（Linux/Mac SO_REUSEPORT）"
"独立端口模式：禁用 Dispatcher，每个 Worker 使用独立端口","独立端口模式：禁用 Dispatcher，每个 Worker 使用独立端口"
"强制 Dispatcher 模式（默认）","强制 Dispatcher 模式（默认）"
配置优先级,配置优先级
"命令行参数 > 已保存实例配置 > wls.servers.[name] > wls > 默认值","命令行参数 > 已保存实例配置 > wls.servers.[name] > wls > 默认值"
多实例支持,多实例支持
"可同时运行多个命名实例，每个实例使用不同端口。首次指定 -p 后配置会自动记住，下次直接用实例名启动","可同时运行多个命名实例，每个实例使用不同端口。首次指定 -p 后配置会自动记住，下次直接用实例名启动"
配置记忆,配置记忆
"首次 server:start api -p 8443 会保存配置，之后 server:start api 自动使用端口 8443","首次 server:start api -p 8443 会保存配置，之后 server:start api 自动使用端口 8443"
"worker_count 设为 ""auto"" 时：开发环境固定 2 个 Worker，生产环境根据 CPU 核心数自动计算","worker_count 设为 ""auto"" 时：开发环境固定 2 个 Worker，生产环境根据 CPU 核心数自动计算"
事件循环,事件循环
"自动选择最优：Event 扩展 > stream_select","自动选择最优：Event 扩展 > stream_select"
多进程,多进程
"优先级：proc_open > pcntl_fork > exec","优先级：proc_open > pcntl_fork > exec"
"HTTPS 支持","HTTPS 支持"
"自动检测 app/etc/ 下的证书，或手动指定 --ssl-cert 和 --ssl-key","自动检测 app/etc/ 下的证书，或手动指定 --ssl-cert 和 --ssl-key"
"禁用 HTTPS","禁用 HTTPS"
"wls.https = false 或 命令行 --no-ssl，二者任一即可；同时影响 http:request 等生成地址","wls.https = false 或 命令行 --no-ssl，二者任一即可；同时影响 http:request 等生成地址"
"SSL 协议","SSL 协议"
"支持 TLS 1.0/1.1/1.2/1.3，默认使用最高可用版本","支持 TLS 1.0/1.1/1.2/1.3，默认使用最高可用版本"
"Master 进程","Master 进程"
"默认启用，持续监控 Worker 状态，Worker 崩溃自动重启；HTTPS 时自动启动 HTTP 重定向进程","默认启用，持续监控 Worker 状态，Worker 崩溃自动重启；HTTPS 时自动启动 HTTP 重定向进程"
"80/443 端口","80/443 端口"
"默认监听 80/443 省去 Nginx；HTTPS 时自动用 443，可 -p 9981 等改端口；Linux/Mac 特权端口需 root/setcap","默认监听 80/443 省去 Nginx；HTTPS 时自动用 443，可 -p 9981 等改端口；Linux/Mac 特权端口需 root/setcap"
"HTTP 重定向端口","HTTP 重定向端口"
"HTTPS 模式下自动启动 HTTP 重定向进程，默认自动计算（HTTPS端口-463，如 443→80）；可通过 --http-redirect-port 指定；设为 0 禁用重定向","HTTPS 模式下自动启动 HTTP 重定向进程，默认自动计算（HTTPS端口-463，如 443→80）；可通过 --http-redirect-port 指定；设为 0 禁用重定向"
启动默认实例,启动默认实例
"使用 CLI 服务器","使用 CLI 服务器"
启动命名实例（首次需指定端口）,启动命名实例（首次需指定端口）
再次启动已配置实例（自动记忆）,再次启动已配置实例（自动记忆）
同时运行多个实例,同时运行多个实例
CPU密集模式,CPU密集模式
平滑重启,平滑重启
强制重启（不等待）,强制重启（不等待）
"启用 HTTPS","启用 HTTPS"
"Windows 无 HTTPS 运行","Windows 无 HTTPS 运行"
"指定 HTTP 重定向端口","指定 HTTP 重定向端口"
"禁用 HTTP 重定向","禁用 HTTP 重定向"
策略模式（跨平台优化）,策略模式（跨平台优化）
查看所有实例状态,查看所有实例状态
停止指定实例,停止指定实例
停止所有实例,停止所有实例
"热重载仅在前台模式 (--no-daemon) 下生效","热重载仅在前台模式 (--no-daemon) 下生效"
启动热重载监控...,启动热重载监控...
热重载已启用,热重载已启用
监控目录：%{1},监控目录：%{1}
"检查间隔：%{1} 秒","检查间隔：%{1} 秒"
"按 Ctrl+C 停止监控...","按 Ctrl+C 停止监控..."
创建文件监控子进程失败,创建文件监控子进程失败
可用服务器启动策略:,可用服务器启动策略:
标识,标识
名称,名称
支持,支持
优先级,优先级
架构,架构
"使用策略: %{1}","使用策略: %{1}"
"架构: %{1}","架构: %{1}"
"Weline Server 状态","Weline Server 状态"
没有运行中的服务器实例,没有运行中的服务器实例
╔══════════════════════════════════════════════════════════════╗,╔══════════════════════════════════════════════════════════════╗
╚══════════════════════════════════════════════════════════════╝,╚══════════════════════════════════════════════════════════════╝
"● 运行中","● 运行中"
"◐ 部分运行","◐ 部分运行"
"○ 已停止","○ 已停止"
workers,workers
地址：,地址：
端口范围：,端口范围：
启动时间：,启动时间：
服务：,服务：
"使用 server:status <name> 查看详细状态","使用 server:status <name> 查看详细状态"
"使用 server:stop <name> 停止实例","使用 server:stop <name> 停止实例"
"实例 [%{1}] 不存在","实例 [%{1}] 不存在"
"实例 [%{1}] 状态","实例 [%{1}] 状态"
实例名称：,实例名称：
监听地址：,监听地址：
"Worker 数：","Worker 数："
unknown,unknown
"Master 状态：","Master 状态："
进程架构：,进程架构：
内存：,内存：
"状态：全部运行中 (%{1}/%{2})","状态：全部运行中 (%{1}/%{2})"
"状态：部分运行 (%{1}/%{2})","状态：部分运行 (%{1}/%{2})"
"状态：全部停止 (%{1}/%{2})","状态：全部停止 (%{1}/%{2})"
"测试请求：curl %{1}/","测试请求：curl %{1}/"
端口：,端口：
"查看 Weline Server 运行状态","查看 Weline Server 运行状态"
"查看服务器实例状态，树形展示所有 Worker 进程","查看服务器实例状态，树形展示所有 Worker 进程"
实例名称（默认显示所有实例）,实例名称（默认显示所有实例）
查看所有实例,查看所有实例
查看指定实例,查看指定实例
"检测到端口 %{1} 被 WLS 进程占用 (PID: %{2})，正在结束…","检测到端口 %{1} 被 WLS 进程占用 (PID: %{2})，正在结束…"
"使用 server:listing 查看所有实例","使用 server:listing 查看所有实例"
"停止 Weline Server","停止 Weline Server"
"Master 进程不存在 (PID: %{1})","Master 进程不存在 (PID: %{1})"
"实例文件已清理 ✓","实例文件已清理 ✓"
"发送 STOP 命令给 Master (通过 IPC)...","发送 STOP 命令给 Master (通过 IPC)..."
"所有子进程已完整退出 ✓","所有子进程已完整退出 ✓"
"IPC 超时，强制终止 Master 并清理该实例下所有进程...","IPC 超时，强制终止 Master 并清理该实例下所有进程..."
"实例 [%{1}] 已停止 ✓","实例 [%{1}] 已停止 ✓"
清理残留进程...,清理残留进程...
"清理了 %{1} 个进程 ✓","清理了 %{1} 个进程 ✓"
无残留进程,无残留进程
"已向 %{1} 个进程发送终止信号","已向 %{1} 个进程发送终止信号"
"启动锁已释放 ✓","启动锁已释放 ✓"
"清理了 %{1} 个残留 WLS 进程","清理了 %{1} 个残留 WLS 进程"
没有正在运行的实例,没有正在运行的实例
停止所有服务器实例,停止所有服务器实例
"发现 %{1} 个 Weline Server 实例","发现 %{1} 个 Weline Server 实例"
"正在停止实例 [%{1}]...","正在停止实例 [%{1}]..."
"所有 Weline Server 实例已停止","所有 Weline Server 实例已停止"
"正在停止 PHP 内置服务器 (cli-server)...","正在停止 PHP 内置服务器 (cli-server)..."
"PHP 内置服务器已停止","PHP 内置服务器已停止"
"停止 Weline Server 或 PHP 内置服务器实例","停止 Weline Server 或 PHP 内置服务器实例"
"停止正在运行的 Weline Server 或 PHP 内置服务器实例","停止正在运行的 Weline Server 或 PHP 内置服务器实例"
"实例名称（默认：default；cli/cli-server 表示 PHP 内置服务器）","实例名称（默认：default；cli/cli-server 表示 PHP 内置服务器）"
"停止所有运行中的实例（含 Weline Server 与 CLI 服务器）","停止所有运行中的实例（含 Weline Server 与 CLI 服务器）"
强制停止（缩短超时时间）,强制停止（缩短超时时间）
停止默认实例,停止默认实例
"停止 PHP 内置服务器","停止 PHP 内置服务器"
强制停止,强制停止
"请指定域名：--domain example.com","请指定域名：--domain example.com"
"正在为 %{1} 申请 SSL 证书...","正在为 %{1} 申请 SSL 证书..."
联系邮箱：%{1},联系邮箱：%{1}
Webroot：%{1},Webroot：%{1}
检测到本地域名，将生成自签证书,检测到本地域名，将生成自签证书
"✓ 自签证书生成成功！","✓ 自签证书生成成功！"
证书路径：%{1},证书路径：%{1}
私钥路径：%{1},私钥路径：%{1}
到期时间：%{1},到期时间：%{1}
"启用 HTTPS：","启用 HTTPS："
"✗ 证书生成失败：%{1}","✗ 证书生成失败：%{1}"
"请先安装 event 扩展后再执行申请证书。","请先安装 event 扩展后再执行申请证书。"
证书提供商：%{1},证书提供商：%{1}
"Webroot 目录不存在：%{1}","Webroot 目录不存在：%{1}"
"✓ 证书申请成功！","✓ 证书申请成功！"
"✗ 证书申请失败：%{1}","✗ 证书申请失败：%{1}"
"续签将继续执行，但启用 HTTPS 前请先安装 event 扩展。","续签将继续执行，但启用 HTTPS 前请先安装 event 扩展。"
未找到域名证书：%{1},未找到域名证书：%{1}
"正在续签 %{1} 的证书...","正在续签 %{1} 的证书..."
"✓ 证书续签成功","✓ 证书续签成功"
"✗ 证书续签失败：%{1}","✗ 证书续签失败：%{1}"
"检查需要续签的证书（%{1} 天内过期）...","检查需要续签的证书（%{1} 天内过期）..."
没有需要续签的证书,没有需要续签的证书
"✓ %{1} - 续签成功","✓ %{1} - 续签成功"
"✗ %{1} - 续签失败：%{2}","✗ %{1} - 续签失败：%{2}"
"续签完成：成功 %{1} 个，失败 %{2} 个","续签完成：成功 %{1} 个，失败 %{2} 个"
暂无证书记录,暂无证书记录
"SSL 证书列表","SSL 证书列表"
域名,域名
状态,状态
HTTPS,HTTPS
到期时间,到期时间
自动续签,自动续签
有效,有效
已过期,已过期
待申请,待申请
错误,错误
"Weline Server SSL 证书管理","Weline Server SSL 证书管理"
证书总数：%{1},证书总数：%{1}
有效证书：%{1},有效证书：%{1}
"HTTPS 启用：%{1}","HTTPS 启用：%{1}"
即将过期（30天内）：%{1},即将过期（30天内）：%{1}
可用命令：,可用命令：
"- 查看证书列表","- 查看证书列表"
"- 申请新证书（localhost 自动生成自签证书）","- 申请新证书（localhost 自动生成自签证书）"
"- 续签到期证书","- 续签到期证书"
"- 同步网站域名","- 同步网站域名"
"- 启用 HTTPS","- 启用 HTTPS"
"- 禁用 HTTPS","- 禁用 HTTPS"
"从 Weline_Websites 同步域名...","从 Weline_Websites 同步域名..."
未找到任何网站域名,未找到任何网站域名
"找到 %{1} 个域名","找到 %{1} 个域名"
"✓ %{1} - 已有有效证书","✓ %{1} - 已有有效证书"
"→ %{1} - 申请证书...","→ %{1} - 申请证书..."
"✓ 成功","✓ 成功"
"✗ 失败：%{1}","✗ 失败：%{1}"
启用,启用
禁用,禁用
"正在 %{1} %{2} 的 HTTPS...","正在 %{1} %{2} 的 HTTPS..."
重要：请重启服务器使配置生效,重要：请重启服务器使配置生效
"✗ %{1}","✗ %{1}"
操作：status/list/request/renew/sync/enable/disable,操作：status/list/request/renew/sync/enable/disable
指定域名,指定域名
"Webroot 路径（默认：pub/）","Webroot 路径（默认：pub/）"
证书提供商（letsencrypt/litessl）,证书提供商（letsencrypt/litessl）
提前续签天数（默认：30）,提前续签天数（默认：30）
显示证书状态概览（默认）,显示证书状态概览（默认）
列出所有证书,列出所有证书
申请新证书,申请新证书
续签到期证书,续签到期证书
同步网站域名并申请证书,同步网站域名并申请证书
"启用指定域名的 HTTPS","启用指定域名的 HTTPS"
"禁用指定域名的 HTTPS","禁用指定域名的 HTTPS"
列出证书,列出证书
申请证书,申请证书
续签证书,续签证书
同步并申请,同步并申请
访问被拒绝：仅允许本地请求,访问被拒绝：仅允许本地请求
"仅支持 AJAX 请求","仅支持 AJAX 请求"
"Weline Server 管理","Weline Server 管理"
"Session 管理","Session 管理"
内存服务管理,内存服务管理
启动命令已提交,启动命令已提交
停止命令已发送,停止命令已发送
重启命令已发送,重启命令已发送
热重载命令已发送,热重载命令已发送
维护模式已启用,维护模式已启用
维护模式已禁用,维护模式已禁用
"Session 列表加载完成","Session 列表加载完成"
"缺少 Session ID 参数","缺少 Session ID 参数"
"Session 详情加载完成","Session 详情加载完成"
"缺少 Session ID","缺少 Session ID"
"Session 已销毁","Session 已销毁"
"Session 销毁失败，请确认服务可用后重试","Session 销毁失败，请确认服务可用后重试"
"Session 数据已持久化","Session 数据已持久化"
"Session 持久化失败，请检查 Session 服务状态","Session 持久化失败，请检查 Session 服务状态"
"Session 垃圾回收已执行","Session 垃圾回收已执行"
"Session 垃圾回收执行失败","Session 垃圾回收执行失败"
内存命名空间加载完成,内存命名空间加载完成
缺少命名空间参数,缺少命名空间参数
命名空间详情加载完成,命名空间详情加载完成
内存命名空间已清空,内存命名空间已清空
"命名空间清理失败，请检查 Memory Service 状态","命名空间清理失败，请检查 Memory Service 状态"
缺少命名空间或键名参数,缺少命名空间或键名参数
缓存键已删除,缓存键已删除
缓存键删除失败,缓存键删除失败
内存服务数据已持久化,内存服务数据已持久化
内存服务持久化失败,内存服务持久化失败
内存服务垃圾回收已执行,内存服务垃圾回收已执行
"内存服务垃圾回收执行失败，请检查 Memory Service 连接状态","内存服务垃圾回收执行失败，请检查 Memory Service 连接状态"
请先登录后台,请先登录后台
仅开发模式可用，当前部署模式：%{1},仅开发模式可用，当前部署模式：%{1}
"请在 env.php 中配置 wls.health_cookie_secret（与 worker 校验一致）","请在 env.php 中配置 wls.health_cookie_secret（与 worker 校验一致）"
"已设置健康检查放行 Cookie，本浏览器可访问 /_wls/health?detail=1，约 2 小时内有效","已设置健康检查放行 Cookie，本浏览器可访问 /_wls/health?detail=1，约 2 小时内有效"
服务器监控,服务器监控
"请先输入压测目标 URL，例如 http://127.0.0.1:9981/_wls/health。","请先输入压测目标 URL，例如 http://127.0.0.1:9981/_wls/health。"
压测完成,压测完成
压测失败,压测失败
"请传入有效的压测记录 ID。","请传入有效的压测记录 ID。"
未找到对应的压测记录。,未找到对应的压测记录。
攻击日志,攻击日志
"WLS API 文档","WLS API 文档"
健康检查,健康检查
基础健康检查,基础健康检查
"返回 Worker 基础健康状态","返回 Worker 基础健康状态"
详细健康检查,详细健康检查
"返回 Worker 详细状态信息，包括内存、请求数、连接数等","返回 Worker 详细状态信息，包括内存、请求数、连接数等"
进程管理,进程管理
优雅停止,优雅停止
"优雅停止当前 Worker 进程（仅本地访问）","优雅停止当前 Worker 进程（仅本地访问）"
热重载,热重载
触发代码热重载（仅本地访问）,触发代码热重载（仅本地访问）
状态查询,状态查询
"Dispatcher 状态","Dispatcher 状态"
"获取 Dispatcher 分流器状态（仅 Windows 模式）","获取 Dispatcher 分流器状态（仅 Windows 模式）"
"Workers 列表","Workers 列表"
"获取所有 Worker 进程列表","获取所有 Worker 进程列表"
调试工具,调试工具
请求回显,请求回显
回显请求信息，用于调试,回显请求信息，用于调试
内存缓存状态,内存缓存状态
"获取 WLS 内存缓存状态","获取 WLS 内存缓存状态"
日志清理完成,日志清理完成
安全规则,安全规则
"规则 JSON 格式不正确","规则 JSON 格式不正确"
规则数据不能为空,规则数据不能为空
安全规则已保存,安全规则已保存
保存失败：%{1},保存失败：%{1}
"SSL 证书管理","SSL 证书管理"
请指定域名,请指定域名
"无效的证书 ID","无效的证书 ID"
不支持的策略字段,不支持的策略字段
证书不存在,证书不存在
策略已更新,策略已更新
请指定联系邮箱,请指定联系邮箱
未找到证书记录,未找到证书记录
"本地域名证书（localhost/127.0.0.1）不允许删除，用于后台 HTTPS 访问","本地域名证书（localhost/127.0.0.1）不允许删除，用于后台 HTTPS 访问"
后台手动删除,后台手动删除
证书已删除,证书已删除
"同步完成，新增 %{1} 个域名","同步完成，新增 %{1} 个域名"
请选择要签发证书的域名,请选择要签发证书的域名
证书签发成功,证书签发成功
证书签发失败,证书签发失败
"签发完成：成功 %{1} 个，失败 %{2} 个","签发完成：成功 %{1} 个，失败 %{2} 个"
请选择要删除的证书,请选择要删除的证书
后台批量删除,后台批量删除
"已删除 %{1} 个证书","已删除 %{1} 个证书"
"跳过 %{1} 个本地域名（%{2}）","跳过 %{1} 个本地域名（%{2}）"
请选择要续签的证书,请选择要续签的证书
%{1}：证书记录不存在,%{1}：证书记录不存在
%{1}：%{2},%{1}：%{2}
续签失败,续签失败
攻击信号监控,攻击信号监控
"监控攻击信号文件，触发 CDN 攻击防护/恢复","监控攻击信号文件，触发 CDN 攻击防护/恢复"
无攻击信号需要处理,无攻击信号需要处理
"攻击信号监控异常: %{1}","攻击信号监控异常: %{1}"
无活跃攻击信号,无活跃攻击信号
"已通知 CDN 开启攻击防护模式，攻击次数: %{1}","已通知 CDN 开启攻击防护模式，攻击次数: %{1}"
"已通知 CDN 关闭攻击防护模式，持续时间: %{1} 分钟","已通知 CDN 关闭攻击防护模式，持续时间: %{1} 分钟"
"SSL 证书自动续签","SSL 证书自动续签"
"每天检查即将到期的证书：%{1} 天内发送通知，%{2} 天内自动续签","每天检查即将到期的证书：%{1} 天内发送通知，%{2} 天内自动续签"
"证书将在 %{1} 天后过期","证书将在 %{1} 天后过期"
续签成功,续签成功
续签异常,续签异常
"证书自动续签完成：检查 %{1} 个，提醒 %{2} 个，成功 %{3} 个，失败 %{4} 个，跳过 %{5} 个","证书自动续签完成：检查 %{1} 个，提醒 %{2} 个，成功 %{3} 个，失败 %{4} 个，跳过 %{5} 个"
证书自动续签任务失败：%{1},证书自动续签任务失败：%{1}
"SSL 证书即将过期","SSL 证书即将过期"
"域名 %{1} 的 SSL 证书将在 %{2} 天后过期（%{3}），请关注续签或手动续签。","域名 %{1} 的 SSL 证书将在 %{2} 天后过期（%{3}），请关注续签或手动续签。"
"需要安装 event 扩展","需要安装 event 扩展"
读事件处理错误：%{1},读事件处理错误：%{1}
写事件处理错误：%{1},写事件处理错误：%{1}
信号处理错误：%{1},信号处理错误：%{1}
定时器执行错误：%{1},定时器执行错误：%{1}
"安装 %{1} 可提升性能至 %{2}","安装 %{1} 可提升性能至 %{2}"
"性能提升 100-200%%，支持更多并发连接","性能提升 100-200%%，支持更多并发连接"
证书签发完成,证书签发完成
"当 SSL 证书成功签发后触发，允许其他模块监听并处理证书签发后的逻辑，如同步 HTTPS 状态。","当 SSL 证书成功签发后触发，允许其他模块监听并处理证书签发后的逻辑，如同步 HTTPS 状态。"
证书禁用,证书禁用
"当 HTTPS 被禁用或证书失效时触发，允许其他模块监听并回退 HTTPS 状态。","当 HTTPS 被禁用或证书失效时触发，允许其他模块监听并回退 HTTPS 状态。"
"当 SSL 证书被删除时触发，允许其他模块清除关联的 HTTPS 状态、可建站状态等。","当 SSL 证书被删除时触发，允许其他模块清除关联的 HTTPS 状态、可建站状态等。"
证书更新,证书更新
"当 SSL 证书续签或更新时触发，允许其他模块监听并处理证书更新后的逻辑。","当 SSL 证书续签或更新时触发，允许其他模块监听并处理证书更新后的逻辑。"
"WLS Master 复活失败","WLS Master 复活失败"
"当 Master 进程异常退出后，子进程尝试复活三次均失败时触发；Worker 继续服务，需人工执行 server:start 或 server:restart。","当 Master 进程异常退出后，子进程尝试复活三次均失败时触发；Worker 继续服务，需人工执行 server:start 或 server:restart。"
请求域名列表,请求域名列表
"当 Server 模块需要获取可选域名列表时触发，允许其他模块（如 Websites）提供域名数据。","当 Server 模块需要获取可选域名列表时触发，允许其他模块（如 Websites）提供域名数据。"
安全规则更新,安全规则更新
"当 WLS 安全规则保存后触发，允许 CDN 模块同步边缘防护规则。","当 WLS 安全规则保存后触发，允许 CDN 模块同步边缘防护规则。"
维护模式状态查询,维护模式状态查询
"由 Framework 触发，用于查询 WLS 运行时维护模式状态。","由 Framework 触发，用于查询 WLS 运行时维护模式状态。"
维护模式状态设置,维护模式状态设置
"由 Framework 触发，用于在 WLS 运行时设置维护模式状态。","由 Framework 触发，用于在 WLS 运行时设置维护模式状态。"
"WLS 内存缓存","WLS 内存缓存"
"Weline Server 本地内存全页缓存，Dispatcher 进程级高性能缓存","Weline Server 本地内存全页缓存，Dispatcher 进程级高性能缓存"
"WLS 内存缓存已全部清理","WLS 内存缓存已全部清理"
"清理失败: %{1}","清理失败: %{1}"
"已清理 %{1} 个 URL","已清理 %{1} 个 URL"
"已清理 %{1} 个 Host 的缓存","已清理 %{1} 个 Host 的缓存"
"已清理 %{1} 个 Tag 的缓存","已清理 %{1} 个 Tag 的缓存"
"已清理 %{1} 个缓存键","已清理 %{1} 个缓存键"
"获取规则失败: %{1}","获取规则失败: %{1}"
"无法写入规则文件: %{1}","无法写入规则文件: %{1}"
"规则已更新，共 %{1} 条，已通知 Dispatcher 重载","规则已更新，共 %{1} 条，已通知 Dispatcher 重载"
"更新规则失败: %{1}","更新规则失败: %{1}"
"WLS 内存缓存使用单一虚拟 Zone，所有域名共享","WLS 内存缓存使用单一虚拟 Zone，所有域名共享"
"WLS 内存缓存适配器不支持攻击防护模式","WLS 内存缓存适配器不支持攻击防护模式"
"Server 查询器不支持的操作：%{1}","Server 查询器不支持的操作：%{1}"
"Server 查询","Server 查询"
"提供 SSL 证书申请等能力","提供 SSL 证书申请等能力"
"申请 SSL 证书","申请 SSL 证书"
"Webroot 路径","Webroot 路径"
联系邮箱,联系邮箱
"关联网站 ID","关联网站 ID"
"证书提供商 letsencrypt/litessl","证书提供商 letsencrypt/litessl"
"证书类型 exact|wildcard","证书类型 exact|wildcard"
"策略 single|wildcard_prefer|both","策略 single|wildcard_prefer|both"
"验证策略 auto|http01|dns01，非80端口时 auto 自动用 dns01","验证策略 auto|http01|dns01，非80端口时 auto 自动用 dns01"
"域名池 ID，DNS-01 时用于解析 DNS 账户","域名池 ID，DNS-01 时用于解析 DNS 账户"
"根域名 ID，DNS-01 时用于解析 DNS 账户","根域名 ID，DNS-01 时用于解析 DNS 账户"
"手动导入 SSL 证书（支持 PEM/PFX）","手动导入 SSL 证书（支持 PEM/PFX）"
"证书提供商标记，默认 manual","证书提供商标记，默认 manual"
"fullchain PEM 文本","fullchain PEM 文本"
"private key PEM 文本","private key PEM 文本"
"chain PEM 文本","chain PEM 文本"
"pfx/p12 文件 base64 内容","pfx/p12 文件 base64 内容"
"pfx/p12 文件密码","pfx/p12 文件密码"
"校验域名 URL 可达性及是否命中期望 IP","校验域名 URL 可达性及是否命中期望 IP"
"访问 URL，默认 https://domain/","访问 URL，默认 https://domain/"
"期望 IPv4","期望 IPv4"
"期望 IPv6","期望 IPv6"
获取服务器状态,获取服务器状态
启动实例,启动实例
停止实例,停止实例
重启实例,重启实例
热重载实例,热重载实例
启用维护模式,启用维护模式
禁用维护模式,禁用维护模式
获取优化指南数据,获取优化指南数据
"获取 SSL 证书列表","获取 SSL 证书列表"
"获取 SSL 证书详情","获取 SSL 证书详情"
"查询各 Worker Fiber 池统计（挂起数、配置）","查询各 Worker Fiber 池统计（挂起数、配置）"
"实例名，默认 default","实例名，默认 default"
"下发 Fiber 池配置：闲置超时与最大活跃数","下发 Fiber 池配置：闲置超时与最大活跃数"
实例名,实例名
挂起超过此秒数释放，0=不自动释放,挂起超过此秒数释放，0=不自动释放
"最大挂起 Fiber 数，0=不限制","最大挂起 Fiber 数，0=不限制"
"通知各 Worker 立即释放闲置 Fiber","通知各 Worker 立即释放闲置 Fiber"
域名不能为空,域名不能为空
"PFX 文件内容无效（Base64 解码失败）","PFX 文件内容无效（Base64 解码失败）"
"PFX/P12 解析失败，请确认文件与密码正确","PFX/P12 解析失败，请确认文件与密码正确"
"证书内容不完整，请提供 fullchain 与 private key","证书内容不完整，请提供 fullchain 与 private key"
创建检测地址失败,创建检测地址失败
"校验通过：域名已解析到期望 IP 且 URL 可达","校验通过：域名已解析到期望 IP 且 URL 可达"
"校验失败：请确认域名解析已指向本机且 URL 可访问","校验失败：请确认域名解析已指向本机且 URL 可访问"
创建检测目录失败,创建检测目录失败
创建检测文件失败,创建检测文件失败
本地域名证书不允许删除,本地域名证书不允许删除
"Session 销毁失败，请稍后重试","Session 销毁失败，请稍后重试"
"Session 持久化失败","Session 持久化失败"
命名空间清理失败,命名空间清理失败
内存服务垃圾回收执行失败,内存服务垃圾回收执行失败
"WLS 实例 [%s] Master 复活失败，已尝试 %d 次，请人工检查并执行 server:start 或 server:restart。","WLS 实例 [%s] Master 复活失败，已尝试 %d 次，请人工检查并执行 server:start 或 server:restart。"
频率限制,频率限制
路径扫描,路径扫描
恶意特征,恶意特征
恶意UA,恶意UA
敏感路径,敏感路径
已封禁,已封禁
DDoS攻击,DDoS攻击
低,低
中,中
高,高
严重,严重
"域名 %{1} 已被其他证书记录使用（cert_id=%{2}），不能重复保存。请通过证书管理合并或删除重复记录。","域名 %{1} 已被其他证书记录使用（cert_id=%{2}），不能重复保存。请通过证书管理合并或删除重复记录。"
仅清缓存,仅清缓存
代码重载,代码重载
"WLS 重载：已通过 IPC 控制通道通知 Master（%{1}，%{2} 个实例）","WLS 重载：已通过 IPC 控制通道通知 Master（%{1}，%{2} 个实例）"
"WLS 重载：已通知 Master（%{1} 个实例），由 Master 通知 Worker 重载","WLS 重载：已通知 Master（%{1} 个实例），由 Master 通知 Worker 重载"
"WLS 重载：未检测到运行中的 WLS，已跳过","WLS 重载：未检测到运行中的 WLS，已跳过"
信号,信号
"WLS 重载：已通知 %{1}/%{2} 个 Worker（%{3}，%{4}）","WLS 重载：已通知 %{1}/%{2} 个 Worker（%{3}，%{4}）"
"WLS 重载：所有通知方式均失败，请检查 WLS 是否运行中","WLS 重载：所有通知方式均失败，请检查 WLS 是否运行中"
"SSL 证书服务","SSL 证书服务"
"高性能异步常驻内存服务器，支持 HTTP/WebSocket/TCP/UDP 协议，支持多实例管理、服务器监控、攻击日志、证书管理 Hook 集成","高性能异步常驻内存服务器，支持 HTTP/WebSocket/TCP/UDP 协议，支持多实例管理、服务器监控、攻击日志、证书管理 Hook 集成"
"当前 PHP 环境未启用 curl 扩展，无法执行压测。","当前 PHP 环境未启用 curl 扩展，无法执行压测。"
"Windows 上需要 proc_open 或 exec 函数来启动多进程，请检查 disable_functions 配置","Windows 上需要 proc_open 或 exec 函数来启动多进程，请检查 disable_functions 配置"
"缺少 sockets 扩展","缺少 sockets 扩展"
未知原因,未知原因
秒,秒
分,分
小时,小时
天,天
状态获取成功,状态获取成功
"实例 %{1} 的 Master 未运行，无法通过 IPC 控制。","实例 %{1} 的 Master 未运行，无法通过 IPC 控制。"
"实例 %{1} 的控制端口无效。","实例 %{1} 的控制端口无效。"
连接控制端口失败：%{1},连接控制端口失败：%{1}
"发送控制命令失败，请检查 Orchestrator IPC 连接状态。","发送控制命令失败，请检查 Orchestrator IPC 连接状态。"
读取控制命令响应失败。,读取控制命令响应失败。
等待控制命令响应超时（%{1}s）。,等待控制命令响应超时（%{1}s）。
"启动命令已提交，但未返回有效 PID，请稍后刷新状态确认。","启动命令已提交，但未返回有效 PID，请稍后刷新状态确认。"
"启动命令已提交，Master PID: %{1}","启动命令已提交，Master PID: %{1}"
请求处理错误：%{1},请求处理错误：%{1}
"Master 初始化开始 (Orchestrator 模式)","Master 初始化开始 (Orchestrator 模式)"
"实例名称: %{1}","实例名称: %{1}"
"运行模式: %{1}","运行模式: %{1}"
"前台模式: %{1}","前台模式: %{1}"
"Master 初始化完成","Master 初始化完成"
"启动 Master 进程...","启动 Master 进程..."
"控制端口: %{1}","控制端口: %{1}"
正在启动子进程...,正在启动子进程...
子进程启动完成,子进程启动完成
"Master 进入主循环，监控子进程...","Master 进入主循环，监控子进程..."
"Master 主循环结束","Master 主循环结束"
"Master PID %{1} 已注册到索引","Master PID %{1} 已注册到索引"
"Master PID 索引已移除","Master PID 索引已移除"
"收到 SIGTERM 信号，开始优雅停止...","收到 SIGTERM 信号，开始优雅停止..."
"收到 SIGINT 信号，开始优雅停止...","收到 SIGINT 信号，开始优雅停止..."
"收到 SIGHUP 信号，开始重载...","收到 SIGHUP 信号，开始重载..."
"状态报告: %{1}","状态报告: %{1}"
"已注册 pcntl 信号: SIGTERM, SIGINT, SIGHUP, SIGUSR1","已注册 pcntl 信号: SIGTERM, SIGINT, SIGHUP, SIGUSR1"
"Windows 模式：收到 Ctrl+C 信号，执行清理...","Windows 模式：收到 Ctrl+C 信号，执行清理..."
"Windows 模式：已注册 Ctrl+C 处理函数（sapi_windows_set_ctrl_handler）","Windows 模式：已注册 Ctrl+C 处理函数（sapi_windows_set_ctrl_handler）"
检测到异常退出，执行清理...,检测到异常退出，执行清理...
"已注册 shutdown 清理函数（Ctrl+C 可能不会触发优雅停止）","已注册 shutdown 清理函数（Ctrl+C 可能不会触发优雅停止）"
启动锁已释放（回调）,启动锁已释放（回调）
启动锁已释放,启动锁已释放
未找到,未找到
"Event 扩展","Event 扩展"
"基于 libevent 的高性能事件循环","基于 libevent 的高性能事件循环"
"pcntl_fork 函数","pcntl_fork 函数"
"使用 exec 备用方案","使用 exec 备用方案"
原生进程分叉，更低开销,原生进程分叉，更低开销
"OPCache 扩展","OPCache 扩展"
"字节码缓存，提升 PHP 执行速度","字节码缓存，提升 PHP 执行速度"
每次请求重新编译,每次请求重新编译
使用缓存的字节码,使用缓存的字节码
"JIT 编译器","JIT 编译器"
"PHP 8 即时编译器，显著提升 CPU 密集型任务性能","PHP 8 即时编译器，显著提升 CPU 密集型任务性能"
解释执行,解释执行
"编译执行，接近 C 语言性能","编译执行，接近 C 语言性能"
"Sockets 扩展","Sockets 扩展"
"底层 Socket 操作，更精细的控制","底层 Socket 操作，更精细的控制"
"使用 stream_socket","使用 stream_socket"
"使用原生 socket","使用原生 socket"
"proc_open 函数","proc_open 函数"
"使用 exec 备用","使用 exec 备用"
精确控制子进程,精确控制子进程
"HTTPS/SSL 配置","HTTPS/SSL 配置"
安全加密,安全加密
"为服务器启用 HTTPS 加密传输，保护数据安全","为服务器启用 HTTPS 加密传输，保护数据安全"
"HTTP 明文传输","HTTP 明文传输"
"HTTPS 加密传输","HTTPS 加密传输"
跨平台,跨平台
"需要 PHP 编译时启用 OpenSSL 支持","需要 PHP 编译时启用 OpenSSL 支持"
"一、获取 SSL 证书","一、获取 SSL 证书"
"您可以通过以下方式获取 SSL 证书","您可以通过以下方式获取 SSL 证书"
"1. 免费证书（推荐）","1. 免费证书（推荐）"
"使用 certbot 自动获取和续期","使用 certbot 自动获取和续期"
"2. 自签名证书（开发环境）","2. 自签名证书（开发环境）"
仅用于开发测试，浏览器会显示安全警告,仅用于开发测试，浏览器会显示安全警告
"3. 商业证书","3. 商业证书"
适合企业生产环境,适合企业生产环境
二、证书文件准备,二、证书文件准备
确保证书文件格式正确,确保证书文件格式正确
"证书文件 (cert.pem)","证书文件 (cert.pem)"
包含服务器证书，可选包含中间证书链,包含服务器证书，可选包含中间证书链
"私钥文件 (key.pem)","私钥文件 (key.pem)"
服务器私钥，必须无密码保护,服务器私钥，必须无密码保护
"请妥善保管，设置严格权限 (chmod 600)","请妥善保管，设置严格权限 (chmod 600)"
"三、启动 HTTPS 服务器","三、启动 HTTPS 服务器"
"服务器支持多域名证书，自动检测 app/etc/ssl/ 目录","服务器支持多域名证书，自动检测 app/etc/ssl/ 目录"
多域名证书目录结构（推荐）,多域名证书目录结构（推荐）
每个域名一个目录，自动匹配证书,每个域名一个目录，自动匹配证书
支持的证书文件名格式（按优先级）,支持的证书文件名格式（按优先级）
将证书文件放入对应域名目录，服务器启动时自动检测,将证书文件放入对应域名目录，服务器启动时自动检测
自动申请证书,自动申请证书
查看证书状态,查看证书状态
同步网站域名,同步网站域名
自动检测方式（推荐）,自动检测方式（推荐）
"将证书放入 app/etc/ 目录后直接启动","将证书放入 app/etc/ 目录后直接启动"
"服务器自动检测并启用 HTTPS","服务器自动检测并启用 HTTPS"
手动指定方式,手动指定方式
"配置文件方式 (env.php)","配置文件方式 (env.php)"
"在 env.php 中配置 SSL 证书","在 env.php 中配置 SSL 证书"
"支持的 SSL/TLS 协议","支持的 SSL/TLS 协议"
"服务器支持所有 TLS 协议，默认使用最高可用版本","服务器支持所有 TLS 协议，默认使用最高可用版本"
"推荐，最安全（PHP 7.4+）","推荐，最安全（PHP 7.4+）"
广泛支持，安全,广泛支持，安全
兼容旧系统,兼容旧系统
"四、验证 HTTPS","四、验证 HTTPS"
"确认 HTTPS 服务器正常运行","确认 HTTPS 服务器正常运行"
浏览器访问,浏览器访问
命令行测试,命令行测试
"-k 参数用于忽略自签名证书警告","-k 参数用于忽略自签名证书警告"
五、生产环境建议,五、生产环境建议
"使用 443 端口（标准 HTTPS 端口）","使用 443 端口（标准 HTTPS 端口）"
"配置 HTTP 到 HTTPS 重定向","配置 HTTP 到 HTTPS 重定向"
"启用 HSTS（HTTP Strict Transport Security）","启用 HSTS（HTTP Strict Transport Security）"
"使用 TLS 1.2 或更高版本","使用 TLS 1.2 或更高版本"
"1. 下载扩展","1. 下载扩展"
"访问 PECL 下载对应版本","访问 PECL 下载对应版本"
"选择版本：PHP %{1}, %{2}, %{3}","选择版本：PHP %{1}, %{2}, %{3}"
"2. 复制 DLL 文件","2. 复制 DLL 文件"
"将 php_event.dll 复制到扩展目录","将 php_event.dll 复制到扩展目录"
"3. 编辑 php.ini","3. 编辑 php.ini"
"在 php.ini 中添加扩展","在 php.ini 中添加扩展"
"4. 重启服务器","4. 重启服务器"
"重启 Weline Server","重启 Weline Server"
"1. 安装依赖","1. 安装依赖"
"安装 libevent 开发库","安装 libevent 开发库"
"2. 安装扩展","2. 安装扩展"
"使用 PECL 安装","使用 PECL 安装"
"3. 启用扩展","3. 启用扩展"
"在 php.ini 中添加","在 php.ini 中添加"
"pcntl 扩展不支持 Windows 平台，系统将自动使用备用方案","pcntl 扩展不支持 Windows 平台，系统将自动使用备用方案"
"1. 编辑 php.ini","1. 编辑 php.ini"
"找到 disable_functions 行，删除 pcntl_fork","找到 disable_functions 行，删除 pcntl_fork"
"2. 重启 PHP-FPM（如有）","2. 重启 PHP-FPM（如有）"
已安装,已安装
"pcntl_fork 已可用","pcntl_fork 已可用"
"1. 启用 OPCache","1. 启用 OPCache"
"在 php.ini 中取消注释","在 php.ini 中取消注释"
"1. 安装 OPCache","1. 安装 OPCache"
"%{1}. 启用 CLI 模式","%{1}. 启用 CLI 模式"
"%{1}. 推荐配置","%{1}. 推荐配置"
"优化 OPCache 配置","优化 OPCache 配置"
"JIT 需要 PHP 8.0+，当前版本：%{1}","JIT 需要 PHP 8.0+，当前版本：%{1}"
"1. 确保 OPCache 已启用","1. 确保 OPCache 已启用"
"JIT 依赖 OPCache","JIT 依赖 OPCache"
"2. 配置 JIT","2. 配置 JIT"
"3. 重启服务器","3. 重启服务器"
"sockets 扩展已可用","sockets 扩展已可用"
"1. 启用扩展","1. 启用扩展"
"1. 安装扩展","1. 安装扩展"
已可用,已可用
"proc_open 函数已启用","proc_open 函数已启用"
"找到 disable_functions 行，删除 proc_open","找到 disable_functions 行，删除 proc_open"
"IPC 清场：已取消 Fiber 池统计请求","IPC 清场：已取消 Fiber 池统计请求"
"IPC 清场：已由更高优先级控制指令中断","IPC 清场：已由更高优先级控制指令中断"
服务器已就绪,服务器已就绪
"服务实例: %{1} 个已就绪","服务实例: %{1} 个已就绪"
使用说明：,使用说明：
"WLS 默认仅监听 127.0.0.1，仅本机可访问","WLS 默认仅监听 127.0.0.1，仅本机可访问"
"外网访问需用 Nginx/Caddy 等反向代理转发到","外网访问需用 Nginx/Caddy 等反向代理转发到"
"Nginx 示例：","Nginx 示例："
需直连外网时：,需直连外网时：
控制面正执行独占指令(%{1})，请稍后再试,控制面正执行独占指令(%{1})，请稍后再试
"已通知 %{1} 个 Dispatcher 清空封禁列表","已通知 %{1} 个 Dispatcher 清空封禁列表"
"已通知 %{1} 个 Dispatcher 解封 IP %{2}","已通知 %{1} 个 Dispatcher 解封 IP %{2}"
"未指定 ip 或 clear_all","未指定 ip 或 clear_all"
"已向 %{1} 个 Worker 下发 Fiber 池配置","已向 %{1} 个 Worker 下发 Fiber 池配置"
"已通知 %{1} 个 Worker 释放闲置 Fiber","已通知 %{1} 个 Worker 释放闲置 Fiber"
"已有 Fiber 统计请求进行中，请稍后再试","已有 Fiber 统计请求进行中，请稍后再试"
"无已连接 Worker","无已连接 Worker"
"已聚合 %{1} 个 Worker 的 Fiber 池统计","已聚合 %{1} 个 Worker 的 Fiber 池统计"
"Fiber 统计已超时，返回已收到的 %{1} 个 Worker 数据","Fiber 统计已超时，返回已收到的 %{1} 个 Worker 数据"
"维护 Worker #%{1} 启动失败","维护 Worker #%{1} 启动失败"
"维护 Worker 未在 %{1}s 内全部 READY（IPC）","维护 Worker 未在 %{1}s 内全部 READY（IPC）"
"维护切换超时或存量连接未排空，缺失 ACK: %{1}","维护切换超时或存量连接未排空，缺失 ACK: %{1}"
"维护模式已启用: 业务 Worker 排空确认 %{1} 个, 维护进程 %{2} 个","维护模式已启用: 业务 Worker 排空确认 %{1} 个, 维护进程 %{2} 个"
"当前为 Windows 且未安装 PHP event 扩展。申请证书后若要启用 HTTPS，需先安装 event 扩展，否则无法启动 HTTPS 服务。请先安装 event 后再申请证书。下载：%{1}","当前为 Windows 且未安装 PHP event 扩展。申请证书后若要启用 HTTPS，需先安装 event 扩展，否则无法启动 HTTPS 服务。请先安装 event 后再申请证书。下载：%{1}"
"[SslCertificateService] 泛域名 *.%{1} 已过期，子域 %{2} 不使用泛域证书","[SslCertificateService] 泛域名 *.%{1} 已过期，子域 %{2} 不使用泛域证书"
"[SslCertificateService] 子域名 %{1} 已被泛域名 *.%{2} 覆盖，直接写入泛域证书，跳过 ACME 申请","[SslCertificateService] 子域名 %{1} 已被泛域名 *.%{2} 覆盖，直接写入泛域证书，跳过 ACME 申请"
"子域名 %{1} 已被泛域名 *.%{2} 覆盖，直接使用泛域证书","子域名 %{1} 已被泛域名 *.%{2} 覆盖，直接使用泛域证书"
"HTTPS 已在此域名禁用","HTTPS 已在此域名禁用"
使用已有证书,使用已有证书
生成私钥失败,生成私钥失败
"生成 CSR 失败","生成 CSR 失败"
签发证书失败,签发证书失败
导出私钥失败,导出私钥失败
保存证书文件失败,保存证书文件失败
保存私钥文件失败,保存私钥文件失败
自签证书文件已生成，但写入证书管理失败，请检查日志并重试,自签证书文件已生成，但写入证书管理失败，请检查日志并重试
自签证书生成成功,自签证书生成成功
更新证书记录失败：%{1},更新证书记录失败：%{1}
证书签发事件调度失败：%{1},证书签发事件调度失败：%{1}
证书禁用事件调度失败：%{1},证书禁用事件调度失败：%{1}
证书删除事件调度失败：%{1},证书删除事件调度失败：%{1}
证书更新事件调度失败：%{1},证书更新事件调度失败：%{1}
请求域名列表失败：%{1},请求域名列表失败：%{1}
手动禁用,手动禁用
同步证书记录失败：%{1},同步证书记录失败：%{1}
"域名 %{1} 的证书文件丢失","域名 %{1} 的证书文件丢失"
证书路径：%{1}，到期时间：%{2}。请检查文件是否被删除，或重新申请证书。,证书路径：%{1}，到期时间：%{2}。请检查文件是否被删除，或重新申请证书。
证书文件丢失,证书文件丢失
"域名 %{1} 的证书已过期","域名 %{1} 的证书已过期"
"过期时间：%{1}。请续签证书以恢复 HTTPS 服务。","过期时间：%{1}。请续签证书以恢复 HTTPS 服务。"
证书已过期,证书已过期
"[SslCertificateService] 已从等价域 %{1} 的 PEM 恢复到 %{2}","[SslCertificateService] 已从等价域 %{1} 的 PEM 恢复到 %{2}"
"[SslCertificateService] 已从数据库恢复证书到磁盘：%{1}","[SslCertificateService] 已从数据库恢复证书到磁盘：%{1}"
"[SslCertificateService] 从数据库恢复证书失败：%{1} - %{2}","[SslCertificateService] 从数据库恢复证书失败：%{1} - %{2}"
证书源文件不存在且无法从证书管理恢复：%{1},证书源文件不存在且无法从证书管理恢复：%{1}
"同步证书失败 %{1}: %{2}","同步证书失败 %{1}: %{2}"
"子域名 %{1} 已被泛域名覆盖，跳过申请","子域名 %{1} 已被泛域名覆盖，跳过申请"
不支持的证书提供商：%{provider},不支持的证书提供商：%{provider}
"LiteSSL 暂不支持测试环境","LiteSSL 暂不支持测试环境"
"无法获取证书提供商的 ACME 目录","无法获取证书提供商的 ACME 目录"
无法创建账户密钥,无法创建账户密钥
已存在未过期证书，跳过申请,已存在未过期证书，跳过申请
证书存储位置：%{1},证书存储位置：%{1}
正在同步证书管理记录…,正在同步证书管理记录…
证书管理记录已同步，cert_id=%{1},证书管理记录已同步，cert_id=%{1}
已存在未过期证书，已跳过申请并更新记录,已存在未过期证书，已跳过申请并更新记录
证书已保存到：%{1},证书已保存到：%{1}
正在保存证书管理记录…,正在保存证书管理记录…
证书管理记录已保存，cert_id=%{1},证书管理记录已保存，cert_id=%{1}
证书申请成功,证书申请成功
证书内容不能为空,证书内容不能为空
私钥内容不能为空,私钥内容不能为空
"证书内容格式无效，请上传/粘贴 PEM 证书链","证书内容格式无效，请上传/粘贴 PEM 证书链"
"私钥内容格式无效，请上传/粘贴 PEM 私钥","私钥内容格式无效，请上传/粘贴 PEM 私钥"
写入证书文件失败,写入证书文件失败
写入私钥文件失败,写入私钥文件失败
写入中间证书文件失败,写入中间证书文件失败
证书文件已写入，但同步证书记录失败,证书文件已写入，但同步证书记录失败
证书导入成功,证书导入成功
证书导入失败：%{1},证书导入失败：%{1}
"[SslCertificateService] 泛域名 %{1} 续签后已同步 PEM 到 %{2} 个子域记录","[SslCertificateService] 泛域名 %{1} 续签后已同步 PEM 到 %{2} 个子域记录"
"使用 DNS-01 验证（将自动添加 TXT 记录）","使用 DNS-01 验证（将自动添加 TXT 记录）"
"使用 HTTP-01 验证","使用 HTTP-01 验证"
"正在获取 ACME 目录...","正在获取 ACME 目录..."
"无法获取 ACME 目录","无法获取 ACME 目录"
正在生成域名密钥...,正在生成域名密钥...
无法生成域名密钥,无法生成域名密钥
"正在注册/获取 ACME 账户...","正在注册/获取 ACME 账户..."
账户注册失败,账户注册失败
正在创建证书订单...,正在创建证书订单...
"CA 未返回订单地址","CA 未返回订单地址"
创建订单失败：%{1},创建订单失败：%{1}
正在获取授权信息...,正在获取授权信息...
获取授权失败,获取授权失败
获取授权详情失败,获取授权详情失败
域名验证失败：%{1},域名验证失败：%{1}
域名验证失败,域名验证失败
"（DNS 传播可能需要更长时间，请 2–5 分钟后重试）","（DNS 传播可能需要更长时间，请 2–5 分钟后重试）"
"（CA 无法解析该域名：公网 DNS 超时或未生效，请确认域名 A/AAAA 已正确解析到本机，或改用 DNS-01 验证）","（CA 无法解析该域名：公网 DNS 超时或未生效，请确认域名 A/AAAA 已正确解析到本机，或改用 DNS-01 验证）"
"正在生成 CSR...","正在生成 CSR..."
"正在提交 CSR 至 CA...","正在提交 CSR 至 CA..."
"提交 CSR 失败","提交 CSR 失败"
"等待 CA 颁发证书...","等待 CA 颁发证书..."
等待颁发中...（%{1}s）,等待颁发中...（%{1}s）
等待证书颁发超时,等待证书颁发超时
正在下载证书...,正在下载证书...
下载证书失败,下载证书失败
正在保存证书到本地...,正在保存证书到本地...
证书已写入：%{1},证书已写入：%{1}
证书申请流程已完成,证书申请流程已完成
"未找到 HTTP-01 挑战","未找到 HTTP-01 挑战"
"正在创建 HTTP-01 验证文件","正在创建 HTTP-01 验证文件"
创建验证文件失败,创建验证文件失败
"正在通知 CA 服务器进行验证","正在通知 CA 服务器进行验证"
"正在等待 CA 验证...","正在等待 CA 验证..."
"等待 CA 验证中… (%1秒)","等待 CA 验证中… (%1秒)"
正在清理验证文件,正在清理验证文件
"未找到 DNS-01 挑战","未找到 DNS-01 挑战"
获取账户指纹失败,获取账户指纹失败
"正在通过 DNS 供应商添加 TXT 记录...","正在通过 DNS 供应商添加 TXT 记录..."
"添加 TXT 记录失败：%{1}","添加 TXT 记录失败：%{1}"
"检查 TXT 记录是否在公网生效（最多 %{1} 秒）...","检查 TXT 记录是否在公网生效（最多 %{1} 秒）..."
"检查 TXT 生效中...（%{1}s）","检查 TXT 生效中...（%{1}s）"
"TXT 记录在公网未生效，可能未添加成功或 DNS 传播较慢（如 Gname）。请确认域名 NS 已指向当前 DNS 服务商后重试。","TXT 记录在公网未生效，可能未添加成功或 DNS 传播较慢（如 Gname）。请确认域名 NS 已指向当前 DNS 服务商后重试。"
"TXT 已生效，等待 %{1} 秒后通知 CA...","TXT 已生效，等待 %{1} 秒后通知 CA..."
"正在通知 CA 进行验证...","正在通知 CA 进行验证..."
"等待 CA 验证 DNS 记录（最多 %{1} 分钟）...","等待 CA 验证 DNS 记录（最多 %{1} 分钟）..."
"等待 CA 验证中...（%{1}s）","等待 CA 验证中...（%{1}s）"
"CA 验证完成，正在清理 TXT 记录...","CA 验证完成，正在清理 TXT 记录..."
"CA 验证未通过，正在清理临时 TXT 记录...","CA 验证未通过，正在清理临时 TXT 记录..."
"ACME HTTP 请求失败: url=%{1}, error=%{2}","ACME HTTP 请求失败: url=%{1}, error=%{2}"
"证书文件不存在，无法启用 HTTPS","证书文件不存在，无法启用 HTTPS"
证书已过期，请先续签,证书已过期，请先续签
用户手动禁用,用户手动禁用
"HTTPS 已启用","HTTPS 已启用"
"HTTPS 已禁用","HTTPS 已禁用"
"HTTPS 已禁用，服务器正在重启以使配置生效","HTTPS 已禁用，服务器正在重启以使配置生效"
"未找到域名 %{1} 的证书记录","未找到域名 %{1} 的证书记录"
证书管理中没有可重载的证书记录,证书管理中没有可重载的证书记录
存在空域名证书记录，已跳过,存在空域名证书记录，已跳过
"域名 %{1} 的证书管理记录缺少 PEM 内容，无法重载（使用 --clear 可清除并重置）","域名 %{1} 的证书管理记录缺少 PEM 内容，无法重载（使用 --clear 可清除并重置）"
"域名 %{1} 的证书文件恢复失败（使用 --clear 可清除并重置）","域名 %{1} 的证书文件恢复失败（使用 --clear 可清除并重置）"
"本地域名 %{1} 的证书受保护，跳过清除","本地域名 %{1} 的证书受保护，跳过清除"
"域名 %{1} 删除 DB 记录失败：%{2}","域名 %{1} 删除 DB 记录失败：%{2}"
"server:ssl:reload --clear 清理","server:ssl:reload --clear 清理"
"Linux/Mac SO_REUSEPORT 直连模式","Linux/Mac SO_REUSEPORT 直连模式"
"使用 %{1} 启动服务器","使用 %{1} 启动服务器"
"启动 Worker 失败","启动 Worker 失败"
"Worker 脚本不存在: %{1}","Worker 脚本不存在: %{1}"
"Worker #%{1} (%{2} 端口: %{3}) - 启动成功 (PID: %{4})","Worker #%{1} (%{2} 端口: %{3}) - 启动成功 (PID: %{4})"
"Worker #%{1} (端口: %{2}) - 启动失败","Worker #%{1} (端口: %{2}) - 启动失败"
"HTTP 重定向 Worker (端口: %{1}) - 启动成功","HTTP 重定向 Worker (端口: %{1}) - 启动成功"
"Master 进程启动成功 (PID: %{1})","Master 进程启动成功 (PID: %{1})"
"停止实例: %{1}","停止实例: %{1}"
"实例不存在: %{1}","实例不存在: %{1}"
"Master 进程已停止","Master 进程已停止"
"Worker 进程已停止 (%{1} 个)","Worker 进程已停止 (%{1} 个)"
"HTTP 重定向 Worker 已停止","HTTP 重定向 Worker 已停止"
"Worker 直接监听端口（SO_REUSEPORT），内核自动负载均衡，无需 Dispatcher 中间层","Worker 直接监听端口（SO_REUSEPORT），内核自动负载均衡，无需 Dispatcher 中间层"
没有可用的服务器启动策略,没有可用的服务器启动策略
无可用策略,无可用策略
"Windows Dispatcher TCP 透传模式","Windows Dispatcher TCP 透传模式"
"Dispatcher 启动失败","Dispatcher 启动失败"
"Dispatcher (端口: %{1}) - 启动成功 (PID: %{2})","Dispatcher (端口: %{1}) - 启动成功 (PID: %{2})"
"Dispatcher 进程已停止","Dispatcher 进程已停止"
"Dispatcher 监听主端口做 TCP 透传，Worker 各自处理 SSL，多核并行","Dispatcher 监听主端口做 TCP 透传，Worker 各自处理 SSL，多核并行"
定时器间隔必须大于0,定时器间隔必须大于0
"定时器需要 pcntl 扩展或事件循环支持","定时器需要 pcntl 扩展或事件循环支持"
放行健康检查（开发模式）,放行健康检查（开发模式）
加载中...,加载中...
正在加载优化指南...,正在加载优化指南...
加载失败,加载失败
重试,重试
"基于您当前的 PHP 环境自动生成的优化建议","基于您当前的 PHP 环境自动生成的优化建议"
生成时间,生成时间
本地访问,本地访问
"您的 PHP 环境","您的 PHP 环境"
"PHP 可执行文件","PHP 可执行文件"
"php.ini 配置文件","php.ini 配置文件"
线程安全模式,线程安全模式
"下载扩展时选择 TS 版本","下载扩展时选择 TS 版本"
"下载扩展时选择 NTS 版本","下载扩展时选择 NTS 版本"
优化概览,优化概览
待优化,待优化
未优化时：,未优化时：
优化后：,优化后：
此优化项已配置完成！,此优化项已配置完成！
完成后重启服务器,完成后重启服务器
完成以上优化后，需要重启服务器使配置生效：,完成以上优化后，需要重启服务器使配置生效：
复制命令,复制命令
验证优化结果,验证优化结果
重启后可以运行压力测试查看性能提升：,重启后可以运行压力测试查看性能提升：
安装步骤,安装步骤
文件位置：,文件位置：
添加内容：,添加内容：
复制,复制
执行命令：,执行命令：
选择您的系统：,选择您的系统：
打开下载页面,打开下载页面
已复制到剪贴板,已复制到剪贴板
正在加载服务器状态...,正在加载服务器状态...
"Session 全部字段","Session 全部字段"
关闭,关闭
字段,字段
类型,类型
值,值
"该 Session 暂无数据或已过期","该 Session 暂无数据或已过期"
当前页面已聚焦到内存服务管理，仅展示内存缓存相关管理能力。,当前页面已聚焦到内存服务管理，仅展示内存缓存相关管理能力。
"当前页面已聚焦到 Session 管理，仅展示会话相关管理能力。","当前页面已聚焦到 Session 管理，仅展示会话相关管理能力。"
返回实例管理,返回实例管理
服务器状态,服务器状态
刷新,刷新
实例总数,实例总数
优化项,优化项
"PHP 环境","PHP 环境"
线程安全,线程安全
服务器实例,服务器实例
启动新实例,启动新实例
暂无服务器实例,暂无服务器实例
运行,运行
启动服务器,启动服务器
实例名称,实例名称
监听地址,监听地址
端口范围,端口范围
"Worker 数","Worker 数"
操作,操作
重启,重启
停止,停止
启动,启动
性能优化,性能优化
可优化,可优化
已最优,已最优
查看安装指南,查看安装指南
已连接,已连接
不可用,不可用
共享状态管理,共享状态管理
"覆盖 Session 与 Memory Service 的状态、检索、清理能力","覆盖 Session 与 Memory Service 的状态、检索、清理能力"
"Session 数","Session 数"
客户端,客户端
内存,内存
刷新列表,刷新列表
立即持久化,立即持久化
"GC 清理","GC 清理"
"Session ID","Session ID"
字段数,字段数
预览,预览
"点击「查看详情」可查看该 Session 的全部字段信息","点击「查看详情」可查看该 Session 的全部字段信息"
"点击“刷新列表”加载 Session 数据","点击“刷新列表”加载 Session 数据"
内存缓存管理,内存缓存管理
命名空间,命名空间
刷新命名空间,刷新命名空间
键数量,键数量
示例键,示例键
点击“刷新命名空间”加载缓存目录,点击“刷新命名空间”加载缓存目录
键,键
预览值,预览值
点击命名空间的“查看键”按钮加载详情,点击命名空间的“查看键”按钮加载详情
"暂无 Session 数据","暂无 Session 数据"
查看全部字段,查看全部字段
查看详情,查看详情
销毁,销毁
加载失败：,加载失败：
项,项
"确认销毁该 Session 吗？此操作会让对应用户立即失效。","确认销毁该 Session 吗？此操作会让对应用户立即失效。"
"销毁 Session","销毁 Session"
确认销毁,确认销毁
取消,取消
操作失败,操作失败
销毁失败,销毁失败
"Session 持久化成功","Session 持久化成功"
"Session 垃圾回收","Session 垃圾回收"
"请输入最大存活秒数（默认 3600）","请输入最大存活秒数（默认 3600）"
"Session GC 执行成功","Session GC 执行成功"
"Session GC 执行失败","Session GC 执行失败"
暂无内存命名空间,暂无内存命名空间
暂无可展示键数据,暂无可展示键数据
查看键,查看键
清空,清空
该命名空间暂无键,该命名空间暂无键
删除键,删除键
敏感,敏感
元素,元素
确认清空该命名空间的所有缓存键吗？,确认清空该命名空间的所有缓存键吗？
清空命名空间,清空命名空间
确认清空,确认清空
命名空间已清空,命名空间已清空
清空失败,清空失败
删除失败,删除失败
内存服务持久化成功,内存服务持久化成功
内存服务垃圾回收,内存服务垃圾回收
"内存服务 GC 执行成功","内存服务 GC 执行成功"
"内存服务 GC 执行失败","内存服务 GC 执行失败"
正在启动...,正在启动...
启动成功,启动成功
启动失败,启动失败
正在停止...,正在停止...
停止成功,停止成功
停止失败,停止失败
正在重启...,正在重启...
重启成功,重启成功
重启失败,重启失败
正在热重载...,正在热重载...
热重载命令发送失败,热重载命令发送失败
热重载失败：请检查网络连接后重试。,热重载失败：请检查网络连接后重试。
确认执行该操作吗？此操作会影响流量接入状态。,确认执行该操作吗？此操作会影响流量接入状态。
确认,确认
成功,成功
失败,失败
失败：请检查网络连接后重试。,失败：请检查网络连接后重试。
"请输入 Worker 数量（留空将使用默认值）","请输入 Worker 数量（留空将使用默认值）"
例如：4,例如：4
正在启动新实例...,正在启动新实例...
启动命令已发送，请稍后刷新状态。,启动命令已发送，请稍后刷新状态。
启动失败：请检查网络连接后重试。,启动失败：请检查网络连接后重试。
"API 文档","API 文档"
概述,概述
"WLS (Weline Server) 提供了一系列内部 API 接口，用于健康检查、进程管理和调试。","WLS (Weline Server) 提供了一系列内部 API 接口，用于健康检查、进程管理和调试。"
安全提示,安全提示
"以下接口仅允许本地访问（127.0.0.1 或 ::1），外部访问会返回 403 错误。","以下接口仅允许本地访问（127.0.0.1 或 ::1），外部访问会返回 403 错误。"
响应示例,响应示例
使用示例,使用示例
"cURL 示例","cURL 示例"
详细状态,详细状态
触发热重载,触发热重载
"PHP 示例","PHP 示例"
"检查 WLS 是否运行","检查 WLS 是否运行"
总攻击次数,总攻击次数
已拦截,已拦截
攻击IP数,攻击IP数
CDN通知,CDN通知
攻击日志列表,攻击日志列表
"共 %{1} 条","共 %{1} 条"
全部实例,全部实例
暂无攻击记录,暂无攻击记录
时间,时间
IP,IP
URI,URI
严重程度,严重程度
未拦截,未拦截
"运行中 Workers","运行中 Workers"
总连接数,总连接数
总请求数,总请求数
攻击拦截,攻击拦截
进程状态,进程状态
管理,管理
主控进程,主控进程
"Dispatcher 进程","Dispatcher 进程"
分流器（Windows）,分流器（Windows）
"Worker 进程列表","Worker 进程列表"
"暂无 Worker 状态数据","暂无 Worker 状态数据"
"启动 WLS 服务器后将自动收集状态","启动 WLS 服务器后将自动收集状态"
端口,端口
连接,连接
请求,请求
进程明细（实时）,进程明细（实时）
"来自 Orchestrator + Worker Health","来自 Orchestrator + Worker Health"
角色,角色
实例,实例
PID,PID
运行时长,运行时长
连接/活跃,连接/活跃
Fiber,Fiber
总请求,总请求
心跳,心跳
等待状态刷新...,等待状态刷新...
进程状态记录（最近）,进程状态记录（最近）
"日志保留默认 7 天","日志保留默认 7 天"
进程ID,进程ID
活跃请求,活跃请求
最后错误,最后错误
"Master API 接口","Master API 接口"
完整文档,完整文档
接口,接口
方法,方法
路径,路径
说明,说明
攻击统计,攻击统计
近7天,近7天
详情,详情
"CDN 通知","CDN 通知"
按类型分布,按类型分布
按严重程度,按严重程度
"Top 攻击 IP","Top 攻击 IP"
流量与压测,流量与压测
"Host 分组流量（最近5分钟）","Host 分组流量（最近5分钟）"
Host,Host
平均延迟(ms),平均延迟(ms)
暂无流量数据,暂无流量数据
"压测目标 URL，例如 http://127.0.0.1:9981/_wls/health","压测目标 URL，例如 http://127.0.0.1:9981/_wls/health"
开始压测,开始压测
"输入参数：目标 URL / 并发 / 请求数","输入参数：目标 URL / 并发 / 请求数"
暂无压测结果,暂无压测结果
前往服务器管理执行重启/热重载,前往服务器管理执行重启/热重载
快速操作,快速操作
服务器管理,服务器管理
清理过期日志,清理过期日志
暂无进程明细数据,暂无进程明细数据
"展开 Fiber 列表","展开 Fiber 列表"
闲,闲
忙,忙
"无 Fiber","无 Fiber"
"连接 ID","连接 ID"
协议,协议
暂无状态日志,暂无状态日志
"请先输入压测目标 URL。","请先输入压测目标 URL。"
压测执行中，请稍候...,压测执行中，请稍候...
压测失败：请检查网络连接后重试。,压测失败：请检查网络连接后重试。
"确定要清理过期日志吗？状态日志保留 7 天，攻击日志保留 30 天。","确定要清理过期日志吗？状态日志保留 7 天，攻击日志保留 30 天。"
确认清理,确认清理
正在清理...,正在清理...
清理失败,清理失败
"WLS 安全规则可视化配置","WLS 安全规则可视化配置"
"类似 Cloudflare 规则面板：开关、阈值、列表可直接编辑，保存后自动下发运行中 WLS。","类似 Cloudflare 规则面板：开关、阈值、列表可直接编辑，保存后自动下发运行中 WLS。"
AttackDetector,AttackDetector
全局限流（rate_limit）,全局限流（rate_limit）
窗口(秒),窗口(秒)
最大请求数,最大请求数
封禁时长(秒),封禁时长(秒)
路径扫描（path_scan）,路径扫描（path_scan）
最大不同路径,最大不同路径
"SSL 握手失败（ssl_handshake_failure）","SSL 握手失败（ssl_handshake_failure）"
最大失败数,最大失败数
快速关闭阈值(秒),快速关闭阈值(秒)
路径级限流（path_rate_limits）,路径级限流（path_rate_limits）
新增路径规则,新增路径规则
路径前缀,路径前缀
最大请求,最大请求
封禁(秒),封禁(秒)
白名单（ip_whitelist）,白名单（ip_whitelist）
"新增 IP/CIDR","新增 IP/CIDR"
"CDN 信任 IP（cdn_trusted_ips）","CDN 信任 IP（cdn_trusted_ips）"
恶意特征（malicious_patterns）,恶意特征（malicious_patterns）
新增正则,新增正则
"恶意 UA（bad_user_agents）","恶意 UA（bad_user_agents）"
"新增 UA 正则","新增 UA 正则"
敏感路径（protected_paths）,敏感路径（protected_paths）
新增敏感路径,新增敏感路径
"规则 JSON 预览（只读）","规则 JSON 预览（只读）"
用于审查最终将提交的数据,用于审查最终将提交的数据
保存规则,保存规则
重载页面数据,重载页面数据
规则数据解析失败，已回退默认值：%{1},规则数据解析失败，已回退默认值：%{1}
删除,删除
保存失败,保存失败
请求失败：%{1},请求失败：%{1}
同步域名,同步域名
证书总数,证书总数
"HTTPS 启用","HTTPS 启用"
即将过期,即将过期
已选择,已选择
批量续签,批量续签
批量删除,批量删除
取消选择,取消选择
证书列表,证书列表
"点击""申请证书""开始为您的域名申请 SSL 证书","点击""申请证书""开始为您的域名申请 SSL 证书"
强制HTTPS,强制HTTPS
根域→www,根域→www
颁发机构,颁发机构
服务商,服务商
"剩余 %{1} 天","剩余 %{1} 天"
自签证书,自签证书
申请,申请
续签,续签
命令行操作,命令行操作
证书存储位置,证书存储位置
证书文件存储在：,证书文件存储在：
证书链,证书链
私钥,私钥
中间证书,中间证书
请确保域名已正确解析到本服务器,请确保域名已正确解析到本服务器
证书提供商,证书提供商
LiteSSL,LiteSSL
请重启服务器使配置生效,请重启服务器使配置生效
请重启或热重载服务器使策略生效,请重启或热重载服务器使策略生效
确定要为此域名申请证书吗？,确定要为此域名申请证书吗？
请输入联系邮箱,请输入联系邮箱
正在申请证书，请稍候...,正在申请证书，请稍候...
确定要续签此证书吗？,确定要续签此证书吗？
正在续签证书，请稍候...,正在续签证书，请稍候...
确定要删除此证书吗？此操作不可恢复！,确定要删除此证书吗？此操作不可恢复！
请输入联系邮箱（用于申请证书）,请输入联系邮箱（用于申请证书）
所选证书均为本地域名证书，不允许删除,所选证书均为本地域名证书，不允许删除
请先选择要删除的证书,请先选择要删除的证书
确定要删除选中的,确定要删除选中的
个证书吗？此操作不可恢复！,个证书吗？此操作不可恢复！
（本地域名证书将被自动跳过）,（本地域名证书将被自动跳过）
正在批量删除，请稍候...,正在批量删除，请稍候...
请先选择要续签的证书,请先选择要续签的证书
确定要批量续签选中的,确定要批量续签选中的
个证书吗？,个证书吗？
正在批量续签，请稍候...,正在批量续签，请稍候...
无效的监听地址：%{1},无效的监听地址：%{1}
"Windows 模式：单进程运行","Windows 模式：单进程运行"
"Weline Server 只能在 CLI 模式下运行","Weline Server 只能在 CLI 模式下运行"
"用法：php yourfile.php {start|stop|restart|reload|status}","用法：php yourfile.php {start|stop|restart|reload|status}"
"Fork 失败","Fork 失败"
"setsid 失败","setsid 失败"
"二次 Fork 失败","二次 Fork 失败"
"无法保存 PID 到 %{1}","无法保存 PID 到 %{1}"
高性能异步常驻内存服务器,高性能异步常驻内存服务器
守护进程模式运行，PID：%{1},守护进程模式运行，PID：%{1}
"警告：用户 %{1} 不存在","警告：用户 %{1} 不存在"
"警告：无法切换用户到 %{1}","警告：无法切换用户到 %{1}"
"onWorkerStart 错误：%{1}","onWorkerStart 错误：%{1}"
"无法创建 Socket：[%{1}] %{2}","无法创建 Socket：[%{1}] %{2}"
"onConnect 错误：%{1}","onConnect 错误：%{1}"
"Worker [%{1}] 退出，退出码：%{2}，正在重启...","Worker [%{1}] 退出，退出码：%{2}，正在重启..."
"onWorkerStop 错误：%{1}","onWorkerStop 错误：%{1}"
"正在停止所有 Worker...","正在停止所有 Worker..."
"Windows 不支持重载功能","Windows 不支持重载功能"
"Weline Server 未运行","Weline Server 未运行"
"Weline Server 正在运行，Master PID：%{1}","Weline Server 正在运行，Master PID：%{1}"
"Weline Server 已停止","Weline Server 已停止"
